Workbook

Sheet 歷年
A1: 兒童及少年保護-受虐/問題類型 Child and Youth Protection Cases - Type/Matter of Abused
A2: 單位：人 Unit : Person
A3: 年別 Year | B3: 兒童少年受虐/間題類型 (人數)By Types/Matters (Person)
B4: 總計 Total | E4: 遺棄 Abandon | I4: 身心不當對待Physical Emotional Abuse | Q4: 目睹家暴 Witnessing Domestic Violence | S4: 兒少物質濫用 | U4: 不當管教 Improper Discipline | W4: 其他 Others
E5: 棄嬰 Abandoned Infants | G5: 棄兒 Abandoned Children | I5: 身體不當對待 Physical Abuse | K5: 精神不當對待 Emotional Abuse | M5: 性不當對待 Sexual Abuse | O5: 疏忽 Neglect
B6: 合計 SubTotal | C6: 男 Male | D6: 女 Female | E6: 男 Male | F6: 女 Female | G6: 男 Male | H6: 女 Female | I6: 男 Male | J6: 女 Female | K6: 男 Male | L6: 女 Female | M6: 男 Male | N6: 女 Female | O6: 男 Male | P6: 女 Female | Q6: 男 Male | R6: 女 Female | S6: 男 Male | T6: 女 Female | U6: 男 Male | V6: 女 Female | W6: 男 Male | X6: 女 Female
A7: 108年, 2019 | B7: ='2019'!D8 -> 11113 | C7: ='2019'!E8 -> 4832 | D7: ='2019'!F8 -> 6281 | E7: ='2019'!G8 -> 8 | F7: ='2019'!H8 -> 8 | G7: ='2019'!I8 -> 8 | H7: ='2019'!J8 -> 4 | I7: ='2019'!K8 -> 429 | ... P7: ='2019'!R8 -> 480 | Q7: ='2019'!U8 -> 61 | R7: ='2019'!V8 -> 57 | S7: ='2019'!W8 -> 89 | T7: ='2019'!X8 -> 126 | U7: ='2019'!S8 -> 1879 | V7: ='2019'!T8 -> 1154 | W7: ='2019'!Y8 -> 1156 | X7: ='2019'!Z8 -> 1400
A8: 109年, 2020 | B8: ='2020'!D8 -> 12610 | C8: ='2020'!E8 -> 5475 | D8: ='2020'!F8 -> 7135 | E8: ='2020'!G8 -> 5 | F8: ='2020'!H8 -> 8 | G8: ='2020'!I8 -> 8 | H8: ='2020'!J8 -> 11 | I8: ='2020'!K8 -> 1841 | ... P8: ='2020'!R8 -> 588 | Q8: ='2020'!U8 -> 62 | R8: ='2020'!V8 -> 67 | S8: ='2020'!W8 -> 343 | T8: ='2020'!X8 -> 156 | U8: ='2020'!S8 -> 801 | V8: ='2020'!T8 -> 536 | W8: ='2020'!Y8 -> 1251 | X8: ='2020'!Z8 -> 2575
A9: 110年, 2021 | B9: ='2021'!D8 -> 11523 | C9: ='2021'!E8 -> 5108 | D9: ='2021'!F8 -> 6415 | E9: ='2021'!G8 -> 11 | F9: ='2021'!H8 -> 7 | G9: ='2021'!I8 -> 13 | H9: ='2021'!J8 -> 9 | I9: ='2021'!K8 -> 3032 | ... T9: ='2021'!V8 -> 111 | U9: — | V9: — | W9: — | X9: —
A10: 111年, 2022 | B10: ='2022'!D8 -> 11950 | C10: ='2022'!E8 -> 5281 | D10: ='2022'!F8 -> 6669 | E10: ='2022'!G8 -> 15 | F10: ='2022'!H8 -> 1 | G10: ='2022'!I8 -> 6 | H10: ='2022'!J8 -> 9 | I10: ='2022'!K8 -> 3199 | ... T10: ='2022'!V8 -> 73 | U10: — | V10: — | W10: — | X10: —
A11: 112年, 2023 | B11: ='2023'!D8 -> 12646 | C11: ='2023'!E8 -> 5649 | D11: ='2023'!F8 -> 6997 | E11: ='2023'!G8 -> 9 | F11: ='2023'!H8 -> 5 | G11: ='2023'!I8 -> 12 | H11: ='2023'!J8 -> 3 | I11: ='2023'!K8 -> 3756 | ... T11: ='2023'!V8 -> 33 | U11: — | V11: — | W11: ='2023'!Y8 -> 0 | X11: ='2023'!Z8 -> 0
A12: 113年, 2024 | B12: ='2024'!D8 -> 10810 | C12: ='2024'!E8 -> 4836 | D12: ='2024'!F8 -> 5974 | E12: ='2024'!G8 -> 5 | F12: ='2024'!H8 -> 6 | G12: ='2024'!I8 -> 10 | H12: ='2024'!J8 -> 4 | I12: ='2024'!K8 -> 3340 | ... X12: ='2024'!Z8 -> 0
A13: 上半年, Jan.-June | B13: 5771 | C13: 2521 | D13: 3250 | E13: 3 | F13: 5 | G13: 5 | H13: 3 | I13: 1804 | J13: 1242 | K13: 144 | L13: 144 | M13: 278 | N13: 1591 | O13: 273 | P13: 243 | Q13: 9 | R13: 11 | S13: 5 | T13: 11 | U13: — | V13: — | W13: — | X13: —
A14: 下半年, July-Dec. | B14: 5039 | C14: 2315 | D14: 2724 | E14: 2 | F14: 1 | G14: 5 | H14: 1 | I14: 1536 | J14: 1084 | K14: 110 | L14: 94 | M14: 307 | N14: 1291 | O14: 327 | P14: 233 | Q14: 28 | R14: 20 | S14: 0 | T14: 0 | U14: — | V14: — | W14: — | X14: —
A15: 114年, 2025 | B15: ='2025'!D8 -> 9898 | C15: ='2025'!E8 -> 4451 | D15: ='2025'!F8 -> 5447 | E15: ='2025'!G8 -> 6 | F15: ='2025'!H8 -> 4 | G15: ='2025'!I8 -> 9 | H15: ='2025'!J8 -> 1 | I15: ='2025'!K8 -> 3125 | ... X15: ='2025'!Z8 -> 0
A16: 上半年, Jan.-June | B16: ='Jan.-June, 2025'!D8 -> 5352 | C16: ='Jan.-June, 2025'!E8 -> 2421 | D16: ='Jan.-June, 2025'!F8 -> 2931 | E16: ='Jan.-June, 2025'!G8 -> 2 | F16: ='Jan.-June, 2025'!H8 -> 4 | G16: ='Jan.-June, 2025'!I8 -> 2 | H16: ='Jan.-June, 2025'!J8 -> 0 | I16: ='Jan.-June, 2025'!K8 -> 1714 | ... U16: ='Jan.-June, 2025'!W8 -> 0 | V16: — | W16: — | X16: —
A17: 下半年, July-Dec. | B17: ='July-Dec., 2025'!D8 -> 4546 | C17: ='July-Dec., 2025'!E8 -> 2030 | D17: ='July-Dec., 2025'!F8 -> 2516 | E17: ='July-Dec., 2025'!G8 -> 4 | F17: ='July-Dec., 2025'!H8 -> 0 | G17: ='July-Dec., 2025'!I8 -> 7 | H17: ='July-Dec., 2025'!J8 -> 1 | I17: ='July-Dec., 2025'!K8 -> 1411 | ... X17: ='July-Dec., 2025'!Z8 -> 0
A18: 資料來源：各直轄市、縣市政府。
A19: 說 明：1.106年及107年，係統計『家內』兒少保護案件，自108年起統計範圍包含家內及家外之兒少保護案件，其中「家內案件」係指因兒童及少年之父母、監護人、其他實際照顧兒童及少年之人或其他家庭成員， 未盡力禁止或故意，致兒少受到不當對待之案件；「家外案件」則指因兒少本人或照顧人以外之人故意，致兒少受到不當對待之案件。
A20: 附 註：1.自109年7月起刪除「不當管教」統計項目，轉至妥適項目統計。
A21: 2.自112年7月起「兒少物質濫用」移由少年輔導委員會及教育主管機關提供服務。
A22: Source: County and Government.
A23: 更新日期：2026/03/31
B24: =IF(B15=SUM(B16:B17),"","*") | C24: =IF(C15=SUM(C16:C17),"","*") | D24: =IF(D15=SUM(D16:D17),"","*") | E24: =IF(E15=SUM(E16:E17),"","*") | F24: =IF(F15=SUM(F16:F17),"","*") | G24: =IF(G15=SUM(G16:G17),"","*") | H24: =IF(H15=SUM(H16:H17),"","*") | I24: =IF(I15=SUM(I16:I17),"","*") | ... X24: =IF(X15=SUM(X16:X17),"","*")

Sheet 2025
A1: 兒童及少年保護-受虐/問題類型Child and Youth Protection Cases - Type/Matter of Abused
A2: 單位：人 Unit : Person
A3: 民國114年, 2025 | D3: =IF(D8=SUM(D11,D14,D17,D20,D23,D26,D29,D32,D35,D38,D41,D44,D47,D50,D53,D56,D59,D62,D65,D68,D71,D74,),"",SUM(D11,D14,D17,D20,D23,D26,D29,D32,D35,D38,D41,D44,D47,D50,D53,D56,D59,D62,D65,D68,D71,D74,)) | E3: =IF(E8=SUM(E11,E14,E17,E20,E23,E26,E29,E32,E35,E38,E41,E44,E47,E50,E53,E56,E59,E62,E65,E68,E71,E74,),"",SUM(E11,E14,E17,E20,E23,E26,E29,E32,E35,E38,E41,E44,E47,E50,E53,E56,E59,E62,E65,E68,E71,E74,)) | F3: =IF(F8=SUM(F11,F14,F17,F20,F23,F26,F29,F32,F35,F38,F41,F44,F47,F50,F53,F56,F59,F62,F65,F68,F71,F74,),"",SUM(F11,F14,F17,F20,F23,F26,F29,F32,F35,F38,F41,F44,F47,F50,F53,F56,F59,F62,F65,F68,F71,F74,)) | G3: =IF(G8=SUM(G11,G14,G17,G20,G23,G26,G29,G32,G35,G38,G41,G44,G47,G50,G53,G56,G59,G62,G65,G68,G71,G74,),"",SUM(G11,G14,G17,G20,G23,G26,G29,G32,G35,G38,G41,G44,G47,G50,G53,G56,G59,G62,G65,G68,G71,G74,)) | H3: =IF(H8=SUM(H11,H14,H17,H20,H23,H26,H29,H32,H35,H38,H41,H44,H47,H50,H53,H56,H59,H62,H65,H68,H71,H74,),"",SUM(H11,H14,H17,H20,H23,H26,H29,H32,H35,H38,H41,H44,H47,H50,H53,H56,H59,H62,H65,H68,H71,H74,)) | I3: =IF(I8=SUM(I11,I14,I17,I20,I23,I26,I29,I32,I35,I38,I41,I44,I47,I50,I53,I56,I59,I62,I65,I68,I71,I74,),"",SUM(I11,I14,I17,I20,I23,I26,I29,I32,I35,I38,I41,I44,I47,I50,I53,I56,I59,I62,I65,I68,I71,I74,)) | J3: =IF(J8=SUM(J11,J14,J17,J20,J23,J26,J29,J32,J35,J38,J41,J44,J47,J50,J53,J56,J59,J62,J65,J68,J71,J74,),"",SUM(J11,J14,J17,J20,J23,J26,J29,J32,J35,J38,J41,J44,J47,J50,J53,J56,J59,J62,J65,J68,J71,J74,)) | K3: =IF(K8=SUM(K11,K14,K17,K20,K23,K26,K29,K32,K35,K38,K41,K44,K47,K50,K53,K56,K59,K62,K65,K68,K71,K74,),"",SUM(K11,K14,K17,K20,K23,K26,K29,K32,K35,K38,K41,K44,K47,K50,K53,K56,K59,K62,K65,K68,K71,K74,)) | ... T3: =IF(T8=SUM(T11,T14,T17,T20,T23,T26,T29,T32,T35,T38,T41,T44,T47,T50,T53,T56,T59,T62,T65,T68,T71,T74,),"",SUM(T11,T14,T17,T20,T23,T26,T29,T32,T35,T38,T41,T44,T47,T50,T53,T56,T59,T62,T65,T68,T71,T74,))
A4: 區域及特殊族群別 Locality & Ethnos | D4: 兒童少年受虐/間題類型 (人數)By Types/Matters (Person)
D5: 總計 Total | G5: 遺棄 Abandon | K5: 身心不當對待Physical Emotional Abuse | S5: 目睹家暴 Witnessing Domestic Violence
G6: 棄嬰 Abandoned Infants | I6: 棄兒 Abandoned Children | K6: 身體不當對待 Physical Abuse | M6: 精神不當對待 Emotional Abuse | O6: 性不當對待 Sexual Abuse | Q6: 疏忽 Neglect
D7: 合計 SubTotal | E7: 男 Male | F7: 女 Female | G7: 男 Male | H7: 女 Female | I7: 男 Male | J7: 女 Female | K7: 男 Male | L7: 女 Female | M7: 男 Male | N7: 女 Female | O7: 男 Male | P7: 女 Female | Q7: 男 Male | R7: 女 Female | S7: 男 Male | T7: 女 Female
A8: 總計 | B8: 計 | C8: Total | D8: 9898 | E8: 4451 | F8: 5447 | G8: 6 | H8: 4 | I8: 9 | J8: 1 | K8: 3125 | L8: 2045 | M8: 209 | N8: 227 | O8: 452 | P8: 2657 | Q8: 620 | R8: 486 | S8: 30 | T8: 27
A9: Total | B9: 一般 | C9: General | D9: 8952 | E9: 4080 | F9: 4872 | G9: 6 | H9: 4 | I9: 8 | J9: 1 | K9: 2873 | L9: 1850 | M9: 192 | N9: 212 | O9: 410 | P9: 2355 | Q9: 561 | R9: 427 | S9: 30 | T9: 23
B10: 原住民 | C10: Indigenous | D10: 946 | E10: 371 | F10: 575 | G10: 0 | H10: 0 | I10: 1 | J10: 0 | K10: 252 | L10: 195 | M10: 17 | N10: 15 | O10: 42 | P10: 302 | Q10: 59 | R10: 59 | S10: 0 | T10: 4
A11: 新北市 | B11: 計 | C11: Total | D11: 2147 | E11: 951 | F11: 1196 | G11: 0 | H11: 0 | I11: 1 | J11: 0 | K11: 704 | L11: 480 | M11: 70 | N11: 66 | O11: 85 | P11: 593 | Q11: 81 | R11: 49 | S11: 10 | T11: 8
A12: New Taipei City | B12: 一般 | C12: General | D12: 2009 | E12: 902 | F12: 1107 | G12: 0 | H12: 0 | I12: 1 | J12: 0 | K12: 665 | L12: 431 | M12: 68 | N12: 57 | O12: 80 | P12: 567 | Q12: 78 | R12: 45 | S12: 10 | T12: 7
B13: 原住民 | C13: Indigenous | D13: 138 | E13: 49 | F13: 89 | G13: 0 | H13: 0 | I13: 0 | J13: 0 | K13: 39 | L13: 49 | M13: 2 | N13: 9 | O13: 5 | P13: 26 | Q13: 3 | R13: 4 | S13: 0 | T13: 1
A14: 臺北市 | B14: 計 | C14: Total | D14: 894 | E14: 424 | F14: 470 | G14: 1 | H14: 1 | I14: 0 | J14: 0 | K14: 279 | L14: 167 | M14: 11 | N14: 15 | O14: 54 | P14: 230 | Q14: 76 | R14: 53 | S14: 3 | T14: 4
A15: Taipei City | B15: 一般 | C15: General | D15: 874 | E15: 413 | F15: 461 | G15: 1 | H15: 1 | I15: 0 | J15: 0 | K15: 271 | L15: 165 | M15: 11 | N15: 15 | O15: 54 | P15: 225 | Q15: 73 | R15: 51 | S15: 3 | T15: 4
B16: 原住民 | C16: Indigenous | D16: 20 | E16: 11 | F16: 9 | G16: 0 | H16: 0 | I16: 0 | J16: 0 | K16: 8 | L16: 2 | M16: 0 | N16: 0 | O16: 0 | P16: 5 | Q16: 3 | R16: 2 | S16: 0 | T16: 0
A17: 桃園市 | B17: 計 | C17: Total | D17: 777 | E17: 353 | F17: 424 | G17: 1 | H17: 1 | I17: 0 | J17: 0 | K17: 305 | L17: 183 | M17: 1 | N17: 2 | O17: 24 | P17: 225 | Q17: 22 | R17: 13 | S17: 0 | T17: 0
A18: Taoyuan City | B18: 一般 | C18: General | D18: 645 | E18: 296 | F18: 349 | G18: 1 | H18: 1 | I18: 0 | J18: 0 | K18: 254 | L18: 152 | M18: 1 | N18: 2 | O18: 22 | P18: 185 | Q18: 18 | R18: 9 | S18: 0 | T18: 0
B19: 原住民 | C19: Indigenous | D19: 132 | E19: 57 | F19: 75 | G19: 0 | H19: 0 | I19: 0 | J19: 0 | K19: 51 | L19: 31 | M19: 0 | N19: 0 | O19: 2 | P19: 40 | Q19: 4 | R19: 4 | S19: 0 | T19: 0
A20: 臺中市 | B20: 計 | C20: Total | D20: 1327 | E20: 663 | F20: 664 | G20: 0 | H20: 0 | I20: 2 | J20: 0 | K20: 519 | L20: 304 | M20: 38 | N20: 30 | O20: 57 | P20: 292 | Q20: 45 | R20: 38 | S20: 2 | T20: 0
A21: Taichung City | B21: 一般 | C21: General | D21: 1250 | E21: 621 | F21: 629 | G21: 0 | H21: 0 | I21: 1 | J21: 0 | K21: 491 | L21: 289 | M21: 36 | N21: 29 | O21: 51 | P21: 277 | Q21: 40 | R21: 34 | S21: 2 | T21: 0
B22: 原住民 | C22: Indigenous | D22: 77 | E22: 42 | F22: 35 | G22: 0 | H22: 0 | I22: 1 | J22: 0 | K22: 28 | L22: 15 | M22: 2 | N22: 1 | O22: 6 | P22: 15 | Q22: 5 | R22: 4 | S22: 0 | T22: 0
A23: 臺南市 | B23: 計 | C23: Total | D23: 532 | E23: 263 | F23: 269 | G23: 0 | H23: 1 | I23: 1 | J23: 0 | K23: 156 | L23: 83 | M23: 8 | N23: 18 | O23: 26 | P23: 124 | Q23: 69 | R23: 42 | S23: 3 | T23: 1
A24: Tainan City | B24: 一般 | C24: General | D24: 510 | E24: 249 | F24: 261 | G24: 0 | H24: 1 | I24: 1 | J24: 0 | K24: 148 | L24: 80 | M24: 8 | N24: 18 | O24: 26 | P24: 119 | Q24: 63 | R24: 42 | S24: 3 | T24: 1
B25: 原住民 | C25: Indigenous | D25: 22 | E25: 14 | F25: 8 | G25: 0 | H25: 0 | I25: 0 | J25: 0 | K25: 8 | L25: 3 | M25: 0 | N25: 0 | O25: 0 | P25: 5 | Q25: 6 | R25: 0 | S25: 0 | T25: 0
A26: 高雄市 | B26: 計 | C26: Total | D26: 1283 | E26: 606 | F26: 677 | G26: 0 | H26: 0 | I26: 0 | J26: 0 | K26: 440 | L26: 289 | M26: 23 | N26: 27 | O26: 29 | P26: 281 | Q26: 110 | R26: 72 | S26: 4 | T26: 8
A27: Kaohsiung City | B27: 一般 | C27: General | D27: 1191 | E27: 569 | F27: 622 | G27: 0 | H27: 0 | I27: 0 | J27: 0 | K27: 411 | L27: 265 | M27: 22 | N27: 27 | O27: 28 | P27: 257 | Q27: 104 | R27: 65 | S27: 4 | T27: 8
B28: 原住民 | C28: Indigenous | D28: 92 | E28: 37 | F28: 55 | G28: 0 | H28: 0 | I28: 0 | J28: 0 | K28: 29 | L28: 24 | M28: 1 | N28: 0 | O28: 1 | P28: 24 | Q28: 6 | R28: 7 | S28: 0 | T28: 0
A29: 宜蘭縣 | B29: 計 | C29: Total | D29: 65 | E29: 10 | F29: 55 | G29: 0 | H29: 0 | I29: 0 | J29: 0 | K29: 6 | L29: 20 | M29: 0 | N29: 0 | O29: 2 | P29: 30 | Q29: 2 | R29: 5 | S29: 0 | T29: 0
A30: Yilan County | B30: 一般 | C30: General | D30: 61 | E30: 10 | F30: 51 | G30: 0 | H30: 0 | I30: 0 | J30: 0 | K30: 6 | L30: 20 | M30: 0 | N30: 0 | O30: 2 | P30: 26 | Q30: 2 | R30: 5 | S30: 0 | T30: 0
B31: 原住民 | C31: Indigenous | D31: 4 | E31: 0 | F31: 4 | G31: 0 | H31: 0 | I31: 0 | J31: 0 | K31: 0 | L31: 0 | M31: 0 | N31: 0 | O31: 0 | P31: 4 | Q31: 0 | R31: 0 | S31: 0 | T31: 0
A32: 新竹縣 | B32: 計 | C32: Total | D32: 362 | E32: 163 | F32: 199 | G32: 0 | H32: 0 | I32: 0 | J32: 0 | K32: 98 | L32: 76 | M32: 17 | N32: 21 | O32: 12 | P32: 66 | Q32: 35 | R32: 36 | S32: 1 | T32: 0
A33: Hsinchu County | B33: 一般 | C33: General | D33: 303 | E33: 142 | F33: 161 | G33: 0 | H33: 0 | I33: 0 | J33: 0 | K33: 88 | L33: 63 | M33: 15 | N33: 19 | O33: 11 | P33: 53 | Q33: 27 | R33: 26 | S33: 1 | T33: 0
B34: 原住民 | C34: Indigenous | D34: 59 | E34: 21 | F34: 38 | G34: 0 | H34: 0 | I34: 0 | J34: 0 | K34: 10 | L34: 13 | M34: 2 | N34: 2 | O34: 1 | P34: 13 | Q34: 8 | R34: 10 | S34: 0 | T34: 0
A35: 苗栗縣 | B35: 計 | C35: Total | D35: 182 | E35: 49 | F35: 133 | G35: 0 | H35: 0 | I35: 1 | J35: 0 | K35: 28 | L35: 35 | M35: 5 | N35: 7 | O35: 5 | P35: 78 | Q35: 10 | R35: 13 | S35: 0 | T35: 0
A36: Miaoli County | B36: 一般 | C36: General | D36: 163 | E36: 45 | F36: 118 | G36: 0 | H36: 0 | I36: 1 | J36: 0 | K36: 27 | L36: 32 | M36: 4 | N36: 6 | O36: 4 | P36: 68 | Q36: 9 | R36: 12 | S36: 0 | T36: 0
B37: 原住民 | C37: Indigenous | D37: 19 | E37: 4 | F37: 15 | G37: 0 | H37: 0 | I37: 0 | J37: 0 | K37: 1 | L37: 3 | M37: 1 | N37: 1 | O37: 1 | P37: 10 | Q37: 1 | R37: 1 | S37: 0 | T37: 0
A38: 彰化縣 | B38: 計 | C38: Total | D38: 373 | E38: 161 | F38: 212 | G38: 1 | H38: 1 | I38: 0 | J38: 0 | K38: 105 | L38: 65 | M38: 10 | N38: 13 | O38: 26 | P38: 112 | Q38: 17 | R38: 20 | S38: 2 | T38: 1
A39: Changhua County | B39: 一般 | C39: General | D39: 357 | E39: 156 | F39: 201 | G39: 1 | H39: 1 | I39: 0 | J39: 0 | K39: 102 | L39: 64 | M39: 9 | N39: 12 | O39: 25 | P39: 105 | Q39: 17 | R39: 18 | S39: 2 | T39: 1
B40: 原住民 | C40: Indigenous | D40: 16 | E40: 5 | F40: 11 | G40: 0 | H40: 0 | I40: 0 | J40: 0 | K40: 3 | L40: 1 | M40: 1 | N40: 1 | O40: 1 | P40: 7 | Q40: 0 | R40: 2 | S40: 0 | T40: 0
A41: 南投縣 | B41: 計 | C41: Total | D41: 195 | E41: 72 | F41: 123 | G41: 0 | H41: 0 | I41: 0 | J41: 0 | K41: 37 | L41: 49 | M41: 0 | N41: 2 | O41: 8 | P41: 52 | Q41: 26 | R41: 17 | S41: 1 | T41: 3
A42: Nantou County | B42: 一般 | C42: General | D42: 148 | E42: 59 | F42: 89 | G42: 0 | H42: 0 | I42: 0 | J42: 0 | K42: 33 | L42: 36 | M42: 0 | N42: 2 | O42: 5 | P42: 37 | Q42: 20 | R42: 13 | S42: 1 | T42: 1
B43: 原住民 | C43: Indigenous | D43: 47 | E43: 13 | F43: 34 | G43: 0 | H43: 0 | I43: 0 | J43: 0 | K43: 4 | L43: 13 | M43: 0 | N43: 0 | O43: 3 | P43: 15 | Q43: 6 | R43: 4 | S43: 0 | T43: 2
A44: 雲林縣 | B44: 計 | C44: Total | D44: 304 | E44: 124 | F44: 180 | G44: 0 | H44: 0 | I44: 0 | J44: 0 | K44: 72 | L44: 59 | M44: 4 | N44: 7 | O44: 18 | P44: 96 | Q44: 29 | R44: 18 | S44: 1 | T44: 0
A45: Yunlin County | B45: 一般 | C45: General | D45: 298 | E45: 123 | F45: 175 | G45: 0 | H45: 0 | I45: 0 | J45: 0 | K45: 71 | L45: 57 | M45: 4 | N45: 7 | O45: 18 | P45: 94 | Q45: 29 | R45: 17 | S45: 1 | T45: 0
B46: 原住民 | C46: Indigenous | D46: 6 | E46: 1 | F46: 5 | G46: 0 | H46: 0 | I46: 0 | J46: 0 | K46: 1 | L46: 2 | M46: 0 | N46: 0 | O46: 0 | P46: 2 | Q46: 0 | R46: 1 | S46: 0 | T46: 0
A47: 嘉義縣 | B47: 計 | C47: Total | D47: 178 | E47: 81 | F47: 97 | G47: 1 | H47: 0 | I47: 0 | J47: 0 | K47: 49 | L47: 30 | M47: 5 | N47: 7 | O47: 9 | P47: 46 | Q47: 17 | R47: 14 | S47: 0 | T47: 0
A48: Chiayi County | B48: 一般 | C48: General | D48: 169 | E48: 74 | F48: 95 | G48: 1 | H48: 0 | I48: 0 | J48: 0 | K48: 46 | L48: 30 | M48: 5 | N48: 7 | O48: 5 | P48: 44 | Q48: 17 | R48: 14 | S48: 0 | T48: 0
B49: 原住民 | C49: Indigenous | D49: 9 | E49: 7 | F49: 2 | G49: 0 | H49: 0 | I49: 0 | J49: 0 | K49: 3 | L49: 0 | M49: 0 | N49: 0 | O49: 4 | P49: 2 | Q49: 0 | R49: 0 | S49: 0 | T49: 0
A50: 屏東縣 | B50: 計 | C50: Total | D50: 355 | E50: 148 | F50: 207 | G50: 1 | H50: 0 | I50: 4 | J50: 0 | K50: 99 | L50: 72 | M50: 8 | N50: 5 | O50: 21 | P50: 115 | Q50: 13 | R50: 14 | S50: 2 | T50: 1
A51: Pingtung County | B51: 一般 | C51: General | D51: 299 | E51: 129 | F51: 170 | G51: 1 | H51: 0 | I51: 4 | J51: 0 | K51: 84 | L51: 65 | M51: 7 | N51: 5 | O51: 20 | P51: 85 | Q51: 11 | R51: 14 | S51: 2 | T51: 1
B52: 原住民 | C52: Indigenous | D52: 56 | E52: 19 | F52: 37 | G52: 0 | H52: 0 | I52: 0 | J52: 0 | K52: 15 | L52: 7 | M52: 1 | N52: 0 | O52: 1 | P52: 30 | Q52: 2 | R52: 0 | S52: 0 | T52: 0
A53: 臺東縣 | B53: 計 | C53: Total | D53: 76 | E53: 20 | F53: 56 | G53: 0 | H53: 0 | I53: 0 | J53: 0 | K53: 8 | L53: 8 | M53: 0 | N53: 0 | O53: 9 | P53: 48 | Q53: 2 | R53: 0 | S53: 1 | T53: 0
A54: Taitung County | B54: 一般 | C54: General | D54: 32 | E54: 11 | F54: 21 | G54: 0 | H54: 0 | I54: 0 | J54: 0 | K54: 3 | L54: 0 | M54: 0 | N54: 0 | O54: 5 | P54: 21 | Q54: 2 | R54: 0 | S54: 1 | T54: 0
B55: 原住民 | C55: Indigenous | D55: 44 | E55: 9 | F55: 35 | G55: 0 | H55: 0 | I55: 0 | J55: 0 | K55: 5 | L55: 8 | M55: 0 | N55: 0 | O55: 4 | P55: 27 | Q55: 0 | R55: 0 | S55: 0 | T55: 0
A56: 花蓮縣 | B56: 計 | C56: Total | D56: 285 | E56: 123 | F56: 162 | G56: 0 | H56: 0 | I56: 0 | J56: 1 | K56: 75 | L56: 37 | M56: 8 | N56: 1 | O56: 15 | P56: 93 | Q56: 25 | R56: 29 | S56: 0 | T56: 1
A57: Hualien County | B57: 一般 | C57: General | D57: 119 | E57: 51 | F57: 68 | G57: 0 | H57: 0 | I57: 0 | J57: 1 | K57: 34 | L57: 18 | M57: 1 | N57: 0 | O57: 4 | P57: 35 | Q57: 12 | R57: 14 | S57: 0 | T57: 0
B58: 原住民 | C58: Indigenous | D58: 166 | E58: 72 | F58: 94 | G58: 0 | H58: 0 | I58: 0 | J58: 0 | K58: 41 | L58: 19 | M58: 7 | N58: 1 | O58: 11 | P58: 58 | Q58: 13 | R58: 15 | S58: 0 | T58: 1
A59: 澎湖縣 | B59: 計 | C59: Total | D59: 17 | E59: 8 | F59: 9 | G59: 1 | H59: 0 | I59: 0 | J59: 0 | K59: 2 | L59: 2 | M59: 0 | N59: 0 | O59: 4 | P59: 7 | Q59: 1 | R59: 0 | S59: 0 | T59: 0
A60: Penghu County | B60: 一般 | C60: General | D60: 17 | E60: 8 | F60: 9 | G60: 1 | H60: 0 | I60: 0 | J60: 0 | K60: 2 | L60: 2 | M60: 0 | N60: 0 | O60: 4 | P60: 7 | Q60: 1 | R60: 0 | S60: 0 | T60: 0
B61: 原住民 | C61: Indigenous | D61: 0 | E61: 0 | F61: 0 | G61: 0 | H61: 0 | I61: 0 | J61: 0 | K61: 0 | L61: 0 | M61: 0 | N61: 0 | O61: 0 | P61: 0 | Q61: 0 | R61: 0 | S61: 0 | T61: 0
A62: 基隆市 | B62: 計 | C62: Total | D62: 208 | E62: 84 | F62: 124 | G62: 0 | H62: 0 | I62: 0 | J62: 0 | K62: 61 | L62: 38 | M62: 0 | N62: 4 | O62: 18 | P62: 76 | Q62: 5 | R62: 6 | S62: 0 | T62: 0
A63: Keelung City | B63: 一般 | C63: General | D63: 191 | E63: 78 | F63: 113 | G63: 0 | H63: 0 | I63: 0 | J63: 0 | K63: 57 | L63: 35 | M63: 0 | N63: 4 | O63: 17 | P63: 68 | Q63: 4 | R63: 6 | S63: 0 | T63: 0
B64: 原住民 | C64: Indigenous | D64: 17 | E64: 6 | F64: 11 | G64: 0 | H64: 0 | I64: 0 | J64: 0 | K64: 4 | L64: 3 | M64: 0 | N64: 0 | O64: 1 | P64: 8 | Q64: 1 | R64: 0 | S64: 0 | T64: 0
A65: 新竹市 | B65: 計 | C65: Total | D65: 175 | E65: 70 | F65: 105 | G65: 0 | H65: 0 | I65: 0 | J65: 0 | K65: 34 | L65: 27 | M65: 0 | N65: 1 | O65: 24 | P65: 62 | Q65: 12 | R65: 15 | S65: 0 | T65: 0
A66: Hsinchu City | B66: 一般 | C66: General | D66: 157 | E66: 66 | F66: 91 | G66: 0 | H66: 0 | I66: 0 | J66: 0 | K66: 32 | L66: 25 | M66: 0 | N66: 1 | O66: 23 | P66: 52 | Q66: 11 | R66: 13 | S66: 0 | T66: 0
B67: 原住民 | C67: Indigenous | D67: 18 | E67: 4 | F67: 14 | G67: 0 | H67: 0 | I67: 0 | J67: 0 | K67: 2 | L67: 2 | M67: 0 | N67: 0 | O67: 1 | P67: 10 | Q67: 1 | R67: 2 | S67: 0 | T67: 0
A68: 嘉義市 | B68: 計 | C68: Total | D68: 123 | E68: 55 | F68: 68 | G68: 0 | H68: 0 | I68: 0 | J68: 0 | K68: 32 | L68: 16 | M68: 0 | N68: 0 | O68: 6 | P68: 23 | Q68: 17 | R68: 29 | S68: 0 | T68: 0
A69: Chiayi City | B69: 一般 | C69: General | D69: 123 | E69: 55 | F69: 68 | G69: 0 | H69: 0 | I69: 0 | J69: 0 | K69: 32 | L69: 16 | M69: 0 | N69: 0 | O69: 6 | P69: 23 | Q69: 17 | R69: 29 | S69: 0 | T69: 0
B70: 原住民 | C70: Indigenous | D70: 0 | E70: 0 | F70: 0 | G70: 0 | H70: 0 | I70: 0 | J70: 0 | K70: 0 | L70: 0 | M70: 0 | N70: 0 | O70: 0 | P70: 0 | Q70: 0 | R70: 0 | S70: 0 | T70: 0
A71: 金門縣 | B71: 計 | C71: Total | D71: 36 | E71: 21 | F71: 15 | G71: 0 | H71: 0 | I71: 0 | J71: 0 | K71: 14 | L71: 5 | M71: 1 | N71: 0 | O71: 0 | P71: 7 | Q71: 6 | R71: 3 | S71: 0 | T71: 0
A72: Kinmen County | B72: 一般 | C72: General | D72: 32 | E72: 21 | F72: 11 | G72: 0 | H72: 0 | I72: 0 | J72: 0 | K72: 14 | L72: 5 | M72: 1 | N72: 0 | O72: 0 | P72: 6 | Q72: 6 | R72: 0 | S72: 0 | T72: 0
B73: 原住民 | C73: Indigenous | D73: 4 | E73: 0 | F73: 4 | G73: 0 | H73: 0 | I73: 0 | J73: 0 | K73: 0 | L73: 0 | M73: 0 | N73: 0 | O73: 0 | P73: 1 | Q73: 0 | R73: 3 | S73: 0 | T73: 0
A74: 連江縣 | B74: 計 | C74: Total | D74: 4 | E74: 2 | F74: 2 | G74: 0 | H74: 0 | I74: 0 | J74: 0 | K74: 2 | L74: 0 | M74: 0 | N74: 1 | O74: 0 | P74: 1 | Q74: 0 | R74: 0 | S74: 0 | T74: 0
A75: Lienchiang County | B75: 一般 | C75: General | D75: 4 | E75: 2 | F75: 2 | G75: 0 | H75: 0 | I75: 0 | J75: 0 | K75: 2 | L75: 0 | M75: 0 | N75: 1 | O75: 0 | P75: 1 | Q75: 0 | R75: 0 | S75: 0 | T75: 0
B76: 原住民 | C76: Indigenous | D76: 0 | E76: 0 | F76: 0 | G76: 0 | H76: 0 | I76: 0 | J76: 0 | K76: 0 | L76: 0 | M76: 0 | N76: 0 | O76: 0 | P76: 0 | Q76: 0 | R76: 0 | S76: 0 | T76: 0
A77: 資料來源：各直轄市、縣市政府。
A78: Source: County and Government.
A79: 更新日期：2026/03/31

Sheet July-Dec., 2025
A1: 兒童及少年保護-受虐/問題類型Child and Youth Protection Cases - Type/Matter of Abused
A2: 單位：人 Unit : Person
A3: 民國114年7-12月 July-Dec., 2025 | D3: =IF(D8=SUM(D11,D14,D17,D20,D23,D26,D29,D32,D35,D38,D41,D44,D47,D50,D53,D56,D59,D62,D65,D68,D71,D74,),"",SUM(D11,D14,D17,D20,D23,D26,D29,D32,D35,D38,D41,D44,D47,D50,D53,D56,D59,D62,D65,D68,D71,D74,)) | E3: =IF(E8=SUM(E11,E14,E17,E20,E23,E26,E29,E32,E35,E38,E41,E44,E47,E50,E53,E56,E59,E62,E65,E68,E71,E74,),"",SUM(E11,E14,E17,E20,E23,E26,E29,E32,E35,E38,E41,E44,E47,E50,E53,E56,E59,E62,E65,E68,E71,E74,)) | F3: =IF(F8=SUM(F11,F14,F17,F20,F23,F26,F29,F32,F35,F38,F41,F44,F47,F50,F53,F56,F59,F62,F65,F68,F71,F74,),"",SUM(F11,F14,F17,F20,F23,F26,F29,F32,F35,F38,F41,F44,F47,F50,F53,F56,F59,F62,F65,F68,F71,F74,)) | G3: =IF(G8=SUM(G11,G14,G17,G20,G23,G26,G29,G32,G35,G38,G41,G44,G47,G50,G53,G56,G59,G62,G65,G68,G71,G74,),"",SUM(G11,G14,G17,G20,G23,G26,G29,G32,G35,G38,G41,G44,G47,G50,G53,G56,G59,G62,G65,G68,G71,G74,)) | H3: =IF(H8=SUM(H11,H14,H17,H20,H23,H26,H29,H32,H35,H38,H41,H44,H47,H50,H53,H56,H59,H62,H65,H68,H71,H74,),"",SUM(H11,H14,H17,H20,H23,H26,H29,H32,H35,H38,H41,H44,H47,H50,H53,H56,H59,H62,H65,H68,H71,H74,)) | I3: =IF(I8=SUM(I11,I14,I17,I20,I23,I26,I29,I32,I35,I38,I41,I44,I47,I50,I53,I56,I59,I62,I65,I68,I71,I74,),"",SUM(I11,I14,I17,I20,I23,I26,I29,I32,I35,I38,I41,I44,I47,I50,I53,I56,I59,I62,I65,I68,I71,I74,)) | J3: =IF(J8=SUM(J11,J14,J17,J20,J23,J26,J29,J32,J35,J38,J41,J44,J47,J50,J53,J56,J59,J62,J65,J68,J71,J74,),"",SUM(J11,J14,J17,J20,J23,J26,J29,J32,J35,J38,J41,J44,J47,J50,J53,J56,J59,J62,J65,J68,J71,J74,)) | K3: =IF(K8=SUM(K11,K14,K17,K20,K23,K26,K29,K32,K35,K38,K41,K44,K47,K50,K53,K56,K59,K62,K65,K68,K71,K74,),"",SUM(K11,K14,K17,K20,K23,K26,K29,K32,K35,K38,K41,K44,K47,K50,K53,K56,K59,K62,K65,K68,K71,K74,)) | ... T3: =IF(T8=SUM(T11,T14,T17,T20,T23,T26,T29,T32,T35,T38,T41,T44,T47,T50,T53,T56,T59,T62,T65,T68,T71,T74,),"",SUM(T11,T14,T17,T20,T23,T26,T29,T32,T35,T38,T41,T44,T47,T50,T53,T56,T59,T62,T65,T68,T71,T74,))
A4: 區域及特殊族群別 Locality & Ethnos | D4: 兒童少年受虐/間題類型 (人數)By Types/Matters (Person)
D5: 總計 Total | G5: 遺棄 Abandon | K5: 身心不當對待Physical Emotional Abuse | S5: 目睹家暴 Witnessing Domestic Violence
G6: 棄嬰 Abandoned Infants | I6: 棄兒 Abandoned Children | K6: 身體不當對待 Physical Abuse | M6: 精神不當對待 Emotional Abuse | O6: 性不當對待 Sexual Abuse | Q6: 疏忽 Neglect
D7: 合計 SubTotal | E7: 男 Male | F7: 女 Female | G7: 男 Male | H7: 女 Female | I7: 男 Male | J7: 女 Female | K7: 男 Male | L7: 女 Female | M7: 男 Male | N7: 女 Female | O7: 男 Male | P7: 女 Female | Q7: 男 Male | R7: 女 Female | S7: 男 Male | T7: 女 Female
A8: 總計 | B8: 計 | C8: Total | D8: 4546 | E8: 2030 | F8: 2516 | G8: 4 | H8: 0 | I8: 7 | J8: 1 | K8: 1411 | L8: 933 | M8: 113 | N8: 120 | O8: 178 | P8: 1203 | Q8: 303 | R8: 249 | S8: 14 | T8: 10
A9: Total | B9: 一般 | C9: General | D9: 4085 | E9: 1858 | F9: 2227 | G9: 4 | H9: 0 | I9: 6 | J9: 1 | K9: 1294 | L9: 826 | M9: 103 | N9: 111 | O9: 159 | P9: 1064 | Q9: 278 | R9: 216 | S9: 14 | T9: 9
B10: 原住民 | C10: Indigenous | D10: 461 | E10: 172 | F10: 289 | G10: 0 | H10: 0 | I10: 1 | J10: 0 | K10: 117 | L10: 107 | M10: 10 | N10: 9 | O10: 19 | P10: 139 | Q10: 25 | R10: 33 | S10: 0 | T10: 1
A11: 新北市 | B11: 計 | C11: Total | D11: 996 | E11: 451 | F11: 545 | G11: 0 | H11: 0 | I11: 0 | J11: 0 | K11: 336 | L11: 210 | M11: 36 | N11: 34 | O11: 34 | P11: 273 | Q11: 41 | R11: 24 | S11: 4 | T11: 4
A12: New Taipei City | B12: 一般 | C12: General | D12: 914 | E12: 422 | F12: 492 | G12: 0 | H12: 0 | I12: 0 | J12: 0 | K12: 312 | L12: 182 | M12: 35 | N12: 28 | O12: 32 | P12: 258 | Q12: 39 | R12: 21 | S12: 4 | T12: 3
B13: 原住民 | C13: Indigenous | D13: 82 | E13: 29 | F13: 53 | G13: 0 | H13: 0 | I13: 0 | J13: 0 | K13: 24 | L13: 28 | M13: 1 | N13: 6 | O13: 2 | P13: 15 | Q13: 2 | R13: 3 | S13: 0 | T13: 1
A14: 臺北市 | B14: 計 | C14: Total | D14: 375 | E14: 161 | F14: 214 | G14: 1 | H14: 0 | I14: 0 | J14: 0 | K14: 102 | L14: 62 | M14: 7 | N14: 7 | O14: 17 | P14: 111 | Q14: 33 | R14: 33 | S14: 1 | T14: 1
A15: Taipei City | B15: 一般 | C15: General | D15: 364 | E15: 155 | F15: 209 | G15: 1 | H15: 0 | I15: 0 | J15: 0 | K15: 98 | L15: 61 | M15: 7 | N15: 7 | O15: 17 | P15: 108 | Q15: 31 | R15: 32 | S15: 1 | T15: 1
B16: 原住民 | C16: Indigenous | D16: 11 | E16: 6 | F16: 5 | G16: 0 | H16: 0 | I16: 0 | J16: 0 | K16: 4 | L16: 1 | M16: 0 | N16: 0 | O16: 0 | P16: 3 | Q16: 2 | R16: 1 | S16: 0 | T16: 0
A17: 桃園市 | B17: 計 | C17: Total | D17: 353 | E17: 153 | F17: 200 | G17: 1 | H17: 0 | I17: 0 | J17: 0 | K17: 141 | L17: 82 | M17: 0 | N17: 2 | O17: 6 | P17: 111 | Q17: 5 | R17: 5 | S17: 0 | T17: 0
A18: Taoyuan City | B18: 一般 | C18: General | D18: 282 | E18: 124 | F18: 158 | G18: 1 | H18: 0 | I18: 0 | J18: 0 | K18: 112 | L18: 63 | M18: 0 | N18: 2 | O18: 6 | P18: 91 | Q18: 5 | R18: 2 | S18: 0 | T18: 0
B19: 原住民 | C19: Indigenous | D19: 71 | E19: 29 | F19: 42 | G19: 0 | H19: 0 | I19: 0 | J19: 0 | K19: 29 | L19: 19 | M19: 0 | N19: 0 | O19: 0 | P19: 20 | Q19: 0 | R19: 3 | S19: 0 | T19: 0
A20: 臺中市 | B20: 計 | C20: Total | D20: 618 | E20: 305 | F20: 313 | G20: 0 | H20: 0 | I20: 2 | J20: 0 | K20: 230 | L20: 141 | M20: 23 | N20: 23 | O20: 23 | P20: 127 | Q20: 26 | R20: 22 | S20: 1 | T20: 0
A21: Taichung City | B21: 一般 | C21: General | D21: 592 | E21: 291 | F21: 301 | G21: 0 | H21: 0 | I21: 1 | J21: 0 | K21: 219 | L21: 135 | M21: 22 | N21: 23 | O21: 22 | P21: 122 | Q21: 26 | R21: 21 | S21: 1 | T21: 0
B22: 原住民 | C22: Indigenous | D22: 26 | E22: 14 | F22: 12 | G22: 0 | H22: 0 | I22: 1 | J22: 0 | K22: 11 | L22: 6 | M22: 1 | N22: 0 | O22: 1 | P22: 5 | Q22: 0 | R22: 1 | S22: 0 | T22: 0
A23: 臺南市 | B23: 計 | C23: Total | D23: 213 | E23: 99 | F23: 114 | G23: 0 | H23: 0 | I23: 0 | J23: 0 | K23: 59 | L23: 36 | M23: 2 | N23: 3 | O23: 10 | P23: 58 | Q23: 26 | R23: 16 | S23: 2 | T23: 1
A24: Tainan City | B24: 一般 | C24: General | D24: 206 | E24: 96 | F24: 110 | G24: 0 | H24: 0 | I24: 0 | J24: 0 | K24: 56 | L24: 35 | M24: 2 | N24: 3 | O24: 10 | P24: 55 | Q24: 26 | R24: 16 | S24: 2 | T24: 1
B25: 原住民 | C25: Indigenous | D25: 7 | E25: 3 | F25: 4 | G25: 0 | H25: 0 | I25: 0 | J25: 0 | K25: 3 | L25: 1 | M25: 0 | N25: 0 | O25: 0 | P25: 3 | Q25: 0 | R25: 0 | S25: 0 | T25: 0
A26: 高雄市 | B26: 計 | C26: Total | D26: 601 | E26: 290 | F26: 311 | G26: 0 | H26: 0 | I26: 0 | J26: 0 | K26: 210 | L26: 145 | M26: 10 | N26: 16 | O26: 14 | P26: 107 | Q26: 54 | R26: 40 | S26: 2 | T26: 3
A27: Kaohsiung City | B27: 一般 | C27: General | D27: 555 | E27: 272 | F27: 283 | G27: 0 | H27: 0 | I27: 0 | J27: 0 | K27: 197 | L27: 130 | M27: 10 | N27: 16 | O27: 13 | P27: 98 | Q27: 50 | R27: 36 | S27: 2 | T27: 3
B28: 原住民 | C28: Indigenous | D28: 46 | E28: 18 | F28: 28 | G28: 0 | H28: 0 | I28: 0 | J28: 0 | K28: 13 | L28: 15 | M28: 0 | N28: 0 | O28: 1 | P28: 9 | Q28: 4 | R28: 4 | S28: 0 | T28: 0
A29: 宜蘭縣 | B29: 計 | C29: Total | D29: 30 | E29: 3 | F29: 27 | G29: 0 | H29: 0 | I29: 0 | J29: 0 | K29: 0 | L29: 10 | M29: 0 | N29: 0 | O29: 1 | P29: 13 | Q29: 2 | R29: 4 | S29: 0 | T29: 0
A30: Yilan County | B30: 一般 | C30: General | D30: 28 | E30: 3 | F30: 25 | G30: 0 | H30: 0 | I30: 0 | J30: 0 | K30: 0 | L30: 10 | M30: 0 | N30: 0 | O30: 1 | P30: 11 | Q30: 2 | R30: 4 | S30: 0 | T30: 0
B31: 原住民 | C31: Indigenous | D31: 2 | E31: 0 | F31: 2 | G31: 0 | H31: 0 | I31: 0 | J31: 0 | K31: 0 | L31: 0 | M31: 0 | N31: 0 | O31: 0 | P31: 2 | Q31: 0 | R31: 0 | S31: 0 | T31: 0
A32: 新竹縣 | B32: 計 | C32: Total | D32: 178 | E32: 83 | F32: 95 | G32: 0 | H32: 0 | I32: 0 | J32: 0 | K32: 47 | L32: 35 | M32: 9 | N32: 10 | O32: 8 | P32: 33 | Q32: 19 | R32: 17 | S32: 0 | T32: 0
A33: Hsinchu County | B33: 一般 | C33: General | D33: 155 | E33: 71 | F33: 84 | G33: 0 | H33: 0 | I33: 0 | J33: 0 | K33: 42 | L33: 32 | M33: 8 | N33: 9 | O33: 7 | P33: 29 | Q33: 14 | R33: 14 | S33: 0 | T33: 0
B34: 原住民 | C34: Indigenous | D34: 23 | E34: 12 | F34: 11 | G34: 0 | H34: 0 | I34: 0 | J34: 0 | K34: 5 | L34: 3 | M34: 1 | N34: 1 | O34: 1 | P34: 4 | Q34: 5 | R34: 3 | S34: 0 | T34: 0
A35: 苗栗縣 | B35: 計 | C35: Total | D35: 91 | E35: 26 | F35: 65 | G35: 0 | H35: 0 | I35: 1 | J35: 0 | K35: 15 | L35: 22 | M35: 3 | N35: 4 | O35: 2 | P35: 34 | Q35: 5 | R35: 5 | S35: 0 | T35: 0
A36: Miaoli County | B36: 一般 | C36: General | D36: 83 | E36: 24 | F36: 59 | G36: 0 | H36: 0 | I36: 1 | J36: 0 | K36: 15 | L36: 21 | M36: 2 | N36: 3 | O36: 2 | P36: 31 | Q36: 4 | R36: 4 | S36: 0 | T36: 0
B37: 原住民 | C37: Indigenous | D37: 8 | E37: 2 | F37: 6 | G37: 0 | H37: 0 | I37: 0 | J37: 0 | K37: 0 | L37: 1 | M37: 1 | N37: 1 | O37: 0 | P37: 3 | Q37: 1 | R37: 1 | S37: 0 | T37: 0
A38: 彰化縣 | B38: 計 | C38: Total | D38: 150 | E38: 61 | F38: 89 | G38: 0 | H38: 0 | I38: 0 | J38: 0 | K38: 38 | L38: 30 | M38: 3 | N38: 3 | O38: 9 | P38: 45 | Q38: 11 | R38: 11 | S38: 0 | T38: 0
A39: Changhua County | B39: 一般 | C39: General | D39: 140 | E39: 57 | F39: 83 | G39: 0 | H39: 0 | I39: 0 | J39: 0 | K39: 36 | L39: 30 | M39: 2 | N39: 3 | O39: 8 | P39: 40 | Q39: 11 | R39: 10 | S39: 0 | T39: 0
B40: 原住民 | C40: Indigenous | D40: 10 | E40: 4 | F40: 6 | G40: 0 | H40: 0 | I40: 0 | J40: 0 | K40: 2 | L40: 0 | M40: 1 | N40: 0 | O40: 1 | P40: 5 | Q40: 0 | R40: 1 | S40: 0 | T40: 0
A41: 南投縣 | B41: 計 | C41: Total | D41: 83 | E41: 30 | F41: 53 | G41: 0 | H41: 0 | I41: 0 | J41: 0 | K41: 15 | L41: 20 | M41: 0 | N41: 0 | O41: 4 | P41: 25 | Q41: 10 | R41: 7 | S41: 1 | T41: 1
A42: Nantou County | B42: 一般 | C42: General | D42: 62 | E42: 24 | F42: 38 | G42: 0 | H42: 0 | I42: 0 | J42: 0 | K42: 13 | L42: 12 | M42: 0 | N42: 0 | O42: 2 | P42: 20 | Q42: 8 | R42: 5 | S42: 1 | T42: 1
B43: 原住民 | C43: Indigenous | D43: 21 | E43: 6 | F43: 15 | G43: 0 | H43: 0 | I43: 0 | J43: 0 | K43: 2 | L43: 8 | M43: 0 | N43: 0 | O43: 2 | P43: 5 | Q43: 2 | R43: 2 | S43: 0 | T43: 0
A44: 雲林縣 | B44: 計 | C44: Total | D44: 159 | E44: 68 | F44: 91 | G44: 0 | H44: 0 | I44: 0 | J44: 0 | K44: 40 | L44: 30 | M44: 2 | N44: 5 | O44: 6 | P44: 47 | Q44: 19 | R44: 9 | S44: 1 | T44: 0
A45: Yunlin County | B45: 一般 | C45: General | D45: 157 | E45: 68 | F45: 89 | G45: 0 | H45: 0 | I45: 0 | J45: 0 | K45: 40 | L45: 29 | M45: 2 | N45: 5 | O45: 6 | P45: 47 | Q45: 19 | R45: 8 | S45: 1 | T45: 0
B46: 原住民 | C46: Indigenous | D46: 2 | E46: 0 | F46: 2 | G46: 0 | H46: 0 | I46: 0 | J46: 0 | K46: 0 | L46: 1 | M46: 0 | N46: 0 | O46: 0 | P46: 0 | Q46: 0 | R46: 1 | S46: 0 | T46: 0
A47: 嘉義縣 | B47: 計 | C47: Total | D47: 88 | E47: 44 | F47: 44 | G47: 0 | H47: 0 | I47: 0 | J47: 0 | K47: 29 | L47: 7 | M47: 5 | N47: 6 | O47: 3 | P47: 23 | Q47: 7 | R47: 8 | S47: 0 | T47: 0
A48: Chiayi County | B48: 一般 | C48: General | D48: 83 | E48: 41 | F48: 42 | G48: 0 | H48: 0 | I48: 0 | J48: 0 | K48: 28 | L48: 7 | M48: 5 | N48: 6 | O48: 1 | P48: 21 | Q48: 7 | R48: 8 | S48: 0 | T48: 0
B49: 原住民 | C49: Indigenous | D49: 5 | E49: 3 | F49: 2 | G49: 0 | H49: 0 | I49: 0 | J49: 0 | K49: 1 | L49: 0 | M49: 0 | N49: 0 | O49: 2 | P49: 2 | Q49: 0 | R49: 0 | S49: 0 | T49: 0
A50: 屏東縣 | B50: 計 | C50: Total | D50: 176 | E50: 90 | F50: 86 | G50: 1 | H50: 0 | I50: 4 | J50: 0 | K50: 62 | L50: 34 | M50: 7 | N50: 5 | O50: 8 | P50: 41 | Q50: 7 | R50: 6 | S50: 1 | T50: 0
A51: Pingtung County | B51: 一般 | C51: General | D51: 155 | E51: 80 | F51: 75 | G51: 1 | H51: 0 | I51: 4 | J51: 0 | K51: 55 | L51: 30 | M51: 6 | N51: 5 | O51: 8 | P51: 34 | Q51: 5 | R51: 6 | S51: 1 | T51: 0
B52: 原住民 | C52: Indigenous | D52: 21 | E52: 10 | F52: 11 | G52: 0 | H52: 0 | I52: 0 | J52: 0 | K52: 7 | L52: 4 | M52: 1 | N52: 0 | O52: 0 | P52: 7 | Q52: 2 | R52: 0 | S52: 0 | T52: 0
A53: 臺東縣 | B53: 計 | C53: Total | D53: 42 | E53: 12 | F53: 30 | G53: 0 | H53: 0 | I53: 0 | J53: 0 | K53: 4 | L53: 4 | M53: 0 | N53: 0 | O53: 5 | P53: 26 | Q53: 2 | R53: 0 | S53: 1 | T53: 0
A54: Taitung County | B54: 一般 | C54: General | D54: 19 | E54: 8 | F54: 11 | G54: 0 | H54: 0 | I54: 0 | J54: 0 | K54: 3 | L54: 0 | M54: 0 | N54: 0 | O54: 2 | P54: 11 | Q54: 2 | R54: 0 | S54: 1 | T54: 0
B55: 原住民 | C55: Indigenous | D55: 23 | E55: 4 | F55: 19 | G55: 0 | H55: 0 | I55: 0 | J55: 0 | K55: 1 | L55: 4 | M55: 0 | N55: 0 | O55: 3 | P55: 15 | Q55: 0 | R55: 0 | S55: 0 | T55: 0
A56: 花蓮縣 | B56: 計 | C56: Total | D56: 135 | E56: 49 | F56: 86 | G56: 0 | H56: 0 | I56: 0 | J56: 1 | K56: 29 | L56: 24 | M56: 5 | N56: 1 | O56: 6 | P56: 48 | Q56: 9 | R56: 12 | S56: 0 | T56: 0
A57: Hualien County | B57: 一般 | C57: General | D57: 50 | E57: 21 | F57: 29 | G57: 0 | H57: 0 | I57: 0 | J57: 1 | K57: 16 | L57: 10 | M57: 1 | N57: 0 | O57: 1 | P57: 15 | Q57: 3 | R57: 3 | S57: 0 | T57: 0
B58: 原住民 | C58: Indigenous | D58: 85 | E58: 28 | F58: 57 | G58: 0 | H58: 0 | I58: 0 | J58: 0 | K58: 13 | L58: 14 | M58: 4 | N58: 1 | O58: 5 | P58: 33 | Q58: 6 | R58: 9 | S58: 0 | T58: 0
A59: 澎湖縣 | B59: 計 | C59: Total | D59: 7 | E59: 4 | F59: 3 | G59: 1 | H59: 0 | I59: 0 | J59: 0 | K59: 1 | L59: 0 | M59: 0 | N59: 0 | O59: 2 | P59: 3 | Q59: 0 | R59: 0 | S59: 0 | T59: 0
A60: Penghu County | B60: 一般 | C60: General | D60: 7 | E60: 4 | F60: 3 | G60: 1 | H60: 0 | I60: 0 | J60: 0 | K60: 1 | L60: 0 | M60: 0 | N60: 0 | O60: 2 | P60: 3 | Q60: 0 | R60: 0 | S60: 0 | T60: 0
B61: 原住民 | C61: Indigenous | D61: 0 | E61: 0 | F61: 0 | G61: 0 | H61: 0 | I61: 0 | J61: 0 | K61: 0 | L61: 0 | M61: 0 | N61: 0 | O61: 0 | P61: 0 | Q61: 0 | R61: 0 | S61: 0 | T61: 0
A62: 基隆市 | B62: 計 | C62: Total | D62: 96 | E62: 39 | F62: 57 | G62: 0 | H62: 0 | I62: 0 | J62: 0 | K62: 29 | L62: 19 | M62: 0 | N62: 1 | O62: 6 | P62: 36 | Q62: 4 | R62: 1 | S62: 0 | T62: 0
A63: Keelung City | B63: 一般 | C63: General | D63: 88 | E63: 36 | F63: 52 | G63: 0 | H63: 0 | I63: 0 | J63: 0 | K63: 28 | L63: 18 | M63: 0 | N63: 1 | O63: 5 | P63: 32 | Q63: 3 | R63: 1 | S63: 0 | T63: 0
B64: 原住民 | C64: Indigenous | D64: 8 | E64: 3 | F64: 5 | G64: 0 | H64: 0 | I64: 0 | J64: 0 | K64: 1 | L64: 1 | M64: 0 | N64: 0 | O64: 1 | P64: 4 | Q64: 1 | R64: 0 | S64: 0 | T64: 0
A65: 新竹市 | B65: 計 | C65: Total | D65: 71 | E65: 25 | F65: 46 | G65: 0 | H65: 0 | I65: 0 | J65: 0 | K65: 6 | L65: 9 | M65: 0 | N65: 0 | O65: 11 | P65: 28 | Q65: 8 | R65: 9 | S65: 0 | T65: 0
A66: Hsinchu City | B66: 一般 | C66: General | D66: 65 | E66: 24 | F66: 41 | G66: 0 | H66: 0 | I66: 0 | J66: 0 | K66: 5 | L66: 8 | M66: 0 | N66: 0 | O66: 11 | P66: 25 | Q66: 8 | R66: 8 | S66: 0 | T66: 0
B67: 原住民 | C67: Indigenous | D67: 6 | E67: 1 | F67: 5 | G67: 0 | H67: 0 | I67: 0 | J67: 0 | K67: 1 | L67: 1 | M67: 0 | N67: 0 | O67: 0 | P67: 3 | Q67: 0 | R67: 1 | S67: 0 | T67: 0
A68: 嘉義市 | B68: 計 | C68: Total | D68: 65 | E68: 28 | F68: 37 | G68: 0 | H68: 0 | I68: 0 | J68: 0 | K68: 15 | L68: 10 | M68: 0 | N68: 0 | O68: 3 | P68: 10 | Q68: 10 | R68: 17 | S68: 0 | T68: 0
A69: Chiayi City | B69: 一般 | C69: General | D69: 65 | E69: 28 | F69: 37 | G69: 0 | H69: 0 | I69: 0 | J69: 0 | K69: 15 | L69: 10 | M69: 0 | N69: 0 | O69: 3 | P69: 10 | Q69: 10 | R69: 17 | S69: 0 | T69: 0
B70: 原住民 | C70: Indigenous | D70: 0 | E70: 0 | F70: 0 | G70: 0 | H70: 0 | I70: 0 | J70: 0 | K70: 0 | L70: 0 | M70: 0 | N70: 0 | O70: 0 | P70: 0 | Q70: 0 | R70: 0 | S70: 0 | T70: 0
A71: 金門縣 | B71: 計 | C71: Total | D71: 18 | E71: 9 | F71: 9 | G71: 0 | H71: 0 | I71: 0 | J71: 0 | K71: 3 | L71: 3 | M71: 1 | N71: 0 | O71: 0 | P71: 3 | Q71: 5 | R71: 3 | S71: 0 | T71: 0
A72: Kinmen County | B72: 一般 | C72: General | D72: 14 | E72: 9 | F72: 5 | G72: 0 | H72: 0 | I72: 0 | J72: 0 | K72: 3 | L72: 3 | M72: 1 | N72: 0 | O72: 0 | P72: 2 | Q72: 5 | R72: 0 | S72: 0 | T72: 0
B73: 原住民 | C73: Indigenous | D73: 4 | E73: 0 | F73: 4 | G73: 0 | H73: 0 | I73: 0 | J73: 0 | K73: 0 | L73: 0 | M73: 0 | N73: 0 | O73: 0 | P73: 1 | Q73: 0 | R73: 3 | S73: 0 | T73: 0
A74: 連江縣 | B74: 計 | C74: Total | D74: 1 | E74: 0 | F74: 1 | G74: 0 | H74: 0 | I74: 0 | J74: 0 | K74: 0 | L74: 0 | M74: 0 | N74: 0 | O74: 0 | P74: 1 | Q74: 0 | R74: 0 | S74: 0 | T74: 0
A75: Lienchiang County | B75: 一般 | C75: General | D75: 1 | E75: 0 | F75: 1 | G75: 0 | H75: 0 | I75: 0 | J75: 0 | K75: 0 | L75: 0 | M75: 0 | N75: 0 | O75: 0 | P75: 1 | Q75: 0 | R75: 0 | S75: 0 | T75: 0
B76: 原住民 | C76: Indigenous | D76: 0 | E76: 0 | F76: 0 | G76: 0 | H76: 0 | I76: 0 | J76: 0 | K76: 0 | L76: 0 | M76: 0 | N76: 0 | O76: 0 | P76: 0 | Q76: 0 | R76: 0 | S76: 0 | T76: 0
A77: 資料來源：各直轄市、縣市政府。
A78: Source: County and Government.
A79: 更新日期：2026/03/31

Sheet Jan.-June,  2025
A1: 兒童及少年保護-受虐/問題類型Child and Youth Protection Cases - Type/Matter of Abused
A2: 單位：人 Unit : Person
A3: 民國114年1-6月 Jan.-June, 2025 | D3: =IF(D8=SUM(D11,D14,D17,D20,D23,D26,D29,D32,D35,D38,D41,D44,D47,D50,D53,D56,D59,D62,D65,D68,D71,D74,),"",SUM(D11,D14,D17,D20,D23,D26,D29,D32,D35,D38,D41,D44,D47,D50,D53,D56,D59,D62,D65,D68,D71,D74,)) | E3: =IF(E8=SUM(E11,E14,E17,E20,E23,E26,E29,E32,E35,E38,E41,E44,E47,E50,E53,E56,E59,E62,E65,E68,E71,E74,),"",SUM(E11,E14,E17,E20,E23,E26,E29,E32,E35,E38,E41,E44,E47,E50,E53,E56,E59,E62,E65,E68,E71,E74,)) | F3: =IF(F8=SUM(F11,F14,F17,F20,F23,F26,F29,F32,F35,F38,F41,F44,F47,F50,F53,F56,F59,F62,F65,F68,F71,F74,),"",SUM(F11,F14,F17,F20,F23,F26,F29,F32,F35,F38,F41,F44,F47,F50,F53,F56,F59,F62,F65,F68,F71,F74,)) | G3: =IF(G8=SUM(G11,G14,G17,G20,G23,G26,G29,G32,G35,G38,G41,G44,G47,G50,G53,G56,G59,G62,G65,G68,G71,G74,),"",SUM(G11,G14,G17,G20,G23,G26,G29,G32,G35,G38,G41,G44,G47,G50,G53,G56,G59,G62,G65,G68,G71,G74,)) | H3: =IF(H8=SUM(H11,H14,H17,H20,H23,H26,H29,H32,H35,H38,H41,H44,H47,H50,H53,H56,H59,H62,H65,H68,H71,H74,),"",SUM(H11,H14,H17,H20,H23,H26,H29,H32,H35,H38,H41,H44,H47,H50,H53,H56,H59,H62,H65,H68,H71,H74,)) | I3: =IF(I8=SUM(I11,I14,I17,I20,I23,I26,I29,I32,I35,I38,I41,I44,I47,I50,I53,I56,I59,I62,I65,I68,I71,I74,),"",SUM(I11,I14,I17,I20,I23,I26,I29,I32,I35,I38,I41,I44,I47,I50,I53,I56,I59,I62,I65,I68,I71,I74,)) | J3: =IF(J8=SUM(J11,J14,J17,J20,J23,J26,J29,J32,J35,J38,J41,J44,J47,J50,J53,J56,J59,J62,J65,J68,J71,J74,),"",SUM(J11,J14,J17,J20,J23,J26,J29,J32,J35,J38,J41,J44,J47,J50,J53,J56,J59,J62,J65,J68,J71,J74,)) | K3: =IF(K8=SUM(K11,K14,K17,K20,K23,K26,K29,K32,K35,K38,K41,K44,K47,K50,K53,K56,K59,K62,K65,K68,K71,K74,),"",SUM(K11,K14,K17,K20,K23,K26,K29,K32,K35,K38,K41,K44,K47,K50,K53,K56,K59,K62,K65,K68,K71,K74,)) | ... T3: =IF(T8=SUM(T11,T14,T17,T20,T23,T26,T29,T32,T35,T38,T41,T44,T47,T50,T53,T56,T59,T62,T65,T68,T71,T74,),"",SUM(T11,T14,T17,T20,T23,T26,T29,T32,T35,T38,T41,T44,T47,T50,T53,T56,T59,T62,T65,T68,T71,T74,))
A4: 區域及特殊族群別 Locality & Ethnos | D4: 兒童少年受虐/間題類型 (人數)By Types/Matters (Person)
D5: 總計 Total | G5: 遺棄 Abandon | K5: 身心不當對待Physical Emotional Abuse | S5: 目睹家暴 Witnessing Domestic Violence
G6: 棄嬰 Abandoned Infants | I6: 棄兒 Abandoned Children | K6: 身體不當對待 Physical Abuse | M6: 精神不當對待 Emotional Abuse | O6: 性不當對待 Sexual Abuse | Q6: 疏忽 Neglect
D7: 合計 SubTotal | E7: 男 Male | F7: 女 Female | G7: 男 Male | H7: 女 Female | I7: 男 Male | J7: 女 Female | K7: 男 Male | L7: 女 Female | M7: 男 Male | N7: 女 Female | O7: 男 Male | P7: 女 Female | Q7: 男 Male | R7: 女 Female | S7: 男 Male | T7: 女 Female
A8: 總計 | B8: 計 | C8: Total | D8: 5352 | E8: 2421 | F8: 2931 | G8: 2 | H8: 4 | I8: 2 | J8: 0 | K8: 1714 | L8: 1112 | M8: 96 | N8: 107 | O8: 274 | P8: 1454 | Q8: 317 | R8: 237 | S8: 16 | T8: 17
A9: Total | B9: 一般 | C9: General | D9: 4867 | E9: 2222 | F9: 2645 | G9: 2 | H9: 4 | I9: 2 | J9: 0 | K9: 1579 | L9: 1024 | M9: 89 | N9: 101 | O9: 251 | P9: 1291 | Q9: 283 | R9: 211 | S9: 16 | T9: 14
B10: 原住民 | C10: Indigenous | D10: 485 | E10: 199 | F10: 286 | G10: 0 | H10: 0 | I10: 0 | J10: 0 | K10: 135 | L10: 88 | M10: 7 | N10: 6 | O10: 23 | P10: 163 | Q10: 34 | R10: 26 | S10: 0 | T10: 3
A11: 新北市 | B11: 計 | C11: Total | D11: 1151 | E11: 500 | F11: 651 | G11: 0 | H11: 0 | I11: 1 | J11: 0 | K11: 368 | L11: 270 | M11: 34 | N11: 32 | O11: 51 | P11: 320 | Q11: 40 | R11: 25 | S11: 6 | T11: 4
A12: New Taipei City | B12: 一般 | C12: General | D12: 1095 | E12: 480 | F12: 615 | G12: 0 | H12: 0 | I12: 1 | J12: 0 | K12: 353 | L12: 249 | M12: 33 | N12: 29 | O12: 48 | P12: 309 | Q12: 39 | R12: 24 | S12: 6 | T12: 4
B13: 原住民 | C13: Indigenous | D13: 56 | E13: 20 | F13: 36 | G13: 0 | H13: 0 | I13: 0 | J13: 0 | K13: 15 | L13: 21 | M13: 1 | N13: 3 | O13: 3 | P13: 11 | Q13: 1 | R13: 1 | S13: 0 | T13: 0
A14: 臺北市 | B14: 計 | C14: Total | D14: 519 | E14: 263 | F14: 256 | G14: 0 | H14: 1 | I14: 0 | J14: 0 | K14: 177 | L14: 105 | M14: 4 | N14: 8 | O14: 37 | P14: 119 | Q14: 43 | R14: 20 | S14: 2 | T14: 3
A15: Taipei City | B15: 一般 | C15: General | D15: 510 | E15: 258 | F15: 252 | G15: 0 | H15: 1 | I15: 0 | J15: 0 | K15: 173 | L15: 104 | M15: 4 | N15: 8 | O15: 37 | P15: 117 | Q15: 42 | R15: 19 | S15: 2 | T15: 3
B16: 原住民 | C16: Indigenous | D16: 9 | E16: 5 | F16: 4 | G16: 0 | H16: 0 | I16: 0 | J16: 0 | K16: 4 | L16: 1 | M16: 0 | N16: 0 | O16: 0 | P16: 2 | Q16: 1 | R16: 1 | S16: 0 | T16: 0
A17: 桃園市 | B17: 計 | C17: Total | D17: 424 | E17: 200 | F17: 224 | G17: 0 | H17: 1 | I17: 0 | J17: 0 | K17: 164 | L17: 101 | M17: 1 | N17: 0 | O17: 18 | P17: 114 | Q17: 17 | R17: 8 | S17: 0 | T17: 0
A18: Taoyuan City | B18: 一般 | C18: General | D18: 363 | E18: 172 | F18: 191 | G18: 0 | H18: 1 | I18: 0 | J18: 0 | K18: 142 | L18: 89 | M18: 1 | N18: 0 | O18: 16 | P18: 94 | Q18: 13 | R18: 7 | S18: 0 | T18: 0
B19: 原住民 | C19: Indigenous | D19: 61 | E19: 28 | F19: 33 | G19: 0 | H19: 0 | I19: 0 | J19: 0 | K19: 22 | L19: 12 | M19: 0 | N19: 0 | O19: 2 | P19: 20 | Q19: 4 | R19: 1 | S19: 0 | T19: 0
A20: 臺中市 | B20: 計 | C20: Total | D20: 709 | E20: 358 | F20: 351 | G20: 0 | H20: 0 | I20: 0 | J20: 0 | K20: 289 | L20: 163 | M20: 15 | N20: 7 | O20: 34 | P20: 165 | Q20: 19 | R20: 16 | S20: 1 | T20: 0
A21: Taichung City | B21: 一般 | C21: General | D21: 658 | E21: 330 | F21: 328 | G21: 0 | H21: 0 | I21: 0 | J21: 0 | K21: 272 | L21: 154 | M21: 14 | N21: 6 | O21: 29 | P21: 155 | Q21: 14 | R21: 13 | S21: 1 | T21: 0
B22: 原住民 | C22: Indigenous | D22: 51 | E22: 28 | F22: 23 | G22: 0 | H22: 0 | I22: 0 | J22: 0 | K22: 17 | L22: 9 | M22: 1 | N22: 1 | O22: 5 | P22: 10 | Q22: 5 | R22: 3 | S22: 0 | T22: 0
A23: 臺南市 | B23: 計 | C23: Total | D23: 319 | E23: 164 | F23: 155 | G23: 0 | H23: 1 | I23: 1 | J23: 0 | K23: 97 | L23: 47 | M23: 6 | N23: 15 | O23: 16 | P23: 66 | Q23: 43 | R23: 26 | S23: 1 | T23: 0
A24: Tainan City | B24: 一般 | C24: General | D24: 304 | E24: 153 | F24: 151 | G24: 0 | H24: 1 | I24: 1 | J24: 0 | K24: 92 | L24: 45 | M24: 6 | N24: 15 | O24: 16 | P24: 64 | Q24: 37 | R24: 26 | S24: 1 | T24: 0
B25: 原住民 | C25: Indigenous | D25: 15 | E25: 11 | F25: 4 | G25: 0 | H25: 0 | I25: 0 | J25: 0 | K25: 5 | L25: 2 | M25: 0 | N25: 0 | O25: 0 | P25: 2 | Q25: 6 | R25: 0 | S25: 0 | T25: 0
A26: 高雄市 | B26: 計 | C26: Total | D26: 682 | E26: 316 | F26: 366 | G26: 0 | H26: 0 | I26: 0 | J26: 0 | K26: 230 | L26: 144 | M26: 13 | N26: 11 | O26: 15 | P26: 174 | Q26: 56 | R26: 32 | S26: 2 | T26: 5
A27: Kaohsiung City | B27: 一般 | C27: General | D27: 636 | E27: 297 | F27: 339 | G27: 0 | H27: 0 | I27: 0 | J27: 0 | K27: 214 | L27: 135 | M27: 12 | N27: 11 | O27: 15 | P27: 159 | Q27: 54 | R27: 29 | S27: 2 | T27: 5
B28: 原住民 | C28: Indigenous | D28: 46 | E28: 19 | F28: 27 | G28: 0 | H28: 0 | I28: 0 | J28: 0 | K28: 16 | L28: 9 | M28: 1 | N28: 0 | O28: 0 | P28: 15 | Q28: 2 | R28: 3 | S28: 0 | T28: 0
A29: 宜蘭縣 | B29: 計 | C29: Total | D29: 35 | E29: 7 | F29: 28 | G29: 0 | H29: 0 | I29: 0 | J29: 0 | K29: 6 | L29: 10 | M29: 0 | N29: 0 | O29: 1 | P29: 17 | Q29: 0 | R29: 1 | S29: 0 | T29: 0
A30: Yilan County | B30: 一般 | C30: General | D30: 33 | E30: 7 | F30: 26 | G30: 0 | H30: 0 | I30: 0 | J30: 0 | K30: 6 | L30: 10 | M30: 0 | N30: 0 | O30: 1 | P30: 15 | Q30: 0 | R30: 1 | S30: 0 | T30: 0
B31: 原住民 | C31: Indigenous | D31: 2 | E31: 0 | F31: 2 | G31: 0 | H31: 0 | I31: 0 | J31: 0 | K31: 0 | L31: 0 | M31: 0 | N31: 0 | O31: 0 | P31: 2 | Q31: 0 | R31: 0 | S31: 0 | T31: 0
A32: 新竹縣 | B32: 計 | C32: Total | D32: 184 | E32: 80 | F32: 104 | G32: 0 | H32: 0 | I32: 0 | J32: 0 | K32: 51 | L32: 41 | M32: 8 | N32: 11 | O32: 4 | P32: 33 | Q32: 16 | R32: 19 | S32: 1 | T32: 0
A33: Hsinchu County | B33: 一般 | C33: General | D33: 148 | E33: 71 | F33: 77 | G33: 0 | H33: 0 | I33: 0 | J33: 0 | K33: 46 | L33: 31 | M33: 7 | N33: 10 | O33: 4 | P33: 24 | Q33: 13 | R33: 12 | S33: 1 | T33: 0
B34: 原住民 | C34: Indigenous | D34: 36 | E34: 9 | F34: 27 | G34: 0 | H34: 0 | I34: 0 | J34: 0 | K34: 5 | L34: 10 | M34: 1 | N34: 1 | O34: 0 | P34: 9 | Q34: 3 | R34: 7 | S34: 0 | T34: 0
A35: 苗栗縣 | B35: 計 | C35: Total | D35: 91 | E35: 23 | F35: 68 | G35: 0 | H35: 0 | I35: 0 | J35: 0 | K35: 13 | L35: 13 | M35: 2 | N35: 3 | O35: 3 | P35: 44 | Q35: 5 | R35: 8 | S35: 0 | T35: 0
A36: Miaoli County | B36: 一般 | C36: General | D36: 80 | E36: 21 | F36: 59 | G36: 0 | H36: 0 | I36: 0 | J36: 0 | K36: 12 | L36: 11 | M36: 2 | N36: 3 | O36: 2 | P36: 37 | Q36: 5 | R36: 8 | S36: 0 | T36: 0
B37: 原住民 | C37: Indigenous | D37: 11 | E37: 2 | F37: 9 | G37: 0 | H37: 0 | I37: 0 | J37: 0 | K37: 1 | L37: 2 | M37: 0 | N37: 0 | O37: 1 | P37: 7 | Q37: 0 | R37: 0 | S37: 0 | T37: 0
A38: 彰化縣 | B38: 計 | C38: Total | D38: 223 | E38: 100 | F38: 123 | G38: 1 | H38: 1 | I38: 0 | J38: 0 | K38: 67 | L38: 35 | M38: 7 | N38: 10 | O38: 17 | P38: 67 | Q38: 6 | R38: 9 | S38: 2 | T38: 1
A39: Changhua County | B39: 一般 | C39: General | D39: 217 | E39: 99 | F39: 118 | G39: 1 | H39: 1 | I39: 0 | J39: 0 | K39: 66 | L39: 34 | M39: 7 | N39: 9 | O39: 17 | P39: 65 | Q39: 6 | R39: 8 | S39: 2 | T39: 1
B40: 原住民 | C40: Indigenous | D40: 6 | E40: 1 | F40: 5 | G40: 0 | H40: 0 | I40: 0 | J40: 0 | K40: 1 | L40: 1 | M40: 0 | N40: 1 | O40: 0 | P40: 2 | Q40: 0 | R40: 1 | S40: 0 | T40: 0
A41: 南投縣 | B41: 計 | C41: Total | D41: 112 | E41: 42 | F41: 70 | G41: 0 | H41: 0 | I41: 0 | J41: 0 | K41: 22 | L41: 29 | M41: 0 | N41: 2 | O41: 4 | P41: 27 | Q41: 16 | R41: 10 | S41: 0 | T41: 2
A42: Nantou County | B42: 一般 | C42: General | D42: 86 | E42: 35 | F42: 51 | G42: 0 | H42: 0 | I42: 0 | J42: 0 | K42: 20 | L42: 24 | M42: 0 | N42: 2 | O42: 3 | P42: 17 | Q42: 12 | R42: 8 | S42: 0 | T42: 0
B43: 原住民 | C43: Indigenous | D43: 26 | E43: 7 | F43: 19 | G43: 0 | H43: 0 | I43: 0 | J43: 0 | K43: 2 | L43: 5 | M43: 0 | N43: 0 | O43: 1 | P43: 10 | Q43: 4 | R43: 2 | S43: 0 | T43: 2
A44: 雲林縣 | B44: 計 | C44: Total | D44: 145 | E44: 56 | F44: 89 | G44: 0 | H44: 0 | I44: 0 | J44: 0 | K44: 32 | L44: 29 | M44: 2 | N44: 2 | O44: 12 | P44: 49 | Q44: 10 | R44: 9 | S44: 0 | T44: 0
A45: Yunlin County | B45: 一般 | C45: General | D45: 141 | E45: 55 | F45: 86 | G45: 0 | H45: 0 | I45: 0 | J45: 0 | K45: 31 | L45: 28 | M45: 2 | N45: 2 | O45: 12 | P45: 47 | Q45: 10 | R45: 9 | S45: 0 | T45: 0
B46: 原住民 | C46: Indigenous | D46: 4 | E46: 1 | F46: 3 | G46: 0 | H46: 0 | I46: 0 | J46: 0 | K46: 1 | L46: 1 | M46: 0 | N46: 0 | O46: 0 | P46: 2 | Q46: 0 | R46: 0 | S46: 0 | T46: 0
A47: 嘉義縣 | B47: 計 | C47: Total | D47: 90 | E47: 37 | F47: 53 | G47: 1 | H47: 0 | I47: 0 | J47: 0 | K47: 20 | L47: 23 | M47: 0 | N47: 1 | O47: 6 | P47: 23 | Q47: 10 | R47: 6 | S47: 0 | T47: 0
A48: Chiayi County | B48: 一般 | C48: General | D48: 86 | E48: 33 | F48: 53 | G48: 1 | H48: 0 | I48: 0 | J48: 0 | K48: 18 | L48: 23 | M48: 0 | N48: 1 | O48: 4 | P48: 23 | Q48: 10 | R48: 6 | S48: 0 | T48: 0
B49: 原住民 | C49: Indigenous | D49: 4 | E49: 4 | F49: 0 | G49: 0 | H49: 0 | I49: 0 | J49: 0 | K49: 2 | L49: 0 | M49: 0 | N49: 0 | O49: 2 | P49: 0 | Q49: 0 | R49: 0 | S49: 0 | T49: 0
A50: 屏東縣 | B50: 計 | C50: Total | D50: 179 | E50: 58 | F50: 121 | G50: 0 | H50: 0 | I50: 0 | J50: 0 | K50: 37 | L50: 38 | M50: 1 | N50: 0 | O50: 13 | P50: 74 | Q50: 6 | R50: 8 | S50: 1 | T50: 1
A51: Pingtung County | B51: 一般 | C51: General | D51: 144 | E51: 49 | F51: 95 | G51: 0 | H51: 0 | I51: 0 | J51: 0 | K51: 29 | L51: 35 | M51: 1 | N51: 0 | O51: 12 | P51: 51 | Q51: 6 | R51: 8 | S51: 1 | T51: 1
B52: 原住民 | C52: Indigenous | D52: 35 | E52: 9 | F52: 26 | G52: 0 | H52: 0 | I52: 0 | J52: 0 | K52: 8 | L52: 3 | M52: 0 | N52: 0 | O52: 1 | P52: 23 | Q52: 0 | R52: 0 | S52: 0 | T52: 0
A53: 臺東縣 | B53: 計 | C53: Total | D53: 34 | E53: 8 | F53: 26 | G53: 0 | H53: 0 | I53: 0 | J53: 0 | K53: 4 | L53: 4 | M53: 0 | N53: 0 | O53: 4 | P53: 22 | Q53: 0 | R53: 0 | S53: 0 | T53: 0
A54: Taitung County | B54: 一般 | C54: General | D54: 13 | E54: 3 | F54: 10 | G54: 0 | H54: 0 | I54: 0 | J54: 0 | K54: 0 | L54: 0 | M54: 0 | N54: 0 | O54: 3 | P54: 10 | Q54: 0 | R54: 0 | S54: 0 | T54: 0
B55: 原住民 | C55: Indigenous | D55: 21 | E55: 5 | F55: 16 | G55: 0 | H55: 0 | I55: 0 | J55: 0 | K55: 4 | L55: 4 | M55: 0 | N55: 0 | O55: 1 | P55: 12 | Q55: 0 | R55: 0 | S55: 0 | T55: 0
A56: 花蓮縣 | B56: 計 | C56: Total | D56: 150 | E56: 74 | F56: 76 | G56: 0 | H56: 0 | I56: 0 | J56: 0 | K56: 46 | L56: 13 | M56: 3 | N56: 0 | O56: 9 | P56: 45 | Q56: 16 | R56: 17 | S56: 0 | T56: 1
A57: Hualien County | B57: 一般 | C57: General | D57: 69 | E57: 30 | F57: 39 | G57: 0 | H57: 0 | I57: 0 | J57: 0 | K57: 18 | L57: 8 | M57: 0 | N57: 0 | O57: 3 | P57: 20 | Q57: 9 | R57: 11 | S57: 0 | T57: 0
B58: 原住民 | C58: Indigenous | D58: 81 | E58: 44 | F58: 37 | G58: 0 | H58: 0 | I58: 0 | J58: 0 | K58: 28 | L58: 5 | M58: 3 | N58: 0 | O58: 6 | P58: 25 | Q58: 7 | R58: 6 | S58: 0 | T58: 1
A59: 澎湖縣 | B59: 計 | C59: Total | D59: 10 | E59: 4 | F59: 6 | G59: 0 | H59: 0 | I59: 0 | J59: 0 | K59: 1 | L59: 2 | M59: 0 | N59: 0 | O59: 2 | P59: 4 | Q59: 1 | R59: 0 | S59: 0 | T59: 0
A60: Penghu County | B60: 一般 | C60: General | D60: 10 | E60: 4 | F60: 6 | G60: 0 | H60: 0 | I60: 0 | J60: 0 | K60: 1 | L60: 2 | M60: 0 | N60: 0 | O60: 2 | P60: 4 | Q60: 1 | R60: 0 | S60: 0 | T60: 0
B61: 原住民 | C61: Indigenous | D61: 0 | E61: 0 | F61: 0 | G61: 0 | H61: 0 | I61: 0 | J61: 0 | K61: 0 | L61: 0 | M61: 0 | N61: 0 | O61: 0 | P61: 0 | Q61: 0 | R61: 0 | S61: 0 | T61: 0
A62: 基隆市 | B62: 計 | C62: Total | D62: 112 | E62: 45 | F62: 67 | G62: 0 | H62: 0 | I62: 0 | J62: 0 | K62: 32 | L62: 19 | M62: 0 | N62: 3 | O62: 12 | P62: 40 | Q62: 1 | R62: 5 | S62: 0 | T62: 0
A63: Keelung City | B63: 一般 | C63: General | D63: 103 | E63: 42 | F63: 61 | G63: 0 | H63: 0 | I63: 0 | J63: 0 | K63: 29 | L63: 17 | M63: 0 | N63: 3 | O63: 12 | P63: 36 | Q63: 1 | R63: 5 | S63: 0 | T63: 0
B64: 原住民 | C64: Indigenous | D64: 9 | E64: 3 | F64: 6 | G64: 0 | H64: 0 | I64: 0 | J64: 0 | K64: 3 | L64: 2 | M64: 0 | N64: 0 | O64: 0 | P64: 4 | Q64: 0 | R64: 0 | S64: 0 | T64: 0
A65: 新竹市 | B65: 計 | C65: Total | D65: 104 | E65: 45 | F65: 59 | G65: 0 | H65: 0 | I65: 0 | J65: 0 | K65: 28 | L65: 18 | M65: 0 | N65: 1 | O65: 13 | P65: 34 | Q65: 4 | R65: 6 | S65: 0 | T65: 0
A66: Hsinchu City | B66: 一般 | C66: General | D66: 92 | E66: 42 | F66: 50 | G66: 0 | H66: 0 | I66: 0 | J66: 0 | K66: 27 | L66: 17 | M66: 0 | N66: 1 | O66: 12 | P66: 27 | Q66: 3 | R66: 5 | S66: 0 | T66: 0
B67: 原住民 | C67: Indigenous | D67: 12 | E67: 3 | F67: 9 | G67: 0 | H67: 0 | I67: 0 | J67: 0 | K67: 1 | L67: 1 | M67: 0 | N67: 0 | O67: 1 | P67: 7 | Q67: 1 | R67: 1 | S67: 0 | T67: 0
A68: 嘉義市 | B68: 計 | C68: Total | D68: 58 | E68: 27 | F68: 31 | G68: 0 | H68: 0 | I68: 0 | J68: 0 | K68: 17 | L68: 6 | M68: 0 | N68: 0 | O68: 3 | P68: 13 | Q68: 7 | R68: 12 | S68: 0 | T68: 0
A69: Chiayi City | B69: 一般 | C69: General | D69: 58 | E69: 27 | F69: 31 | G69: 0 | H69: 0 | I69: 0 | J69: 0 | K69: 17 | L69: 6 | M69: 0 | N69: 0 | O69: 3 | P69: 13 | Q69: 7 | R69: 12 | S69: 0 | T69: 0
B70: 原住民 | C70: Indigenous | D70: 0 | E70: 0 | F70: 0 | G70: 0 | H70: 0 | I70: 0 | J70: 0 | K70: 0 | L70: 0 | M70: 0 | N70: 0 | O70: 0 | P70: 0 | Q70: 0 | R70: 0 | S70: 0 | T70: 0
A71: 金門縣 | B71: 計 | C71: Total | D71: 18 | E71: 12 | F71: 6 | G71: 0 | H71: 0 | I71: 0 | J71: 0 | K71: 11 | L71: 2 | M71: 0 | N71: 0 | O71: 0 | P71: 4 | Q71: 1 | R71: 0 | S71: 0 | T71: 0
A72: Kinmen County | B72: 一般 | C72: General | D72: 18 | E72: 12 | F72: 6 | G72: 0 | H72: 0 | I72: 0 | J72: 0 | K72: 11 | L72: 2 | M72: 0 | N72: 0 | O72: 0 | P72: 4 | Q72: 1 | R72: 0 | S72: 0 | T72: 0
B73: 原住民 | C73: Indigenous | D73: 0 | E73: 0 | F73: 0 | G73: 0 | H73: 0 | I73: 0 | J73: 0 | K73: 0 | L73: 0 | M73: 0 | N73: 0 | O73: 0 | P73: 0 | Q73: 0 | R73: 0 | S73: 0 | T73: 0
A74: 連江縣 | B74: 計 | C74: Total | D74: 3 | E74: 2 | F74: 1 | G74: 0 | H74: 0 | I74: 0 | J74: 0 | K74: 2 | L74: 0 | M74: 0 | N74: 1 | O74: 0 | P74: 0 | Q74: 0 | R74: 0 | S74: 0 | T74: 0
A75: Lienchiang County | B75: 一般 | C75: General | D75: 3 | E75: 2 | F75: 1 | G75: 0 | H75: 0 | I75: 0 | J75: 0 | K75: 2 | L75: 0 | M75: 0 | N75: 1 | O75: 0 | P75: 0 | Q75: 0 | R75: 0 | S75: 0 | T75: 0
B76: 原住民 | C76: Indigenous | D76: 0 | E76: 0 | F76: 0 | G76: 0 | H76: 0 | I76: 0 | J76: 0 | K76: 0 | L76: 0 | M76: 0 | N76: 0 | O76: 0 | P76: 0 | Q76: 0 | R76: 0 | S76: 0 | T76: 0
A77: 資料來源：各直轄市、縣市政府。
A78: Source: County and Government.
A79: 更新日期：2025/09/30
A81: 總計 | B81: 計 | C81: Total | D81: 5352 | E81: 2421 | F81: 2931 | G81: 2 | H81: 4 | I81: 2 | J81: 0 | K81: 1714 | L81: 1112 | M81: 96 | N81: 107 | O81: 274 | P81: 1454 | Q81: 317 | R81: 237 | S81: 16 | T81: 17
A82: Total | B82: 一般 | C82: General | D82: 4867 | E82: 2222 | F82: 2645 | G82: 2 | H82: 4 | I82: 2 | J82: 0 | K82: 1579 | L82: 1024 | M82: 89 | N82: 101 | O82: 251 | P82: 1291 | Q82: 283 | R82: 211 | S82: 16 | T82: 14
B83: 原住民 | C83: Indigenous | D83: 485 | E83: 199 | F83: 286 | G83: 0 | H83: 0 | I83: 0 | J83: 0 | K83: 135 | L83: 88 | M83: 7 | N83: 6 | O83: 23 | P83: 163 | Q83: 34 | R83: 26 | S83: 0 | T83: 3
A84: 新北市 | B84: 計 | C84: Total | D84: 1151 | E84: 500 | F84: 651 | G84: 0 | H84: 0 | I84: 1 | J84: 0 | K84: 368 | L84: 270 | M84: 34 | N84: 32 | O84: 51 | P84: 320 | Q84: 40 | R84: 25 | S84: 6 | T84: 4
A85: New Taipei City | B85: 一般 | C85: General | D85: 1095 | E85: 480 | F85: 615 | G85: 0 | H85: 0 | I85: 1 | J85: 0 | K85: 353 | L85: 249 | M85: 33 | N85: 29 | O85: 48 | P85: 309 | Q85: 39 | R85: 24 | S85: 6 | T85: 4
B86: 原住民 | C86: Indigenous | D86: 56 | E86: 20 | F86: 36 | G86: 0 | H86: 0 | I86: 0 | J86: 0 | K86: 15 | L86: 21 | M86: 1 | N86: 3 | O86: 3 | P86: 11 | Q86: 1 | R86: 1 | S86: 0 | T86: 0
A87: 臺北市 | B87: 計 | C87: Total | D87: 519 | E87: 263 | F87: 256 | G87: 0 | H87: 1 | I87: 0 | J87: 0 | K87: 177 | L87: 105 | M87: 4 | N87: 8 | O87: 37 | P87: 119 | Q87: 43 | R87: 20 | S87: 2 | T87: 3
A88: Taipei City | B88: 一般 | C88: General | D88: 510 | E88: 258 | F88: 252 | G88: 0 | H88: 1 | I88: 0 | J88: 0 | K88: 173 | L88: 104 | M88: 4 | N88: 8 | O88: 37 | P88: 117 | Q88: 42 | R88: 19 | S88: 2 | T88: 3
B89: 原住民 | C89: Indigenous | D89: 9 | E89: 5 | F89: 4 | G89: 0 | H89: 0 | I89: 0 | J89: 0 | K89: 4 | L89: 1 | M89: 0 | N89: 0 | O89: 0 | P89: 2 | Q89: 1 | R89: 1 | S89: 0 | T89: 0
A90: 桃園市 | B90: 計 | C90: Total | D90: 424 | E90: 200 | F90: 224 | G90: 0 | H90: 1 | I90: 0 | J90: 0 | K90: 164 | L90: 101 | M90: 1 | N90: 0 | O90: 18 | P90: 114 | Q90: 17 | R90: 8 | S90: 0 | T90: 0
A91: Taoyuan City | B91: 一般 | C91: General | D91: 363 | E91: 172 | F91: 191 | G91: 0 | H91: 1 | I91: 0 | J91: 0 | K91: 142 | L91: 89 | M91: 1 | N91: 0 | O91: 16 | P91: 94 | Q91: 13 | R91: 7 | S91: 0 | T91: 0
B92: 原住民 | C92: Indigenous | D92: 61 | E92: 28 | F92: 33 | G92: 0 | H92: 0 | I92: 0 | J92: 0 | K92: 22 | L92: 12 | M92: 0 | N92: 0 | O92: 2 | P92: 20 | Q92: 4 | R92: 1 | S92: 0 | T92: 0
A93: 臺中市 | B93: 計 | C93: Total | D93: 709 | E93: 358 | F93: 351 | G93: 0 | H93: 0 | I93: 0 | J93: 0 | K93: 289 | L93: 163 | M93: 15 | N93: 7 | O93: 34 | P93: 165 | Q93: 19 | R93: 16 | S93: 1 | T93: 0
A94: Taichung City | B94: 一般 | C94: General | D94: 658 | E94: 330 | F94: 328 | G94: 0 | H94: 0 | I94: 0 | J94: 0 | K94: 272 | L94: 154 | M94: 14 | N94: 6 | O94: 29 | P94: 155 | Q94: 14 | R94: 13 | S94: 1 | T94: 0
B95: 原住民 | C95: Indigenous | D95: 51 | E95: 28 | F95: 23 | G95: 0 | H95: 0 | I95: 0 | J95: 0 | K95: 17 | L95: 9 | M95: 1 | N95: 1 | O95: 5 | P95: 10 | Q95: 5 | R95: 3 | S95: 0 | T95: 0
A96: 臺南市 | B96: 計 | C96: Total | D96: 319 | E96: 164 | F96: 155 | G96: 0 | H96: 1 | I96: 1 | J96: 0 | K96: 97 | L96: 47 | M96: 6 | N96: 15 | O96: 16 | P96: 66 | Q96: 43 | R96: 26 | S96: 1 | T96: 0
A97: Tainan City | B97: 一般 | C97: General | D97: 304 | E97: 153 | F97: 151 | G97: 0 | H97: 1 | I97: 1 | J97: 0 | K97: 92 | L97: 45 | M97: 6 | N97: 15 | O97: 16 | P97: 64 | Q97: 37 | R97: 26 | S97: 1 | T97: 0
B98: 原住民 | C98: Indigenous | D98: 15 | E98: 11 | F98: 4 | G98: 0 | H98: 0 | I98: 0 | J98: 0 | K98: 5 | L98: 2 | M98: 0 | N98: 0 | O98: 0 | P98: 2 | Q98: 6 | R98: 0 | S98: 0 | T98: 0
A99: 高雄市 | B99: 計 | C99: Total | D99: 682 | E99: 316 | F99: 366 | G99: 0 | H99: 0 | I99: 0 | J99: 0 | K99: 230 | L99: 144 | M99: 13 | N99: 11 | O99: 15 | P99: 174 | Q99: 56 | R99: 32 | S99: 2 | T99: 5
A100: Kaohsiung City | B100: 一般 | C100: General | D100: 636 | E100: 297 | F100: 339 | G100: 0 | H100: 0 | I100: 0 | J100: 0 | K100: 214 | L100: 135 | M100: 12 | N100: 11 | O100: 15 | P100: 159 | Q100: 54 | R100: 29 | S100: 2 | T100: 5
B101: 原住民 | C101: Indigenous | D101: 46 | E101: 19 | F101: 27 | G101: 0 | H101: 0 | I101: 0 | J101: 0 | K101: 16 | L101: 9 | M101: 1 | N101: 0 | O101: 0 | P101: 15 | Q101: 2 | R101: 3 | S101: 0 | T101: 0
...

Sheet 2024
A1: 兒童及少年保護-受虐/問題類型Child and Youth Protection Cases - Type/Matter of Abused
A2: 單位：人 Unit : Person
A3: 民國113年, 2024 | D3: =IF(D8=SUM(D11,D14,D17,D20,D23,D26,D29,D32,D35,D38,D41,D44,D47,D50,D53,D56,D59,D62,D65,D68,D71,D74,),"",SUM(D11,D14,D17,D20,D23,D26,D29,D32,D35,D38,D41,D44,D47,D50,D53,D56,D59,D62,D65,D68,D71,D74,)) | E3: =IF(E8=SUM(E11,E14,E17,E20,E23,E26,E29,E32,E35,E38,E41,E44,E47,E50,E53,E56,E59,E62,E65,E68,E71,E74,),"",SUM(E11,E14,E17,E20,E23,E26,E29,E32,E35,E38,E41,E44,E47,E50,E53,E56,E59,E62,E65,E68,E71,E74,)) | F3: =IF(F8=SUM(F11,F14,F17,F20,F23,F26,F29,F32,F35,F38,F41,F44,F47,F50,F53,F56,F59,F62,F65,F68,F71,F74,),"",SUM(F11,F14,F17,F20,F23,F26,F29,F32,F35,F38,F41,F44,F47,F50,F53,F56,F59,F62,F65,F68,F71,F74,)) | G3: =IF(G8=SUM(G11,G14,G17,G20,G23,G26,G29,G32,G35,G38,G41,G44,G47,G50,G53,G56,G59,G62,G65,G68,G71,G74,),"",SUM(G11,G14,G17,G20,G23,G26,G29,G32,G35,G38,G41,G44,G47,G50,G53,G56,G59,G62,G65,G68,G71,G74,)) | H3: =IF(H8=SUM(H11,H14,H17,H20,H23,H26,H29,H32,H35,H38,H41,H44,H47,H50,H53,H56,H59,H62,H65,H68,H71,H74,),"",SUM(H11,H14,H17,H20,H23,H26,H29,H32,H35,H38,H41,H44,H47,H50,H53,H56,H59,H62,H65,H68,H71,H74,)) | I3: =IF(I8=SUM(I11,I14,I17,I20,I23,I26,I29,I32,I35,I38,I41,I44,I47,I50,I53,I56,I59,I62,I65,I68,I71,I74,),"",SUM(I11,I14,I17,I20,I23,I26,I29,I32,I35,I38,I41,I44,I47,I50,I53,I56,I59,I62,I65,I68,I71,I74,)) | J3: =IF(J8=SUM(J11,J14,J17,J20,J23,J26,J29,J32,J35,J38,J41,J44,J47,J50,J53,J56,J59,J62,J65,J68,J71,J74,),"",SUM(J11,J14,J17,J20,J23,J26,J29,J32,J35,J38,J41,J44,J47,J50,J53,J56,J59,J62,J65,J68,J71,J74,)) | K3: =IF(K8=SUM(K11,K14,K17,K20,K23,K26,K29,K32,K35,K38,K41,K44,K47,K50,K53,K56,K59,K62,K65,K68,K71,K74,),"",SUM(K11,K14,K17,K20,K23,K26,K29,K32,K35,K38,K41,K44,K47,K50,K53,K56,K59,K62,K65,K68,K71,K74,)) | ... V3: =IF(V8=SUM(V11,V14,V17,V20,V23,V26,V29,V32,V35,V38,V41,V44,V47,V50,V53,V56,V59,V62,V65,V68,V71,V74,),"",SUM(V11,V14,V17,V20,V23,V26,V29,V32,V35,V38,V41,V44,V47,V50,V53,V56,V59,V62,V65,V68,V71,V74,))
A4: 區域及特殊族群別 Locality & Ethnos | D4: 兒童少年受虐/間題類型 (人數)By Types/Matters (Person)
D5: 總計 Total | G5: 遺棄 Abandon | K5: 身心不當對待Physical Emotional Abuse | S5: 目睹家暴 Witnessing Domestic Violence | U5: 兒少物質濫用
G6: 棄嬰 Abandoned Infants | I6: 棄兒 Abandoned Children | K6: 身體不當對待 Physical Abuse | M6: 精神不當對待 Emotional Abuse | O6: 性不當對待 Sexual Abuse | Q6: 疏忽 Neglect
D7: 合計 SubTotal | E7: 男 Male | F7: 女 Female | G7: 男 Male | H7: 女 Female | I7: 男 Male | J7: 女 Female | K7: 男 Male | L7: 女 Female | M7: 男 Male | N7: 女 Female | O7: 男 Male | P7: 女 Female | Q7: 男 Male | R7: 女 Female | S7: 男 Male | T7: 女 Female | U7: 男 Male | V7: 女 Female
A8: 總計 | B8: 計 | C8: Total | D8: 10810 | E8: 4836 | F8: 5974 | G8: 5 | H8: 6 | I8: 10 | J8: 4 | K8: 3340 | L8: 2326 | M8: 254 | N8: 238 | O8: 585 | P8: 2882 | Q8: 600 | R8: 476 | S8: 37 | T8: 31 | U8: 5 | V8: 11
A9: Total | B9: 一般 | C9: General | D9: 9795 | E9: 4375 | F9: 5420 | G9: 5 | H9: 6 | I9: 9 | J9: 4 | K9: 3055 | L9: 2155 | M9: 232 | N9: 212 | O9: 506 | P9: 2581 | Q9: 531 | R9: 429 | S9: 34 | T9: 29 | U9: 3 | V9: 4
B10: 原住民 | C10: Indigenous | D10: 1015 | E10: 461 | F10: 554 | G10: 0 | H10: 0 | I10: 1 | J10: 0 | K10: 285 | L10: 171 | M10: 22 | N10: 26 | O10: 79 | P10: 301 | Q10: 69 | R10: 47 | S10: 3 | T10: 2 | U10: 2 | V10: 7
A11: 新北市 | B11: 計 | C11: Total | D11: 2222 | E11: 974 | F11: 1248 | G11: 0 | H11: 0 | I11: 0 | J11: 0 | K11: 736 | L11: 485 | M11: 63 | N11: 53 | O11: 103 | P11: 650 | Q11: 62 | R11: 49 | S11: 10 | T11: 11 | U11: 0 | V11: 0
A12: New Taipei City | B12: 一般 | C12: General | D12: 2092 | E12: 917 | F12: 1175 | G12: 0 | H12: 0 | I12: 0 | J12: 0 | K12: 688 | L12: 456 | M12: 60 | N12: 47 | O12: 99 | P12: 614 | Q12: 60 | R12: 47 | S12: 10 | T12: 11 | U12: 0 | V12: 0
B13: 原住民 | C13: Indigenous | D13: 130 | E13: 57 | F13: 73 | G13: 0 | H13: 0 | I13: 0 | J13: 0 | K13: 48 | L13: 29 | M13: 3 | N13: 6 | O13: 4 | P13: 36 | Q13: 2 | R13: 2 | S13: 0 | T13: 0 | U13: 0 | V13: 0
A14: 臺北市 | B14: 計 | C14: Total | D14: 1077 | E14: 498 | F14: 579 | G14: 0 | H14: 0 | I14: 0 | J14: 0 | K14: 328 | L14: 230 | M14: 12 | N14: 13 | O14: 80 | P14: 262 | Q14: 77 | R14: 72 | S14: 1 | T14: 2 | U14: 0 | V14: 0
A15: Taipei City | B15: 一般 | C15: General | D15: 1051 | E15: 483 | F15: 568 | G15: 0 | H15: 0 | I15: 0 | J15: 0 | K15: 317 | L15: 225 | M15: 12 | N15: 13 | O15: 80 | P15: 257 | Q15: 73 | R15: 71 | S15: 1 | T15: 2 | U15: 0 | V15: 0
B16: 原住民 | C16: Indigenous | D16: 26 | E16: 15 | F16: 11 | G16: 0 | H16: 0 | I16: 0 | J16: 0 | K16: 11 | L16: 5 | M16: 0 | N16: 0 | O16: 0 | P16: 5 | Q16: 4 | R16: 1 | S16: 0 | T16: 0 | U16: 0 | V16: 0
A17: 桃園市 | B17: 計 | C17: Total | D17: 1050 | E17: 491 | F17: 559 | G17: 0 | H17: 0 | I17: 0 | J17: 0 | K17: 394 | L17: 249 | M17: 12 | N17: 9 | O17: 50 | P17: 288 | Q17: 35 | R17: 12 | S17: 0 | T17: 1 | U17: 0 | V17: 0
A18: Taoyuan City | B18: 一般 | C18: General | D18: 892 | E18: 409 | F18: 483 | G18: 0 | H18: 0 | I18: 0 | J18: 0 | K18: 327 | L18: 223 | M18: 11 | N18: 9 | O18: 41 | P18: 240 | Q18: 30 | R18: 10 | S18: 0 | T18: 1 | U18: 0 | V18: 0
B19: 原住民 | C19: Indigenous | D19: 158 | E19: 82 | F19: 76 | G19: 0 | H19: 0 | I19: 0 | J19: 0 | K19: 67 | L19: 26 | M19: 1 | N19: 0 | O19: 9 | P19: 48 | Q19: 5 | R19: 2 | S19: 0 | T19: 0 | U19: 0 | V19: 0
A20: 臺中市 | B20: 計 | C20: Total | D20: 1339 | E20: 654 | F20: 685 | G20: 0 | H20: 0 | I20: 1 | J20: 0 | K20: 489 | L20: 321 | M20: 32 | N20: 35 | O20: 70 | P20: 288 | Q20: 53 | R20: 36 | S20: 9 | T20: 5 | U20: 0 | V20: 0
A21: Taichung City | B21: 一般 | C21: General | D21: 1264 | E21: 619 | F21: 645 | G21: 0 | H21: 0 | I21: 1 | J21: 0 | K21: 464 | L21: 305 | M21: 29 | N21: 34 | O21: 66 | P21: 268 | Q21: 50 | R21: 34 | S21: 9 | T21: 4 | U21: 0 | V21: 0
B22: 原住民 | C22: Indigenous | D22: 75 | E22: 35 | F22: 40 | G22: 0 | H22: 0 | I22: 0 | J22: 0 | K22: 25 | L22: 16 | M22: 3 | N22: 1 | O22: 4 | P22: 20 | Q22: 3 | R22: 2 | S22: 0 | T22: 1 | U22: 0 | V22: 0
A23: 臺南市 | B23: 計 | C23: Total | D23: 572 | E23: 271 | F23: 301 | G23: 0 | H23: 0 | I23: 4 | J23: 2 | K23: 178 | L23: 139 | M23: 6 | N23: 7 | O23: 23 | P23: 115 | Q23: 59 | R23: 37 | S23: 1 | T23: 1 | U23: 0 | V23: 0
A24: Tainan City | B24: 一般 | C24: General | D24: 548 | E24: 260 | F24: 288 | G24: 0 | H24: 0 | I24: 4 | J24: 2 | K24: 170 | L24: 135 | M24: 6 | N24: 7 | O24: 22 | P24: 108 | Q24: 57 | R24: 35 | S24: 1 | T24: 1 | U24: 0 | V24: 0
B25: 原住民 | C25: Indigenous | D25: 24 | E25: 11 | F25: 13 | G25: 0 | H25: 0 | I25: 0 | J25: 0 | K25: 8 | L25: 4 | M25: 0 | N25: 0 | O25: 1 | P25: 7 | Q25: 2 | R25: 2 | S25: 0 | T25: 0 | U25: 0 | V25: 0
A26: 高雄市 | B26: 計 | C26: Total | D26: 1157 | E26: 542 | F26: 615 | G26: 3 | H26: 5 | I26: 0 | J26: 1 | K26: 401 | L26: 261 | M26: 26 | N26: 30 | O26: 51 | P26: 263 | Q26: 57 | R26: 54 | S26: 4 | T26: 1 | U26: 0 | V26: 0
A27: Kaohsiung City | B27: 一般 | C27: General | D27: 1084 | E27: 509 | F27: 575 | G27: 3 | H27: 5 | I27: 0 | J27: 1 | K27: 387 | L27: 246 | M27: 23 | N27: 26 | O27: 43 | P27: 245 | Q27: 51 | R27: 51 | S27: 2 | T27: 1 | U27: 0 | V27: 0
B28: 原住民 | C28: Indigenous | D28: 73 | E28: 33 | F28: 40 | G28: 0 | H28: 0 | I28: 0 | J28: 0 | K28: 14 | L28: 15 | M28: 3 | N28: 4 | O28: 8 | P28: 18 | Q28: 6 | R28: 3 | S28: 2 | T28: 0 | U28: 0 | V28: 0
A29: 宜蘭縣 | B29: 計 | C29: Total | D29: 141 | E29: 52 | F29: 89 | G29: 0 | H29: 0 | I29: 0 | J29: 0 | K29: 36 | L29: 25 | M29: 2 | N29: 6 | O29: 4 | P29: 54 | Q29: 10 | R29: 4 | S29: 0 | T29: 0 | U29: 0 | V29: 0
A30: Yilan County | B30: 一般 | C30: General | D30: 128 | E30: 45 | F30: 83 | G30: 0 | H30: 0 | I30: 0 | J30: 0 | K30: 34 | L30: 25 | M30: 1 | N30: 6 | O30: 0 | P30: 48 | Q30: 10 | R30: 4 | S30: 0 | T30: 0 | U30: 0 | V30: 0
B31: 原住民 | C31: Indigenous | D31: 13 | E31: 7 | F31: 6 | G31: 0 | H31: 0 | I31: 0 | J31: 0 | K31: 2 | L31: 0 | M31: 1 | N31: 0 | O31: 4 | P31: 6 | Q31: 0 | R31: 0 | S31: 0 | T31: 0 | U31: 0 | V31: 0
A32: 新竹縣 | B32: 計 | C32: Total | D32: 416 | E32: 181 | F32: 235 | G32: 0 | H32: 1 | I32: 2 | J32: 0 | K32: 103 | L32: 84 | M32: 12 | N32: 6 | O32: 25 | P32: 118 | Q32: 35 | R32: 26 | S32: 4 | T32: 0 | U32: 0 | V32: 0
A33: Hsinchu County | B33: 一般 | C33: General | D33: 345 | E33: 144 | F33: 201 | G33: 0 | H33: 1 | I33: 1 | J33: 0 | K33: 87 | L33: 76 | M33: 12 | N33: 5 | O33: 17 | P33: 102 | Q33: 23 | R33: 17 | S33: 4 | T33: 0 | U33: 0 | V33: 0
B34: 原住民 | C34: Indigenous | D34: 71 | E34: 37 | F34: 34 | G34: 0 | H34: 0 | I34: 1 | J34: 0 | K34: 16 | L34: 8 | M34: 0 | N34: 1 | O34: 8 | P34: 16 | Q34: 12 | R34: 9 | S34: 0 | T34: 0 | U34: 0 | V34: 0
A35: 苗栗縣 | B35: 計 | C35: Total | D35: 148 | E35: 46 | F35: 102 | G35: 0 | H35: 0 | I35: 0 | J35: 0 | K35: 24 | L35: 24 | M35: 3 | N35: 4 | O35: 9 | P35: 64 | Q35: 10 | R35: 10 | S35: 0 | T35: 0 | U35: 0 | V35: 0
A36: Miaoli County | B36: 一般 | C36: General | D36: 131 | E36: 41 | F36: 90 | G36: 0 | H36: 0 | I36: 0 | J36: 0 | K36: 22 | L36: 20 | M36: 3 | N36: 2 | O36: 8 | P36: 58 | Q36: 8 | R36: 10 | S36: 0 | T36: 0 | U36: 0 | V36: 0
B37: 原住民 | C37: Indigenous | D37: 17 | E37: 5 | F37: 12 | G37: 0 | H37: 0 | I37: 0 | J37: 0 | K37: 2 | L37: 4 | M37: 0 | N37: 2 | O37: 1 | P37: 6 | Q37: 2 | R37: 0 | S37: 0 | T37: 0 | U37: 0 | V37: 0
A38: 彰化縣 | B38: 計 | C38: Total | D38: 544 | E38: 226 | F38: 318 | G38: 0 | H38: 0 | I38: 0 | J38: 0 | K38: 124 | L38: 89 | M38: 38 | N38: 24 | O38: 33 | P38: 172 | Q38: 31 | R38: 32 | S38: 0 | T38: 1 | U38: 0 | V38: 0
A39: Changhua County | B39: 一般 | C39: General | D39: 517 | E39: 216 | F39: 301 | G39: 0 | H39: 0 | I39: 0 | J39: 0 | K39: 120 | L39: 84 | M39: 37 | N39: 24 | O39: 29 | P39: 161 | Q39: 30 | R39: 31 | S39: 0 | T39: 1 | U39: 0 | V39: 0
B40: 原住民 | C40: Indigenous | D40: 27 | E40: 10 | F40: 17 | G40: 0 | H40: 0 | I40: 0 | J40: 0 | K40: 4 | L40: 5 | M40: 1 | N40: 0 | O40: 4 | P40: 11 | Q40: 1 | R40: 1 | S40: 0 | T40: 0 | U40: 0 | V40: 0
A41: 南投縣 | B41: 計 | C41: Total | D41: 221 | E41: 101 | F41: 120 | G41: 0 | H41: 0 | I41: 0 | J41: 0 | K41: 53 | L41: 41 | M41: 6 | N41: 7 | O41: 14 | P41: 52 | Q41: 27 | R41: 19 | S41: 1 | T41: 1 | U41: 0 | V41: 0
A42: Nantou County | B42: 一般 | C42: General | D42: 194 | E42: 91 | F42: 103 | G42: 0 | H42: 0 | I42: 0 | J42: 0 | K42: 47 | L42: 36 | M42: 6 | N42: 6 | O42: 10 | P42: 41 | Q42: 27 | R42: 19 | S42: 1 | T42: 1 | U42: 0 | V42: 0
B43: 原住民 | C43: Indigenous | D43: 27 | E43: 10 | F43: 17 | G43: 0 | H43: 0 | I43: 0 | J43: 0 | K43: 6 | L43: 5 | M43: 0 | N43: 1 | O43: 4 | P43: 11 | Q43: 0 | R43: 0 | S43: 0 | T43: 0 | U43: 0 | V43: 0
A44: 雲林縣 | B44: 計 | C44: Total | D44: 324 | E44: 120 | F44: 204 | G44: 0 | H44: 0 | I44: 0 | J44: 0 | K44: 88 | L44: 70 | M44: 6 | N44: 9 | O44: 15 | P44: 106 | Q44: 11 | R44: 16 | S44: 0 | T44: 3 | U44: 0 | V44: 0
A45: Yunlin County | B45: 一般 | C45: General | D45: 317 | E45: 118 | F45: 199 | G45: 0 | H45: 0 | I45: 0 | J45: 0 | K45: 86 | L45: 67 | M45: 6 | N45: 9 | O45: 15 | P45: 104 | Q45: 11 | R45: 16 | S45: 0 | T45: 3 | U45: 0 | V45: 0
B46: 原住民 | C46: Indigenous | D46: 7 | E46: 2 | F46: 5 | G46: 0 | H46: 0 | I46: 0 | J46: 0 | K46: 2 | L46: 3 | M46: 0 | N46: 0 | O46: 0 | P46: 2 | Q46: 0 | R46: 0 | S46: 0 | T46: 0 | U46: 0 | V46: 0
A47: 嘉義縣 | B47: 計 | C47: Total | D47: 204 | E47: 98 | F47: 106 | G47: 0 | H47: 0 | I47: 0 | J47: 0 | K47: 55 | L47: 43 | M47: 5 | N47: 3 | O47: 13 | P47: 39 | Q47: 25 | R47: 21 | S47: 0 | T47: 0 | U47: 0 | V47: 0
A48: Chiayi County | B48: 一般 | C48: General | D48: 189 | E48: 90 | F48: 99 | G48: 0 | H48: 0 | I48: 0 | J48: 0 | K48: 54 | L48: 40 | M48: 4 | N48: 3 | O48: 8 | P48: 37 | Q48: 24 | R48: 19 | S48: 0 | T48: 0 | U48: 0 | V48: 0
B49: 原住民 | C49: Indigenous | D49: 15 | E49: 8 | F49: 7 | G49: 0 | H49: 0 | I49: 0 | J49: 0 | K49: 1 | L49: 3 | M49: 1 | N49: 0 | O49: 5 | P49: 2 | Q49: 1 | R49: 2 | S49: 0 | T49: 0 | U49: 0 | V49: 0
A50: 屏東縣 | B50: 計 | C50: Total | D50: 375 | E50: 163 | F50: 212 | G50: 0 | H50: 0 | I50: 2 | J50: 0 | K50: 96 | L50: 77 | M50: 12 | N50: 13 | O50: 24 | P50: 109 | Q50: 26 | R50: 13 | S50: 3 | T50: 0 | U50: 0 | V50: 0
A51: Pingtung County | B51: 一般 | C51: General | D51: 320 | E51: 144 | F51: 176 | G51: 0 | H51: 0 | I51: 2 | J51: 0 | K51: 84 | L51: 63 | M51: 10 | N51: 9 | O51: 21 | P51: 91 | Q51: 24 | R51: 13 | S51: 3 | T51: 0 | U51: 0 | V51: 0
B52: 原住民 | C52: Indigenous | D52: 55 | E52: 19 | F52: 36 | G52: 0 | H52: 0 | I52: 0 | J52: 0 | K52: 12 | L52: 14 | M52: 2 | N52: 4 | O52: 3 | P52: 18 | Q52: 2 | R52: 0 | S52: 0 | T52: 0 | U52: 0 | V52: 0
A53: 臺東縣 | B53: 計 | C53: Total | D53: 107 | E53: 40 | F53: 67 | G53: 0 | H53: 0 | I53: 0 | J53: 1 | K53: 17 | L53: 11 | M53: 0 | N53: 1 | O53: 13 | P53: 39 | Q53: 5 | R53: 3 | S53: 0 | T53: 1 | U53: 5 | V53: 11
A54: Taitung County | B54: 一般 | C54: General | D54: 39 | E54: 14 | F54: 25 | G54: 0 | H54: 0 | I54: 0 | J54: 1 | K54: 6 | L54: 5 | M54: 0 | N54: 1 | O54: 3 | P54: 12 | Q54: 2 | R54: 1 | S54: 0 | T54: 1 | U54: 3 | V54: 4
B55: 原住民 | C55: Indigenous | D55: 68 | E55: 26 | F55: 42 | G55: 0 | H55: 0 | I55: 0 | J55: 0 | K55: 11 | L55: 6 | M55: 0 | N55: 0 | O55: 10 | P55: 27 | Q55: 3 | R55: 2 | S55: 0 | T55: 0 | U55: 2 | V55: 7
A56: 花蓮縣 | B56: 計 | C56: Total | D56: 326 | E56: 138 | F56: 188 | G56: 1 | H56: 0 | I56: 0 | J56: 0 | K56: 76 | L56: 51 | M56: 9 | N56: 9 | O56: 14 | P56: 97 | Q56: 36 | R56: 30 | S56: 2 | T56: 1 | U56: 0 | V56: 0
A57: Hualien County | B57: 一般 | C57: General | D57: 125 | E57: 42 | F57: 83 | G57: 1 | H57: 0 | I57: 0 | J57: 0 | K57: 23 | L57: 28 | M57: 2 | N57: 3 | O57: 3 | P57: 39 | Q57: 12 | R57: 12 | S57: 1 | T57: 1 | U57: 0 | V57: 0
B58: 原住民 | C58: Indigenous | D58: 201 | E58: 96 | F58: 105 | G58: 0 | H58: 0 | I58: 0 | J58: 0 | K58: 53 | L58: 23 | M58: 7 | N58: 6 | O58: 11 | P58: 58 | Q58: 24 | R58: 18 | S58: 1 | T58: 0 | U58: 0 | V58: 0
A59: 澎湖縣 | B59: 計 | C59: Total | D59: 31 | E59: 6 | F59: 25 | G59: 0 | H59: 0 | I59: 0 | J59: 0 | K59: 3 | L59: 3 | M59: 0 | N59: 0 | O59: 1 | P59: 20 | Q59: 2 | R59: 1 | S59: 0 | T59: 1 | U59: 0 | V59: 0
A60: Penghu County | B60: 一般 | C60: General | D60: 29 | E60: 6 | F60: 23 | G60: 0 | H60: 0 | I60: 0 | J60: 0 | K60: 3 | L60: 3 | M60: 0 | N60: 0 | O60: 1 | P60: 19 | Q60: 2 | R60: 1 | S60: 0 | T60: 0 | U60: 0 | V60: 0
B61: 原住民 | C61: Indigenous | D61: 2 | E61: 0 | F61: 2 | G61: 0 | H61: 0 | I61: 0 | J61: 0 | K61: 0 | L61: 0 | M61: 0 | N61: 0 | O61: 0 | P61: 1 | Q61: 0 | R61: 0 | S61: 0 | T61: 1 | U61: 0 | V61: 0
A62: 基隆市 | B62: 計 | C62: Total | D62: 149 | E62: 53 | F62: 96 | G62: 0 | H62: 0 | I62: 0 | J62: 0 | K62: 39 | L62: 39 | M62: 1 | N62: 2 | O62: 13 | P62: 55 | Q62: 0 | R62: 0 | S62: 0 | T62: 0 | U62: 0 | V62: 0
A63: Keelung City | B63: 一般 | C63: General | D63: 138 | E63: 50 | F63: 88 | G63: 0 | H63: 0 | I63: 0 | J63: 0 | K63: 37 | L63: 35 | M63: 1 | N63: 2 | O63: 12 | P63: 51 | Q63: 0 | R63: 0 | S63: 0 | T63: 0 | U63: 0 | V63: 0
B64: 原住民 | C64: Indigenous | D64: 11 | E64: 3 | F64: 8 | G64: 0 | H64: 0 | I64: 0 | J64: 0 | K64: 2 | L64: 4 | M64: 0 | N64: 0 | O64: 1 | P64: 4 | Q64: 0 | R64: 0 | S64: 0 | T64: 0 | U64: 0 | V64: 0
A65: 新竹市 | B65: 計 | C65: Total | D65: 219 | E65: 92 | F65: 127 | G65: 0 | H65: 0 | I65: 1 | J65: 0 | K65: 48 | L65: 48 | M65: 2 | N65: 3 | O65: 21 | P65: 58 | Q65: 18 | R65: 16 | S65: 2 | T65: 2 | U65: 0 | V65: 0
A66: Hsinchu City | B66: 一般 | C66: General | D66: 207 | E66: 87 | F66: 120 | G66: 0 | H66: 0 | I66: 1 | J66: 0 | K66: 47 | L66: 47 | M66: 2 | N66: 3 | O66: 19 | P66: 54 | Q66: 16 | R66: 14 | S66: 2 | T66: 2 | U66: 0 | V66: 0
B67: 原住民 | C67: Indigenous | D67: 12 | E67: 5 | F67: 7 | G67: 0 | H67: 0 | I67: 0 | J67: 0 | K67: 1 | L67: 1 | M67: 0 | N67: 0 | O67: 2 | P67: 4 | Q67: 2 | R67: 2 | S67: 0 | T67: 0 | U67: 0 | V67: 0
A68: 嘉義市 | B68: 計 | C68: Total | D68: 127 | E68: 60 | F68: 67 | G68: 1 | H68: 0 | I68: 0 | J68: 0 | K68: 32 | L68: 28 | M68: 5 | N68: 3 | O68: 8 | P68: 21 | Q68: 14 | R68: 15 | S68: 0 | T68: 0 | U68: 0 | V68: 0
A69: Chiayi City | B69: 一般 | C69: General | D69: 127 | E69: 60 | F69: 67 | G69: 1 | H69: 0 | I69: 0 | J69: 0 | K69: 32 | L69: 28 | M69: 5 | N69: 3 | O69: 8 | P69: 21 | Q69: 14 | R69: 15 | S69: 0 | T69: 0 | U69: 0 | V69: 0
B70: 原住民 | C70: Indigenous | D70: 0 | E70: 0 | F70: 0 | G70: 0 | H70: 0 | I70: 0 | J70: 0 | K70: 0 | L70: 0 | M70: 0 | N70: 0 | O70: 0 | P70: 0 | Q70: 0 | R70: 0 | S70: 0 | T70: 0 | U70: 0 | V70: 0
A71: 金門縣 | B71: 計 | C71: Total | D71: 46 | E71: 24 | F71: 22 | G71: 0 | H71: 0 | I71: 0 | J71: 0 | K71: 15 | L71: 7 | M71: 2 | N71: 0 | O71: 1 | P71: 9 | Q71: 6 | R71: 6 | S71: 0 | T71: 0 | U71: 0 | V71: 0
A72: Kinmen County | B72: 一般 | C72: General | D72: 46 | E72: 24 | F72: 22 | G72: 0 | H72: 0 | I72: 0 | J72: 0 | K72: 15 | L72: 7 | M72: 2 | N72: 0 | O72: 1 | P72: 9 | Q72: 6 | R72: 6 | S72: 0 | T72: 0 | U72: 0 | V72: 0
B73: 原住民 | C73: Indigenous | D73: 0 | E73: 0 | F73: 0 | G73: 0 | H73: 0 | I73: 0 | J73: 0 | K73: 0 | L73: 0 | M73: 0 | N73: 0 | O73: 0 | P73: 0 | Q73: 0 | R73: 0 | S73: 0 | T73: 0 | U73: 0 | V73: 0
A74: 連江縣 | B74: 計 | C74: Total | D74: 15 | E74: 6 | F74: 9 | G74: 0 | H74: 0 | I74: 0 | J74: 0 | K74: 5 | L74: 1 | M74: 0 | N74: 1 | O74: 0 | P74: 3 | Q74: 1 | R74: 4 | S74: 0 | T74: 0 | U74: 0 | V74: 0
A75: Lienchiang County | B75: 一般 | C75: General | D75: 12 | E75: 6 | F75: 6 | G75: 0 | H75: 0 | I75: 0 | J75: 0 | K75: 5 | L75: 1 | M75: 0 | N75: 0 | O75: 0 | P75: 2 | Q75: 1 | R75: 3 | S75: 0 | T75: 0 | U75: 0 | V75: 0
B76: 原住民 | C76: Indigenous | D76: 3 | E76: 0 | F76: 3 | G76: 0 | H76: 0 | I76: 0 | J76: 0 | K76: 0 | L76: 0 | M76: 0 | N76: 1 | O76: 0 | P76: 1 | Q76: 0 | R76: 1 | S76: 0 | T76: 0 | U76: 0 | V76: 0
A77: 資料來源：各直轄市、縣市政府。
A78: Source: County and Government.
A79: 更新日期：2025/03/31

Sheet July-Dec., 2024
A1: 兒童及少年保護-受虐/問題類型Child and Youth Protection Cases - Type/Matter of Abused
A2: 單位：人 Unit : Person
A3: 民國113年7-12月 July-Dec., 2024 | D3: =IF(D8=SUM(D11,D14,D17,D20,D23,D26,D29,D32,D35,D38,D41,D44,D47,D50,D53,D56,D59,D62,D65,D68,D71,D74,),"",SUM(D11,D14,D17,D20,D23,D26,D29,D32,D35,D38,D41,D44,D47,D50,D53,D56,D59,D62,D65,D68,D71,D74,)) | E3: =IF(E8=SUM(E11,E14,E17,E20,E23,E26,E29,E32,E35,E38,E41,E44,E47,E50,E53,E56,E59,E62,E65,E68,E71,E74,),"",SUM(E11,E14,E17,E20,E23,E26,E29,E32,E35,E38,E41,E44,E47,E50,E53,E56,E59,E62,E65,E68,E71,E74,)) | F3: =IF(F8=SUM(F11,F14,F17,F20,F23,F26,F29,F32,F35,F38,F41,F44,F47,F50,F53,F56,F59,F62,F65,F68,F71,F74,),"",SUM(F11,F14,F17,F20,F23,F26,F29,F32,F35,F38,F41,F44,F47,F50,F53,F56,F59,F62,F65,F68,F71,F74,)) | G3: =IF(G8=SUM(G11,G14,G17,G20,G23,G26,G29,G32,G35,G38,G41,G44,G47,G50,G53,G56,G59,G62,G65,G68,G71,G74,),"",SUM(G11,G14,G17,G20,G23,G26,G29,G32,G35,G38,G41,G44,G47,G50,G53,G56,G59,G62,G65,G68,G71,G74,)) | H3: =IF(H8=SUM(H11,H14,H17,H20,H23,H26,H29,H32,H35,H38,H41,H44,H47,H50,H53,H56,H59,H62,H65,H68,H71,H74,),"",SUM(H11,H14,H17,H20,H23,H26,H29,H32,H35,H38,H41,H44,H47,H50,H53,H56,H59,H62,H65,H68,H71,H74,)) | I3: =IF(I8=SUM(I11,I14,I17,I20,I23,I26,I29,I32,I35,I38,I41,I44,I47,I50,I53,I56,I59,I62,I65,I68,I71,I74,),"",SUM(I11,I14,I17,I20,I23,I26,I29,I32,I35,I38,I41,I44,I47,I50,I53,I56,I59,I62,I65,I68,I71,I74,)) | J3: =IF(J8=SUM(J11,J14,J17,J20,J23,J26,J29,J32,J35,J38,J41,J44,J47,J50,J53,J56,J59,J62,J65,J68,J71,J74,),"",SUM(J11,J14,J17,J20,J23,J26,J29,J32,J35,J38,J41,J44,J47,J50,J53,J56,J59,J62,J65,J68,J71,J74,)) | K3: =IF(K8=SUM(K11,K14,K17,K20,K23,K26,K29,K32,K35,K38,K41,K44,K47,K50,K53,K56,K59,K62,K65,K68,K71,K74,),"",SUM(K11,K14,K17,K20,K23,K26,K29,K32,K35,K38,K41,K44,K47,K50,K53,K56,K59,K62,K65,K68,K71,K74,)) | ... V3: =IF(V8=SUM(V11,V14,V17,V20,V23,V26,V29,V32,V35,V38,V41,V44,V47,V50,V53,V56,V59,V62,V65,V68,V71,V74,),"",SUM(V11,V14,V17,V20,V23,V26,V29,V32,V35,V38,V41,V44,V47,V50,V53,V56,V59,V62,V65,V68,V71,V74,))
A4: 區域及特殊族群別 Locality & Ethnos | D4: 兒童少年受虐/間題類型 (人數)By Types/Matters (Person)
D5: 總計 Total | G5: 遺棄 Abandon | K5: 身心不當對待Physical Emotional Abuse | S5: 目睹家暴 Witnessing Domestic Violence | U5: 兒少物質濫用
G6: 棄嬰 Abandoned Infants | I6: 棄兒 Abandoned Children | K6: 身體不當對待 Physical Abuse | M6: 精神不當對待 Emotional Abuse | O6: 性不當對待 Sexual Abuse | Q6: 疏忽 Neglect
D7: 合計 SubTotal | E7: 男 Male | F7: 女 Female | G7: 男 Male | H7: 女 Female | I7: 男 Male | J7: 女 Female | K7: 男 Male | L7: 女 Female | M7: 男 Male | N7: 女 Female | O7: 男 Male | P7: 女 Female | Q7: 男 Male | R7: 女 Female | S7: 男 Male | T7: 女 Female | U7: 男 Male | V7: 女 Female
A8: 總計 | B8: 計 | C8: Total | D8: 5039 | E8: 2315 | F8: 2724 | G8: 2 | H8: 1 | I8: 5 | J8: 1 | K8: 1536 | L8: 1084 | M8: 110 | N8: 94 | O8: 307 | P8: 1291 | Q8: 327 | R8: 233 | S8: 28 | T8: 20 | U8: 0 | V8: 0
A9: Total | B9: 一般 | C9: General | D9: 4540 | E9: 2086 | F9: 2454 | G9: 2 | H9: 1 | I9: 4 | J9: 1 | K9: 1396 | L9: 988 | M9: 100 | N9: 86 | O9: 269 | P9: 1151 | Q9: 290 | R9: 207 | S9: 25 | T9: 20 | U9: 0 | V9: 0
B10: 原住民 | C10: Indigenous | D10: 499 | E10: 229 | F10: 270 | G10: 0 | H10: 0 | I10: 1 | J10: 0 | K10: 140 | L10: 96 | M10: 10 | N10: 8 | O10: 38 | P10: 140 | Q10: 37 | R10: 26 | S10: 3 | T10: 0 | U10: 0 | V10: 0
A11: 新北市 | B11: 計 | C11: Total | D11: 1014 | E11: 463 | F11: 551 | G11: 0 | H11: 0 | I11: 0 | J11: 0 | K11: 325 | L11: 210 | M11: 36 | N11: 21 | O11: 60 | P11: 289 | Q11: 35 | R11: 23 | S11: 7 | T11: 8 | U11: 0 | V11: 0
A12: New Taipei City | B12: 一般 | C12: General | D12: 960 | E12: 444 | F12: 516 | G12: 0 | H12: 0 | I12: 0 | J12: 0 | K12: 309 | L12: 195 | M12: 35 | N12: 20 | O12: 59 | P12: 270 | Q12: 34 | R12: 23 | S12: 7 | T12: 8 | U12: 0 | V12: 0
B13: 原住民 | C13: Indigenous | D13: 54 | E13: 19 | F13: 35 | G13: 0 | H13: 0 | I13: 0 | J13: 0 | K13: 16 | L13: 15 | M13: 1 | N13: 1 | O13: 1 | P13: 19 | Q13: 1 | R13: 0 | S13: 0 | T13: 0 | U13: 0 | V13: 0
A14: 臺北市 | B14: 計 | C14: Total | D14: 506 | E14: 246 | F14: 260 | G14: 0 | H14: 0 | I14: 0 | J14: 0 | K14: 156 | L14: 108 | M14: 4 | N14: 6 | O14: 36 | P14: 107 | Q14: 49 | R14: 38 | S14: 1 | T14: 1 | U14: 0 | V14: 0
A15: Taipei City | B15: 一般 | C15: General | D15: 500 | E15: 243 | F15: 257 | G15: 0 | H15: 0 | I15: 0 | J15: 0 | K15: 153 | L15: 105 | M15: 4 | N15: 6 | O15: 36 | P15: 107 | Q15: 49 | R15: 38 | S15: 1 | T15: 1 | U15: 0 | V15: 0
B16: 原住民 | C16: Indigenous | D16: 6 | E16: 3 | F16: 3 | G16: 0 | H16: 0 | I16: 0 | J16: 0 | K16: 3 | L16: 3 | M16: 0 | N16: 0 | O16: 0 | P16: 0 | Q16: 0 | R16: 0 | S16: 0 | T16: 0 | U16: 0 | V16: 0
A17: 桃園市 | B17: 計 | C17: Total | D17: 545 | E17: 259 | F17: 286 | G17: 0 | H17: 0 | I17: 0 | J17: 0 | K17: 213 | L17: 132 | M17: 1 | N17: 0 | O17: 28 | P17: 149 | Q17: 17 | R17: 4 | S17: 0 | T17: 1 | U17: 0 | V17: 0
A18: Taoyuan City | B18: 一般 | C18: General | D18: 447 | E18: 205 | F18: 242 | G18: 0 | H18: 0 | I18: 0 | J18: 0 | K18: 171 | L18: 115 | M18: 0 | N18: 0 | O18: 22 | P18: 124 | Q18: 12 | R18: 2 | S18: 0 | T18: 1 | U18: 0 | V18: 0
B19: 原住民 | C19: Indigenous | D19: 98 | E19: 54 | F19: 44 | G19: 0 | H19: 0 | I19: 0 | J19: 0 | K19: 42 | L19: 17 | M19: 1 | N19: 0 | O19: 6 | P19: 25 | Q19: 5 | R19: 2 | S19: 0 | T19: 0 | U19: 0 | V19: 0
A20: 臺中市 | B20: 計 | C20: Total | D20: 622 | E20: 315 | F20: 307 | G20: 0 | H20: 0 | I20: 0 | J20: 0 | K20: 216 | L20: 142 | M20: 10 | N20: 10 | O20: 50 | P20: 130 | Q20: 30 | R20: 21 | S20: 9 | T20: 4 | U20: 0 | V20: 0
A21: Taichung City | B21: 一般 | C21: General | D21: 589 | E21: 303 | F21: 286 | G21: 0 | H21: 0 | I21: 0 | J21: 0 | K21: 209 | L21: 132 | M21: 7 | N21: 10 | O21: 48 | P21: 120 | Q21: 30 | R21: 20 | S21: 9 | T21: 4 | U21: 0 | V21: 0
B22: 原住民 | C22: Indigenous | D22: 33 | E22: 12 | F22: 21 | G22: 0 | H22: 0 | I22: 0 | J22: 0 | K22: 7 | L22: 10 | M22: 3 | N22: 0 | O22: 2 | P22: 10 | Q22: 0 | R22: 1 | S22: 0 | T22: 0 | U22: 0 | V22: 0
A23: 臺南市 | B23: 計 | C23: Total | D23: 263 | E23: 128 | F23: 135 | G23: 0 | H23: 0 | I23: 1 | J23: 0 | K23: 78 | L23: 64 | M23: 5 | N23: 4 | O23: 13 | P23: 49 | Q23: 31 | R23: 18 | S23: 0 | T23: 0 | U23: 0 | V23: 0
A24: Tainan City | B24: 一般 | C24: General | D24: 248 | E24: 118 | F24: 130 | G24: 0 | H24: 0 | I24: 1 | J24: 0 | K24: 71 | L24: 61 | M24: 5 | N24: 4 | O24: 12 | P24: 47 | Q24: 29 | R24: 18 | S24: 0 | T24: 0 | U24: 0 | V24: 0
B25: 原住民 | C25: Indigenous | D25: 15 | E25: 10 | F25: 5 | G25: 0 | H25: 0 | I25: 0 | J25: 0 | K25: 7 | L25: 3 | M25: 0 | N25: 0 | O25: 1 | P25: 2 | Q25: 2 | R25: 0 | S25: 0 | T25: 0 | U25: 0 | V25: 0
A26: 高雄市 | B26: 計 | C26: Total | D26: 553 | E26: 259 | F26: 294 | G26: 1 | H26: 0 | I26: 0 | J26: 1 | K26: 184 | L26: 123 | M26: 11 | N26: 13 | O26: 24 | P26: 135 | Q26: 36 | R26: 21 | S26: 3 | T26: 1 | U26: 0 | V26: 0
A27: Kaohsiung City | B27: 一般 | C27: General | D27: 516 | E27: 244 | F27: 272 | G27: 1 | H27: 0 | I27: 0 | J27: 1 | K27: 177 | L27: 116 | M27: 10 | N27: 11 | O27: 21 | P27: 123 | Q27: 34 | R27: 20 | S27: 1 | T27: 1 | U27: 0 | V27: 0
B28: 原住民 | C28: Indigenous | D28: 37 | E28: 15 | F28: 22 | G28: 0 | H28: 0 | I28: 0 | J28: 0 | K28: 7 | L28: 7 | M28: 1 | N28: 2 | O28: 3 | P28: 12 | Q28: 2 | R28: 1 | S28: 2 | T28: 0 | U28: 0 | V28: 0
A29: 宜蘭縣 | B29: 計 | C29: Total | D29: 47 | E29: 21 | F29: 26 | G29: 0 | H29: 0 | I29: 0 | J29: 0 | K29: 13 | L29: 5 | M29: 1 | N29: 2 | O29: 2 | P29: 18 | Q29: 5 | R29: 1 | S29: 0 | T29: 0 | U29: 0 | V29: 0
A30: Yilan County | B30: 一般 | C30: General | D30: 44 | E30: 19 | F30: 25 | G30: 0 | H30: 0 | I30: 0 | J30: 0 | K30: 13 | L30: 5 | M30: 1 | N30: 2 | O30: 0 | P30: 17 | Q30: 5 | R30: 1 | S30: 0 | T30: 0 | U30: 0 | V30: 0
B31: 原住民 | C31: Indigenous | D31: 3 | E31: 2 | F31: 1 | G31: 0 | H31: 0 | I31: 0 | J31: 0 | K31: 0 | L31: 0 | M31: 0 | N31: 0 | O31: 2 | P31: 1 | Q31: 0 | R31: 0 | S31: 0 | T31: 0 | U31: 0 | V31: 0
A32: 新竹縣 | B32: 計 | C32: Total | D32: 212 | E32: 95 | F32: 117 | G32: 0 | H32: 1 | I32: 1 | J32: 0 | K32: 65 | L32: 54 | M32: 5 | N32: 5 | O32: 5 | P32: 45 | Q32: 17 | R32: 12 | S32: 2 | T32: 0 | U32: 0 | V32: 0
A33: Hsinchu County | B33: 一般 | C33: General | D33: 175 | E33: 77 | F33: 98 | G33: 0 | H33: 1 | I33: 0 | J33: 0 | K33: 56 | L33: 47 | M33: 5 | N33: 4 | O33: 4 | P33: 38 | Q33: 10 | R33: 8 | S33: 2 | T33: 0 | U33: 0 | V33: 0
B34: 原住民 | C34: Indigenous | D34: 37 | E34: 18 | F34: 19 | G34: 0 | H34: 0 | I34: 1 | J34: 0 | K34: 9 | L34: 7 | M34: 0 | N34: 1 | O34: 1 | P34: 7 | Q34: 7 | R34: 4 | S34: 0 | T34: 0 | U34: 0 | V34: 0
A35: 苗栗縣 | B35: 計 | C35: Total | D35: 75 | E35: 25 | F35: 50 | G35: 0 | H35: 0 | I35: 0 | J35: 0 | K35: 15 | L35: 16 | M35: 1 | N35: 2 | O35: 3 | P35: 30 | Q35: 6 | R35: 2 | S35: 0 | T35: 0 | U35: 0 | V35: 0
A36: Miaoli County | B36: 一般 | C36: General | D36: 66 | E36: 22 | F36: 44 | G36: 0 | H36: 0 | I36: 0 | J36: 0 | K36: 13 | L36: 13 | M36: 1 | N36: 1 | O36: 2 | P36: 28 | Q36: 6 | R36: 2 | S36: 0 | T36: 0 | U36: 0 | V36: 0
B37: 原住民 | C37: Indigenous | D37: 9 | E37: 3 | F37: 6 | G37: 0 | H37: 0 | I37: 0 | J37: 0 | K37: 2 | L37: 3 | M37: 0 | N37: 1 | O37: 1 | P37: 2 | Q37: 0 | R37: 0 | S37: 0 | T37: 0 | U37: 0 | V37: 0
A38: 彰化縣 | B38: 計 | C38: Total | D38: 260 | E38: 107 | F38: 153 | G38: 0 | H38: 0 | I38: 0 | J38: 0 | K38: 52 | L38: 41 | M38: 17 | N38: 8 | O38: 20 | P38: 83 | Q38: 18 | R38: 20 | S38: 0 | T38: 1 | U38: 0 | V38: 0
A39: Changhua County | B39: 一般 | C39: General | D39: 242 | E39: 103 | F39: 139 | G39: 0 | H39: 0 | I39: 0 | J39: 0 | K39: 50 | L39: 38 | M39: 16 | N39: 8 | O39: 20 | P39: 73 | Q39: 17 | R39: 19 | S39: 0 | T39: 1 | U39: 0 | V39: 0
B40: 原住民 | C40: Indigenous | D40: 18 | E40: 4 | F40: 14 | G40: 0 | H40: 0 | I40: 0 | J40: 0 | K40: 2 | L40: 3 | M40: 1 | N40: 0 | O40: 0 | P40: 10 | Q40: 1 | R40: 1 | S40: 0 | T40: 0 | U40: 0 | V40: 0
A41: 南投縣 | B41: 計 | C41: Total | D41: 107 | E41: 50 | F41: 57 | G41: 0 | H41: 0 | I41: 0 | J41: 0 | K41: 18 | L41: 14 | M41: 3 | N41: 4 | O41: 9 | P41: 23 | Q41: 19 | R41: 15 | S41: 1 | T41: 1 | U41: 0 | V41: 0
A42: Nantou County | B42: 一般 | C42: General | D42: 95 | E42: 45 | F42: 50 | G42: 0 | H42: 0 | I42: 0 | J42: 0 | K42: 16 | L42: 13 | M42: 3 | N42: 4 | O42: 6 | P42: 17 | Q42: 19 | R42: 15 | S42: 1 | T42: 1 | U42: 0 | V42: 0
B43: 原住民 | C43: Indigenous | D43: 12 | E43: 5 | F43: 7 | G43: 0 | H43: 0 | I43: 0 | J43: 0 | K43: 2 | L43: 1 | M43: 0 | N43: 0 | O43: 3 | P43: 6 | Q43: 0 | R43: 0 | S43: 0 | T43: 0 | U43: 0 | V43: 0
A44: 雲林縣 | B44: 計 | C44: Total | D44: 142 | E44: 50 | F44: 92 | G44: 0 | H44: 0 | I44: 0 | J44: 0 | K44: 38 | L44: 40 | M44: 2 | N44: 4 | O44: 6 | P44: 39 | Q44: 4 | R44: 9 | S44: 0 | T44: 0 | U44: 0 | V44: 0
A45: Yunlin County | B45: 一般 | C45: General | D45: 137 | E45: 48 | F45: 89 | G45: 0 | H45: 0 | I45: 0 | J45: 0 | K45: 36 | L45: 39 | M45: 2 | N45: 4 | O45: 6 | P45: 37 | Q45: 4 | R45: 9 | S45: 0 | T45: 0 | U45: 0 | V45: 0
B46: 原住民 | C46: Indigenous | D46: 5 | E46: 2 | F46: 3 | G46: 0 | H46: 0 | I46: 0 | J46: 0 | K46: 2 | L46: 1 | M46: 0 | N46: 0 | O46: 0 | P46: 2 | Q46: 0 | R46: 0 | S46: 0 | T46: 0 | U46: 0 | V46: 0
A47: 嘉義縣 | B47: 計 | C47: Total | D47: 78 | E47: 36 | F47: 42 | G47: 0 | H47: 0 | I47: 0 | J47: 0 | K47: 19 | L47: 13 | M47: 0 | N47: 0 | O47: 7 | P47: 21 | Q47: 10 | R47: 8 | S47: 0 | T47: 0 | U47: 0 | V47: 0
A48: Chiayi County | B48: 一般 | C48: General | D48: 68 | E48: 29 | F48: 39 | G48: 0 | H48: 0 | I48: 0 | J48: 0 | K48: 18 | L48: 12 | M48: 0 | N48: 0 | O48: 2 | P48: 21 | Q48: 9 | R48: 6 | S48: 0 | T48: 0 | U48: 0 | V48: 0
B49: 原住民 | C49: Indigenous | D49: 10 | E49: 7 | F49: 3 | G49: 0 | H49: 0 | I49: 0 | J49: 0 | K49: 1 | L49: 1 | M49: 0 | N49: 0 | O49: 5 | P49: 0 | Q49: 1 | R49: 2 | S49: 0 | T49: 0 | U49: 0 | V49: 0
A50: 屏東縣 | B50: 計 | C50: Total | D50: 165 | E50: 67 | F50: 98 | G50: 0 | H50: 0 | I50: 2 | J50: 0 | K50: 38 | L50: 41 | M50: 5 | N50: 6 | O50: 11 | P50: 49 | Q50: 9 | R50: 2 | S50: 2 | T50: 0 | U50: 0 | V50: 0
A51: Pingtung County | B51: 一般 | C51: General | D51: 149 | E51: 63 | F51: 86 | G51: 0 | H51: 0 | I51: 2 | J51: 0 | K51: 37 | L51: 35 | M51: 5 | N51: 6 | O51: 9 | P51: 43 | Q51: 8 | R51: 2 | S51: 2 | T51: 0 | U51: 0 | V51: 0
B52: 原住民 | C52: Indigenous | D52: 16 | E52: 4 | F52: 12 | G52: 0 | H52: 0 | I52: 0 | J52: 0 | K52: 1 | L52: 6 | M52: 0 | N52: 0 | O52: 2 | P52: 6 | Q52: 1 | R52: 0 | S52: 0 | T52: 0 | U52: 0 | V52: 0
A53: 臺東縣 | B53: 計 | C53: Total | D53: 42 | E53: 15 | F53: 27 | G53: 0 | H53: 0 | I53: 0 | J53: 0 | K53: 8 | L53: 6 | M53: 0 | N53: 0 | O53: 5 | P53: 18 | Q53: 2 | R53: 2 | S53: 0 | T53: 1 | U53: 0 | V53: 0
A54: Taitung County | B54: 一般 | C54: General | D54: 12 | E54: 4 | F54: 8 | G54: 0 | H54: 0 | I54: 0 | J54: 0 | K54: 2 | L54: 3 | M54: 0 | N54: 0 | O54: 2 | P54: 4 | Q54: 0 | R54: 0 | S54: 0 | T54: 1 | U54: 0 | V54: 0
B55: 原住民 | C55: Indigenous | D55: 30 | E55: 11 | F55: 19 | G55: 0 | H55: 0 | I55: 0 | J55: 0 | K55: 6 | L55: 3 | M55: 0 | N55: 0 | O55: 3 | P55: 14 | Q55: 2 | R55: 2 | S55: 0 | T55: 0 | U55: 0 | V55: 0
A56: 花蓮縣 | B56: 計 | C56: Total | D56: 151 | E56: 68 | F56: 83 | G56: 0 | H56: 0 | I56: 0 | J56: 0 | K56: 38 | L56: 26 | M56: 4 | N56: 2 | O56: 7 | P56: 39 | Q56: 17 | R56: 15 | S56: 2 | T56: 1 | U56: 0 | V56: 0
A57: Hualien County | B57: 一般 | C57: General | D57: 52 | E57: 15 | F57: 37 | G57: 0 | H57: 0 | I57: 0 | J57: 0 | K57: 8 | L57: 14 | M57: 1 | N57: 0 | O57: 1 | P57: 17 | Q57: 4 | R57: 5 | S57: 1 | T57: 1 | U57: 0 | V57: 0
B58: 原住民 | C58: Indigenous | D58: 99 | E58: 53 | F58: 46 | G58: 0 | H58: 0 | I58: 0 | J58: 0 | K58: 30 | L58: 12 | M58: 3 | N58: 2 | O58: 6 | P58: 22 | Q58: 13 | R58: 10 | S58: 1 | T58: 0 | U58: 0 | V58: 0
A59: 澎湖縣 | B59: 計 | C59: Total | D59: 6 | E59: 2 | F59: 4 | G59: 0 | H59: 0 | I59: 0 | J59: 0 | K59: 0 | L59: 0 | M59: 0 | N59: 0 | O59: 0 | P59: 3 | Q59: 2 | R59: 1 | S59: 0 | T59: 0 | U59: 0 | V59: 0
A60: Penghu County | B60: 一般 | C60: General | D60: 6 | E60: 2 | F60: 4 | G60: 0 | H60: 0 | I60: 0 | J60: 0 | K60: 0 | L60: 0 | M60: 0 | N60: 0 | O60: 0 | P60: 3 | Q60: 2 | R60: 1 | S60: 0 | T60: 0 | U60: 0 | V60: 0
B61: 原住民 | C61: Indigenous | D61: 0 | E61: 0 | F61: 0 | G61: 0 | H61: 0 | I61: 0 | J61: 0 | K61: 0 | L61: 0 | M61: 0 | N61: 0 | O61: 0 | P61: 0 | Q61: 0 | R61: 0 | S61: 0 | T61: 0 | U61: 0 | V61: 0
A62: 基隆市 | B62: 計 | C62: Total | D62: 62 | E62: 25 | F62: 37 | G62: 0 | H62: 0 | I62: 0 | J62: 0 | K62: 20 | L62: 16 | M62: 1 | N62: 1 | O62: 4 | P62: 20 | Q62: 0 | R62: 0 | S62: 0 | T62: 0 | U62: 0 | V62: 0
A63: Keelung City | B63: 一般 | C63: General | D63: 57 | E63: 23 | F63: 34 | G63: 0 | H63: 0 | I63: 0 | J63: 0 | K63: 18 | L63: 13 | M63: 1 | N63: 1 | O63: 4 | P63: 20 | Q63: 0 | R63: 0 | S63: 0 | T63: 0 | U63: 0 | V63: 0
B64: 原住民 | C64: Indigenous | D64: 5 | E64: 2 | F64: 3 | G64: 0 | H64: 0 | I64: 0 | J64: 0 | K64: 2 | L64: 3 | M64: 0 | N64: 0 | O64: 0 | P64: 0 | Q64: 0 | R64: 0 | S64: 0 | T64: 0 | U64: 0 | V64: 0
A65: 新竹市 | B65: 計 | C65: Total | D65: 101 | E65: 40 | F65: 61 | G65: 0 | H65: 0 | I65: 1 | J65: 0 | K65: 17 | L65: 21 | M65: 1 | N65: 3 | O65: 13 | P65: 27 | Q65: 7 | R65: 9 | S65: 1 | T65: 1 | U65: 0 | V65: 0
A66: Hsinchu City | B66: 一般 | C66: General | D66: 91 | E66: 35 | F66: 56 | G66: 0 | H66: 0 | I66: 1 | J66: 0 | K66: 16 | L66: 20 | M66: 1 | N66: 3 | O66: 11 | P66: 25 | Q66: 5 | R66: 7 | S66: 1 | T66: 1 | U66: 0 | V66: 0
B67: 原住民 | C67: Indigenous | D67: 10 | E67: 5 | F67: 5 | G67: 0 | H67: 0 | I67: 0 | J67: 0 | K67: 1 | L67: 1 | M67: 0 | N67: 0 | O67: 2 | P67: 2 | Q67: 2 | R67: 2 | S67: 0 | T67: 0 | U67: 0 | V67: 0
A68: 嘉義市 | B68: 計 | C68: Total | D68: 55 | E68: 29 | F68: 26 | G68: 1 | H68: 0 | I68: 0 | J68: 0 | K68: 13 | L68: 9 | M68: 3 | N68: 2 | O68: 4 | P68: 8 | Q68: 8 | R68: 7 | S68: 0 | T68: 0 | U68: 0 | V68: 0
A69: Chiayi City | B69: 一般 | C69: General | D69: 55 | E69: 29 | F69: 26 | G69: 1 | H69: 0 | I69: 0 | J69: 0 | K69: 13 | L69: 9 | M69: 3 | N69: 2 | O69: 4 | P69: 8 | Q69: 8 | R69: 7 | S69: 0 | T69: 0 | U69: 0 | V69: 0
B70: 原住民 | C70: Indigenous | D70: 0 | E70: 0 | F70: 0 | G70: 0 | H70: 0 | I70: 0 | J70: 0 | K70: 0 | L70: 0 | M70: 0 | N70: 0 | O70: 0 | P70: 0 | Q70: 0 | R70: 0 | S70: 0 | T70: 0 | U70: 0 | V70: 0
A71: 金門縣 | B71: 計 | C71: Total | D71: 26 | E71: 11 | F71: 15 | G71: 0 | H71: 0 | I71: 0 | J71: 0 | K71: 7 | L71: 3 | M71: 0 | N71: 0 | O71: 0 | P71: 9 | Q71: 4 | R71: 3 | S71: 0 | T71: 0 | U71: 0 | V71: 0
A72: Kinmen County | B72: 一般 | C72: General | D72: 26 | E72: 11 | F72: 15 | G72: 0 | H72: 0 | I72: 0 | J72: 0 | K72: 7 | L72: 3 | M72: 0 | N72: 0 | O72: 0 | P72: 9 | Q72: 4 | R72: 3 | S72: 0 | T72: 0 | U72: 0 | V72: 0
B73: 原住民 | C73: Indigenous | D73: 0 | E73: 0 | F73: 0 | G73: 0 | H73: 0 | I73: 0 | J73: 0 | K73: 0 | L73: 0 | M73: 0 | N73: 0 | O73: 0 | P73: 0 | Q73: 0 | R73: 0 | S73: 0 | T73: 0 | U73: 0 | V73: 0
A74: 連江縣 | B74: 計 | C74: Total | D74: 7 | E74: 4 | F74: 3 | G74: 0 | H74: 0 | I74: 0 | J74: 0 | K74: 3 | L74: 0 | M74: 0 | N74: 1 | O74: 0 | P74: 0 | Q74: 1 | R74: 2 | S74: 0 | T74: 0 | U74: 0 | V74: 0
A75: Lienchiang County | B75: 一般 | C75: General | D75: 5 | E75: 4 | F75: 1 | G75: 0 | H75: 0 | I75: 0 | J75: 0 | K75: 3 | L75: 0 | M75: 0 | N75: 0 | O75: 0 | P75: 0 | Q75: 1 | R75: 1 | S75: 0 | T75: 0 | U75: 0 | V75: 0
B76: 原住民 | C76: Indigenous | D76: 2 | E76: 0 | F76: 2 | G76: 0 | H76: 0 | I76: 0 | J76: 0 | K76: 0 | L76: 0 | M76: 0 | N76: 1 | O76: 0 | P76: 0 | Q76: 0 | R76: 1 | S76: 0 | T76: 0 | U76: 0 | V76: 0
A77: 資料來源：各直轄市、縣市政府。
A78: Source: County and Government.
A79: 更新日期：2025/03/31

Sheet  Jan.-June, 2024
A1: 兒童及少年保護-受虐/問題類型Child and Youth Protection Cases - Type/Matter of Abused
A2: 單位：人 Unit : Person
A3: 民國113年1-6月,Jan.-June, 2024 | D3: =IF(D8=SUM(D11,D14,D17,D20,D23,D26,D29,D32,D35,D38,D41,D44,D47,D50,D53,D56,D59,D62,D65,D68,D71,D74,),"",SUM(D11,D14,D17,D20,D23,D26,D29,D32,D35,D38,D41,D44,D47,D50,D53,D56,D59,D62,D65,D68,D71,D74,)) | E3: =IF(E8=SUM(E11,E14,E17,E20,E23,E26,E29,E32,E35,E38,E41,E44,E47,E50,E53,E56,E59,E62,E65,E68,E71,E74,),"",SUM(E11,E14,E17,E20,E23,E26,E29,E32,E35,E38,E41,E44,E47,E50,E53,E56,E59,E62,E65,E68,E71,E74,)) | F3: =IF(F8=SUM(F11,F14,F17,F20,F23,F26,F29,F32,F35,F38,F41,F44,F47,F50,F53,F56,F59,F62,F65,F68,F71,F74,),"",SUM(F11,F14,F17,F20,F23,F26,F29,F32,F35,F38,F41,F44,F47,F50,F53,F56,F59,F62,F65,F68,F71,F74,)) | G3: =IF(G8=SUM(G11,G14,G17,G20,G23,G26,G29,G32,G35,G38,G41,G44,G47,G50,G53,G56,G59,G62,G65,G68,G71,G74,),"",SUM(G11,G14,G17,G20,G23,G26,G29,G32,G35,G38,G41,G44,G47,G50,G53,G56,G59,G62,G65,G68,G71,G74,)) | H3: =IF(H8=SUM(H11,H14,H17,H20,H23,H26,H29,H32,H35,H38,H41,H44,H47,H50,H53,H56,H59,H62,H65,H68,H71,H74,),"",SUM(H11,H14,H17,H20,H23,H26,H29,H32,H35,H38,H41,H44,H47,H50,H53,H56,H59,H62,H65,H68,H71,H74,)) | I3: =IF(I8=SUM(I11,I14,I17,I20,I23,I26,I29,I32,I35,I38,I41,I44,I47,I50,I53,I56,I59,I62,I65,I68,I71,I74,),"",SUM(I11,I14,I17,I20,I23,I26,I29,I32,I35,I38,I41,I44,I47,I50,I53,I56,I59,I62,I65,I68,I71,I74,)) | J3: =IF(J8=SUM(J11,J14,J17,J20,J23,J26,J29,J32,J35,J38,J41,J44,J47,J50,J53,J56,J59,J62,J65,J68,J71,J74,),"",SUM(J11,J14,J17,J20,J23,J26,J29,J32,J35,J38,J41,J44,J47,J50,J53,J56,J59,J62,J65,J68,J71,J74,)) | K3: =IF(K8=SUM(K11,K14,K17,K20,K23,K26,K29,K32,K35,K38,K41,K44,K47,K50,K53,K56,K59,K62,K65,K68,K71,K74,),"",SUM(K11,K14,K17,K20,K23,K26,K29,K32,K35,K38,K41,K44,K47,K50,K53,K56,K59,K62,K65,K68,K71,K74,)) | ... V3: =IF(V8=SUM(V11,V14,V17,V20,V23,V26,V29,V32,V35,V38,V41,V44,V47,V50,V53,V56,V59,V62,V65,V68,V71,V74,),"",SUM(V11,V14,V17,V20,V23,V26,V29,V32,V35,V38,V41,V44,V47,V50,V53,V56,V59,V62,V65,V68,V71,V74,))
A4: 區域及特殊族群別 Locality & Ethnos | D4: 兒童少年受虐/間題類型 (人數)By Types/Matters (Person)
D5: 總計 Total | G5: 遺棄 Abandon | K5: 身心不當對待Physical Emotional Abuse | S5: 目睹家暴 Witnessing Domestic Violence | U5: 兒少物質濫用
G6: 棄嬰 Abandoned Infants | I6: 棄兒 Abandoned Children | K6: 身體不當對待 Physical Abuse | M6: 精神不當對待 Emotional Abuse | O6: 性不當對待 Sexual Abuse | Q6: 疏忽 Neglect
D7: 合計 SubTotal | E7: 男 Male | F7: 女 Female | G7: 男 Male | H7: 女 Female | I7: 男 Male | J7: 女 Female | K7: 男 Male | L7: 女 Female | M7: 男 Male | N7: 女 Female | O7: 男 Male | P7: 女 Female | Q7: 男 Male | R7: 女 Female | S7: 男 Male | T7: 女 Female | U7: 男 Male | V7: 女 Female
A8: 總計 | B8: 計 | C8: Total | D8: 5771 | E8: 2521 | F8: 3250 | G8: 3 | H8: 5 | I8: 5 | J8: 3 | K8: 1804 | L8: 1242 | M8: 144 | N8: 144 | O8: 278 | P8: 1591 | Q8: 273 | R8: 243 | S8: 9 | T8: 11 | U8: 5 | V8: 11
A9: Total | B9: 一般 | C9: General | D9: 5255 | E9: 2289 | F9: 2966 | G9: 3 | H9: 5 | I9: 5 | J9: 3 | K9: 1659 | L9: 1167 | M9: 132 | N9: 126 | O9: 237 | P9: 1430 | Q9: 241 | R9: 222 | S9: 9 | T9: 9 | U9: 3 | V9: 4
B10: 原住民 | C10: Indigenous | D10: 516 | E10: 232 | F10: 284 | G10: 0 | H10: 0 | I10: 0 | J10: 0 | K10: 145 | L10: 75 | M10: 12 | N10: 18 | O10: 41 | P10: 161 | Q10: 32 | R10: 21 | S10: 0 | T10: 2 | U10: 2 | V10: 7
A11: 新北市 | B11: 計 | C11: Total | D11: 1208 | E11: 511 | F11: 697 | G11: 0 | H11: 0 | I11: 0 | J11: 0 | K11: 411 | L11: 275 | M11: 27 | N11: 32 | O11: 43 | P11: 361 | Q11: 27 | R11: 26 | S11: 3 | T11: 3 | U11: 0 | V11: 0
A12: New Taipei City | B12: 一般 | C12: General | D12: 1132 | E12: 473 | F12: 659 | G12: 0 | H12: 0 | I12: 0 | J12: 0 | K12: 379 | L12: 261 | M12: 25 | N12: 27 | O12: 40 | P12: 344 | Q12: 26 | R12: 24 | S12: 3 | T12: 3 | U12: 0 | V12: 0
B13: 原住民 | C13: Indigenous | D13: 76 | E13: 38 | F13: 38 | G13: 0 | H13: 0 | I13: 0 | J13: 0 | K13: 32 | L13: 14 | M13: 2 | N13: 5 | O13: 3 | P13: 17 | Q13: 1 | R13: 2 | S13: 0 | T13: 0 | U13: 0 | V13: 0
A14: 臺北市 | B14: 計 | C14: Total | D14: 571 | E14: 252 | F14: 319 | G14: 0 | H14: 0 | I14: 0 | J14: 0 | K14: 172 | L14: 122 | M14: 8 | N14: 7 | O14: 44 | P14: 155 | Q14: 28 | R14: 34 | S14: 0 | T14: 1 | U14: 0 | V14: 0
A15: Taipei City | B15: 一般 | C15: General | D15: 551 | E15: 240 | F15: 311 | G15: 0 | H15: 0 | I15: 0 | J15: 0 | K15: 164 | L15: 120 | M15: 8 | N15: 7 | O15: 44 | P15: 150 | Q15: 24 | R15: 33 | S15: 0 | T15: 1 | U15: 0 | V15: 0
B16: 原住民 | C16: Indigenous | D16: 20 | E16: 12 | F16: 8 | G16: 0 | H16: 0 | I16: 0 | J16: 0 | K16: 8 | L16: 2 | M16: 0 | N16: 0 | O16: 0 | P16: 5 | Q16: 4 | R16: 1 | S16: 0 | T16: 0 | U16: 0 | V16: 0
A17: 桃園市 | B17: 計 | C17: Total | D17: 505 | E17: 232 | F17: 273 | G17: 0 | H17: 0 | I17: 0 | J17: 0 | K17: 181 | L17: 117 | M17: 11 | N17: 9 | O17: 22 | P17: 139 | Q17: 18 | R17: 8 | S17: 0 | T17: 0 | U17: 0 | V17: 0
A18: Taoyuan City | B18: 一般 | C18: General | D18: 445 | E18: 204 | F18: 241 | G18: 0 | H18: 0 | I18: 0 | J18: 0 | K18: 156 | L18: 108 | M18: 11 | N18: 9 | O18: 19 | P18: 116 | Q18: 18 | R18: 8 | S18: 0 | T18: 0 | U18: 0 | V18: 0
B19: 原住民 | C19: Indigenous | D19: 60 | E19: 28 | F19: 32 | G19: 0 | H19: 0 | I19: 0 | J19: 0 | K19: 25 | L19: 9 | M19: 0 | N19: 0 | O19: 3 | P19: 23 | Q19: 0 | R19: 0 | S19: 0 | T19: 0 | U19: 0 | V19: 0
A20: 臺中市 | B20: 計 | C20: Total | D20: 717 | E20: 339 | F20: 378 | G20: 0 | H20: 0 | I20: 1 | J20: 0 | K20: 273 | L20: 179 | M20: 22 | N20: 25 | O20: 20 | P20: 158 | Q20: 23 | R20: 15 | S20: 0 | T20: 1 | U20: 0 | V20: 0
A21: Taichung City | B21: 一般 | C21: General | D21: 675 | E21: 316 | F21: 359 | G21: 0 | H21: 0 | I21: 1 | J21: 0 | K21: 255 | L21: 173 | M21: 22 | N21: 24 | O21: 18 | P21: 148 | Q21: 20 | R21: 14 | S21: 0 | T21: 0 | U21: 0 | V21: 0
B22: 原住民 | C22: Indigenous | D22: 42 | E22: 23 | F22: 19 | G22: 0 | H22: 0 | I22: 0 | J22: 0 | K22: 18 | L22: 6 | M22: 0 | N22: 1 | O22: 2 | P22: 10 | Q22: 3 | R22: 1 | S22: 0 | T22: 1 | U22: 0 | V22: 0
A23: 臺南市 | B23: 計 | C23: Total | D23: 309 | E23: 143 | F23: 166 | G23: 0 | H23: 0 | I23: 3 | J23: 2 | K23: 100 | L23: 75 | M23: 1 | N23: 3 | O23: 10 | P23: 66 | Q23: 28 | R23: 19 | S23: 1 | T23: 1 | U23: 0 | V23: 0
A24: Tainan City | B24: 一般 | C24: General | D24: 300 | E24: 142 | F24: 158 | G24: 0 | H24: 0 | I24: 3 | J24: 2 | K24: 99 | L24: 74 | M24: 1 | N24: 3 | O24: 10 | P24: 61 | Q24: 28 | R24: 17 | S24: 1 | T24: 1 | U24: 0 | V24: 0
B25: 原住民 | C25: Indigenous | D25: 9 | E25: 1 | F25: 8 | G25: 0 | H25: 0 | I25: 0 | J25: 0 | K25: 1 | L25: 1 | M25: 0 | N25: 0 | O25: 0 | P25: 5 | Q25: 0 | R25: 2 | S25: 0 | T25: 0 | U25: 0 | V25: 0
A26: 高雄市 | B26: 計 | C26: Total | D26: 604 | E26: 283 | F26: 321 | G26: 2 | H26: 5 | I26: 0 | J26: 0 | K26: 217 | L26: 138 | M26: 15 | N26: 17 | O26: 27 | P26: 128 | Q26: 21 | R26: 33 | S26: 1 | T26: 0 | U26: 0 | V26: 0
A27: Kaohsiung City | B27: 一般 | C27: General | D27: 568 | E27: 265 | F27: 303 | G27: 2 | H27: 5 | I27: 0 | J27: 0 | K27: 210 | L27: 130 | M27: 13 | N27: 15 | O27: 22 | P27: 122 | Q27: 17 | R27: 31 | S27: 1 | T27: 0 | U27: 0 | V27: 0
B28: 原住民 | C28: Indigenous | D28: 36 | E28: 18 | F28: 18 | G28: 0 | H28: 0 | I28: 0 | J28: 0 | K28: 7 | L28: 8 | M28: 2 | N28: 2 | O28: 5 | P28: 6 | Q28: 4 | R28: 2 | S28: 0 | T28: 0 | U28: 0 | V28: 0
A29: 宜蘭縣 | B29: 計 | C29: Total | D29: 94 | E29: 31 | F29: 63 | G29: 0 | H29: 0 | I29: 0 | J29: 0 | K29: 23 | L29: 20 | M29: 1 | N29: 4 | O29: 2 | P29: 36 | Q29: 5 | R29: 3 | S29: 0 | T29: 0 | U29: 0 | V29: 0
A30: Yilan County | B30: 一般 | C30: General | D30: 84 | E30: 26 | F30: 58 | G30: 0 | H30: 0 | I30: 0 | J30: 0 | K30: 21 | L30: 20 | M30: 0 | N30: 4 | O30: 0 | P30: 31 | Q30: 5 | R30: 3 | S30: 0 | T30: 0 | U30: 0 | V30: 0
B31: 原住民 | C31: Indigenous | D31: 10 | E31: 5 | F31: 5 | G31: 0 | H31: 0 | I31: 0 | J31: 0 | K31: 2 | L31: 0 | M31: 1 | N31: 0 | O31: 2 | P31: 5 | Q31: 0 | R31: 0 | S31: 0 | T31: 0 | U31: 0 | V31: 0
A32: 新竹縣 | B32: 計 | C32: Total | D32: 204 | E32: 86 | F32: 118 | G32: 0 | H32: 0 | I32: 1 | J32: 0 | K32: 38 | L32: 30 | M32: 7 | N32: 1 | O32: 20 | P32: 73 | Q32: 18 | R32: 14 | S32: 2 | T32: 0 | U32: 0 | V32: 0
A33: Hsinchu County | B33: 一般 | C33: General | D33: 170 | E33: 67 | F33: 103 | G33: 0 | H33: 0 | I33: 1 | J33: 0 | K33: 31 | L33: 29 | M33: 7 | N33: 1 | O33: 13 | P33: 64 | Q33: 13 | R33: 9 | S33: 2 | T33: 0 | U33: 0 | V33: 0
B34: 原住民 | C34: Indigenous | D34: 34 | E34: 19 | F34: 15 | G34: 0 | H34: 0 | I34: 0 | J34: 0 | K34: 7 | L34: 1 | M34: 0 | N34: 0 | O34: 7 | P34: 9 | Q34: 5 | R34: 5 | S34: 0 | T34: 0 | U34: 0 | V34: 0
A35: 苗栗縣 | B35: 計 | C35: Total | D35: 73 | E35: 21 | F35: 52 | G35: 0 | H35: 0 | I35: 0 | J35: 0 | K35: 9 | L35: 8 | M35: 2 | N35: 2 | O35: 6 | P35: 34 | Q35: 4 | R35: 8 | S35: 0 | T35: 0 | U35: 0 | V35: 0
A36: Miaoli County | B36: 一般 | C36: General | D36: 65 | E36: 19 | F36: 46 | G36: 0 | H36: 0 | I36: 0 | J36: 0 | K36: 9 | L36: 7 | M36: 2 | N36: 1 | O36: 6 | P36: 30 | Q36: 2 | R36: 8 | S36: 0 | T36: 0 | U36: 0 | V36: 0
B37: 原住民 | C37: Indigenous | D37: 8 | E37: 2 | F37: 6 | G37: 0 | H37: 0 | I37: 0 | J37: 0 | K37: 0 | L37: 1 | M37: 0 | N37: 1 | O37: 0 | P37: 4 | Q37: 2 | R37: 0 | S37: 0 | T37: 0 | U37: 0 | V37: 0
A38: 彰化縣 | B38: 計 | C38: Total | D38: 284 | E38: 119 | F38: 165 | G38: 0 | H38: 0 | I38: 0 | J38: 0 | K38: 72 | L38: 48 | M38: 21 | N38: 16 | O38: 13 | P38: 89 | Q38: 13 | R38: 12 | S38: 0 | T38: 0 | U38: 0 | V38: 0
A39: Changhua County | B39: 一般 | C39: General | D39: 275 | E39: 113 | F39: 162 | G39: 0 | H39: 0 | I39: 0 | J39: 0 | K39: 70 | L39: 46 | M39: 21 | N39: 16 | O39: 9 | P39: 88 | Q39: 13 | R39: 12 | S39: 0 | T39: 0 | U39: 0 | V39: 0
B40: 原住民 | C40: Indigenous | D40: 9 | E40: 6 | F40: 3 | G40: 0 | H40: 0 | I40: 0 | J40: 0 | K40: 2 | L40: 2 | M40: 0 | N40: 0 | O40: 4 | P40: 1 | Q40: 0 | R40: 0 | S40: 0 | T40: 0 | U40: 0 | V40: 0
A41: 南投縣 | B41: 計 | C41: Total | D41: 114 | E41: 51 | F41: 63 | G41: 0 | H41: 0 | I41: 0 | J41: 0 | K41: 35 | L41: 27 | M41: 3 | N41: 3 | O41: 5 | P41: 29 | Q41: 8 | R41: 4 | S41: 0 | T41: 0 | U41: 0 | V41: 0
A42: Nantou County | B42: 一般 | C42: General | D42: 99 | E42: 46 | F42: 53 | G42: 0 | H42: 0 | I42: 0 | J42: 0 | K42: 31 | L42: 23 | M42: 3 | N42: 2 | O42: 4 | P42: 24 | Q42: 8 | R42: 4 | S42: 0 | T42: 0 | U42: 0 | V42: 0
B43: 原住民 | C43: Indigenous | D43: 15 | E43: 5 | F43: 10 | G43: 0 | H43: 0 | I43: 0 | J43: 0 | K43: 4 | L43: 4 | M43: 0 | N43: 1 | O43: 1 | P43: 5 | Q43: 0 | R43: 0 | S43: 0 | T43: 0 | U43: 0 | V43: 0
A44: 雲林縣 | B44: 計 | C44: Total | D44: 182 | E44: 70 | F44: 112 | G44: 0 | H44: 0 | I44: 0 | J44: 0 | K44: 50 | L44: 30 | M44: 4 | N44: 5 | O44: 9 | P44: 67 | Q44: 7 | R44: 7 | S44: 0 | T44: 3 | U44: 0 | V44: 0
A45: Yunlin County | B45: 一般 | C45: General | D45: 180 | E45: 70 | F45: 110 | G45: 0 | H45: 0 | I45: 0 | J45: 0 | K45: 50 | L45: 28 | M45: 4 | N45: 5 | O45: 9 | P45: 67 | Q45: 7 | R45: 7 | S45: 0 | T45: 3 | U45: 0 | V45: 0
B46: 原住民 | C46: Indigenous | D46: 2 | E46: 0 | F46: 2 | G46: 0 | H46: 0 | I46: 0 | J46: 0 | K46: 0 | L46: 2 | M46: 0 | N46: 0 | O46: 0 | P46: 0 | Q46: 0 | R46: 0 | S46: 0 | T46: 0 | U46: 0 | V46: 0
A47: 嘉義縣 | B47: 計 | C47: Total | D47: 126 | E47: 62 | F47: 64 | G47: 0 | H47: 0 | I47: 0 | J47: 0 | K47: 36 | L47: 30 | M47: 5 | N47: 3 | O47: 6 | P47: 18 | Q47: 15 | R47: 13 | S47: 0 | T47: 0 | U47: 0 | V47: 0
A48: Chiayi County | B48: 一般 | C48: General | D48: 121 | E48: 61 | F48: 60 | G48: 0 | H48: 0 | I48: 0 | J48: 0 | K48: 36 | L48: 28 | M48: 4 | N48: 3 | O48: 6 | P48: 16 | Q48: 15 | R48: 13 | S48: 0 | T48: 0 | U48: 0 | V48: 0
B49: 原住民 | C49: Indigenous | D49: 5 | E49: 1 | F49: 4 | G49: 0 | H49: 0 | I49: 0 | J49: 0 | K49: 0 | L49: 2 | M49: 1 | N49: 0 | O49: 0 | P49: 2 | Q49: 0 | R49: 0 | S49: 0 | T49: 0 | U49: 0 | V49: 0
A50: 屏東縣 | B50: 計 | C50: Total | D50: 210 | E50: 96 | F50: 114 | G50: 0 | H50: 0 | I50: 0 | J50: 0 | K50: 58 | L50: 36 | M50: 7 | N50: 7 | O50: 13 | P50: 60 | Q50: 17 | R50: 11 | S50: 1 | T50: 0 | U50: 0 | V50: 0
A51: Pingtung County | B51: 一般 | C51: General | D51: 171 | E51: 81 | F51: 90 | G51: 0 | H51: 0 | I51: 0 | J51: 0 | K51: 47 | L51: 28 | M51: 5 | N51: 3 | O51: 12 | P51: 48 | Q51: 16 | R51: 11 | S51: 1 | T51: 0 | U51: 0 | V51: 0
B52: 原住民 | C52: Indigenous | D52: 39 | E52: 15 | F52: 24 | G52: 0 | H52: 0 | I52: 0 | J52: 0 | K52: 11 | L52: 8 | M52: 2 | N52: 4 | O52: 1 | P52: 12 | Q52: 1 | R52: 0 | S52: 0 | T52: 0 | U52: 0 | V52: 0
A53: 臺東縣 | B53: 計 | C53: Total | D53: 65 | E53: 25 | F53: 40 | G53: 0 | H53: 0 | I53: 0 | J53: 1 | K53: 9 | L53: 5 | M53: 0 | N53: 1 | O53: 8 | P53: 21 | Q53: 3 | R53: 1 | S53: 0 | T53: 0 | U53: 5 | V53: 11
A54: Taitung County | B54: 一般 | C54: General | D54: 27 | E54: 10 | F54: 17 | G54: 0 | H54: 0 | I54: 0 | J54: 1 | K54: 4 | L54: 2 | M54: 0 | N54: 1 | O54: 1 | P54: 8 | Q54: 2 | R54: 1 | S54: 0 | T54: 0 | U54: 3 | V54: 4
B55: 原住民 | C55: Indigenous | D55: 38 | E55: 15 | F55: 23 | G55: 0 | H55: 0 | I55: 0 | J55: 0 | K55: 5 | L55: 3 | M55: 0 | N55: 0 | O55: 7 | P55: 13 | Q55: 1 | R55: 0 | S55: 0 | T55: 0 | U55: 2 | V55: 7
A56: 花蓮縣 | B56: 計 | C56: Total | D56: 175 | E56: 70 | F56: 105 | G56: 1 | H56: 0 | I56: 0 | J56: 0 | K56: 38 | L56: 25 | M56: 5 | N56: 7 | O56: 7 | P56: 58 | Q56: 19 | R56: 15 | S56: 0 | T56: 0 | U56: 0 | V56: 0
A57: Hualien County | B57: 一般 | C57: General | D57: 73 | E57: 27 | F57: 46 | G57: 1 | H57: 0 | I57: 0 | J57: 0 | K57: 15 | L57: 14 | M57: 1 | N57: 3 | O57: 2 | P57: 22 | Q57: 8 | R57: 7 | S57: 0 | T57: 0 | U57: 0 | V57: 0
B58: 原住民 | C58: Indigenous | D58: 102 | E58: 43 | F58: 59 | G58: 0 | H58: 0 | I58: 0 | J58: 0 | K58: 23 | L58: 11 | M58: 4 | N58: 4 | O58: 5 | P58: 36 | Q58: 11 | R58: 8 | S58: 0 | T58: 0 | U58: 0 | V58: 0
A59: 澎湖縣 | B59: 計 | C59: Total | D59: 25 | E59: 4 | F59: 21 | G59: 0 | H59: 0 | I59: 0 | J59: 0 | K59: 3 | L59: 3 | M59: 0 | N59: 0 | O59: 1 | P59: 17 | Q59: 0 | R59: 0 | S59: 0 | T59: 1 | U59: 0 | V59: 0
A60: Penghu County | B60: 一般 | C60: General | D60: 23 | E60: 4 | F60: 19 | G60: 0 | H60: 0 | I60: 0 | J60: 0 | K60: 3 | L60: 3 | M60: 0 | N60: 0 | O60: 1 | P60: 16 | Q60: 0 | R60: 0 | S60: 0 | T60: 0 | U60: 0 | V60: 0
B61: 原住民 | C61: Indigenous | D61: 2 | E61: 0 | F61: 2 | G61: 0 | H61: 0 | I61: 0 | J61: 0 | K61: 0 | L61: 0 | M61: 0 | N61: 0 | O61: 0 | P61: 1 | Q61: 0 | R61: 0 | S61: 0 | T61: 1 | U61: 0 | V61: 0
A62: 基隆市 | B62: 計 | C62: Total | D62: 87 | E62: 28 | F62: 59 | G62: 0 | H62: 0 | I62: 0 | J62: 0 | K62: 19 | L62: 23 | M62: 0 | N62: 1 | O62: 9 | P62: 35 | Q62: 0 | R62: 0 | S62: 0 | T62: 0 | U62: 0 | V62: 0
A63: Keelung City | B63: 一般 | C63: General | D63: 81 | E63: 27 | F63: 54 | G63: 0 | H63: 0 | I63: 0 | J63: 0 | K63: 19 | L63: 22 | M63: 0 | N63: 1 | O63: 8 | P63: 31 | Q63: 0 | R63: 0 | S63: 0 | T63: 0 | U63: 0 | V63: 0
B64: 原住民 | C64: Indigenous | D64: 6 | E64: 1 | F64: 5 | G64: 0 | H64: 0 | I64: 0 | J64: 0 | K64: 0 | L64: 1 | M64: 0 | N64: 0 | O64: 1 | P64: 4 | Q64: 0 | R64: 0 | S64: 0 | T64: 0 | U64: 0 | V64: 0
A65: 新竹市 | B65: 計 | C65: Total | D65: 118 | E65: 52 | F65: 66 | G65: 0 | H65: 0 | I65: 0 | J65: 0 | K65: 31 | L65: 27 | M65: 1 | N65: 0 | O65: 8 | P65: 31 | Q65: 11 | R65: 7 | S65: 1 | T65: 1 | U65: 0 | V65: 0
A66: Hsinchu City | B66: 一般 | C66: General | D66: 116 | E66: 52 | F66: 64 | G66: 0 | H66: 0 | I66: 0 | J66: 0 | K66: 31 | L66: 27 | M66: 1 | N66: 0 | O66: 8 | P66: 29 | Q66: 11 | R66: 7 | S66: 1 | T66: 1 | U66: 0 | V66: 0
B67: 原住民 | C67: Indigenous | D67: 2 | E67: 0 | F67: 2 | G67: 0 | H67: 0 | I67: 0 | J67: 0 | K67: 0 | L67: 0 | M67: 0 | N67: 0 | O67: 0 | P67: 2 | Q67: 0 | R67: 0 | S67: 0 | T67: 0 | U67: 0 | V67: 0
A68: 嘉義市 | B68: 計 | C68: Total | D68: 72 | E68: 31 | F68: 41 | G68: 0 | H68: 0 | I68: 0 | J68: 0 | K68: 19 | L68: 19 | M68: 2 | N68: 1 | O68: 4 | P68: 13 | Q68: 6 | R68: 8 | S68: 0 | T68: 0 | U68: 0 | V68: 0
A69: Chiayi City | B69: 一般 | C69: General | D69: 72 | E69: 31 | F69: 41 | G69: 0 | H69: 0 | I69: 0 | J69: 0 | K69: 19 | L69: 19 | M69: 2 | N69: 1 | O69: 4 | P69: 13 | Q69: 6 | R69: 8 | S69: 0 | T69: 0 | U69: 0 | V69: 0
B70: 原住民 | C70: Indigenous | D70: 0 | E70: 0 | F70: 0 | G70: 0 | H70: 0 | I70: 0 | J70: 0 | K70: 0 | L70: 0 | M70: 0 | N70: 0 | O70: 0 | P70: 0 | Q70: 0 | R70: 0 | S70: 0 | T70: 0 | U70: 0 | V70: 0
A71: 金門縣 | B71: 計 | C71: Total | D71: 20 | E71: 13 | F71: 7 | G71: 0 | H71: 0 | I71: 0 | J71: 0 | K71: 8 | L71: 4 | M71: 2 | N71: 0 | O71: 1 | P71: 0 | Q71: 2 | R71: 3 | S71: 0 | T71: 0 | U71: 0 | V71: 0
A72: Kinmen County | B72: 一般 | C72: General | D72: 20 | E72: 13 | F72: 7 | G72: 0 | H72: 0 | I72: 0 | J72: 0 | K72: 8 | L72: 4 | M72: 2 | N72: 0 | O72: 1 | P72: 0 | Q72: 2 | R72: 3 | S72: 0 | T72: 0 | U72: 0 | V72: 0
B73: 原住民 | C73: Indigenous | D73: 0 | E73: 0 | F73: 0 | G73: 0 | H73: 0 | I73: 0 | J73: 0 | K73: 0 | L73: 0 | M73: 0 | N73: 0 | O73: 0 | P73: 0 | Q73: 0 | R73: 0 | S73: 0 | T73: 0 | U73: 0 | V73: 0
A74: 連江縣 | B74: 計 | C74: Total | D74: 8 | E74: 2 | F74: 6 | G74: 0 | H74: 0 | I74: 0 | J74: 0 | K74: 2 | L74: 1 | M74: 0 | N74: 0 | O74: 0 | P74: 3 | Q74: 0 | R74: 2 | S74: 0 | T74: 0 | U74: 0 | V74: 0
A75: Lienchiang County | B75: 一般 | C75: General | D75: 7 | E75: 2 | F75: 5 | G75: 0 | H75: 0 | I75: 0 | J75: 0 | K75: 2 | L75: 1 | M75: 0 | N75: 0 | O75: 0 | P75: 2 | Q75: 0 | R75: 2 | S75: 0 | T75: 0 | U75: 0 | V75: 0
B76: 原住民 | C76: Indigenous | D76: 1 | E76: 0 | F76: 1 | G76: 0 | H76: 0 | I76: 0 | J76: 0 | K76: 0 | L76: 0 | M76: 0 | N76: 0 | O76: 0 | P76: 1 | Q76: 0 | R76: 0 | S76: 0 | T76: 0 | U76: 0 | V76: 0
A77: 資料來源：各直轄市、縣市政府。
A78: Source: County and Government.
A79: 更新日期：2024/09/30
A81: 總計 | B81: 計 | C81: Total | D81: 5648 | E81: 2454 | F81: 3194 | G81: 6 | H81: 1 | I81: 4 | J81: 4 | K81: 1479 | L81: 1054 | M81: 135 | N81: 154 | O81: 377 | P81: 1608 | Q81: 323 | R81: 315 | S81: 22 | T81: 21 | U81: 108 | V81: 37
A82: Total | B82: 一般 | C82: General | D82: 5051 | E82: 2211 | F82: 2840 | G82: 6 | H82: 1 | I82: 4 | J82: 3 | K82: 1342 | L82: 953 | M82: 123 | N82: 143 | O82: 339 | P82: 1419 | Q82: 277 | R82: 268 | S82: 19 | T82: 19 | U82: 101 | V82: 34
B83: 原住民 | C83: Indigenous | D83: 597 | E83: 243 | F83: 354 | G83: 0 | H83: 0 | I83: 0 | J83: 1 | K83: 137 | L83: 101 | M83: 12 | N83: 11 | O83: 38 | P83: 189 | Q83: 46 | R83: 47 | S83: 3 | T83: 2 | U83: 7 | V83: 3
A84: 新北市 | B84: 計 | C84: Total | D84: 1050 | E84: 466 | F84: 584 | G84: 0 | H84: 0 | I84: 1 | J84: 0 | K84: 294 | L84: 197 | M84: 30 | N84: 33 | O84: 93 | P84: 325 | Q84: 21 | R84: 20 | S84: 8 | T84: 4 | U84: 19 | V84: 5
A85: New Taipei City | B85: 一般 | C85: General | D85: 980 | E85: 439 | F85: 541 | G85: 0 | H85: 0 | I85: 1 | J85: 0 | K85: 281 | L85: 180 | M85: 28 | N85: 32 | O85: 85 | P85: 304 | Q85: 20 | R85: 16 | S85: 7 | T85: 4 | U85: 17 | V85: 5
B86: 原住民 | C86: Indigenous | D86: 70 | E86: 27 | F86: 43 | G86: 0 | H86: 0 | I86: 0 | J86: 0 | K86: 13 | L86: 17 | M86: 2 | N86: 1 | O86: 8 | P86: 21 | Q86: 1 | R86: 4 | S86: 1 | T86: 0 | U86: 2 | V86: 0
A87: 臺北市 | B87: 計 | C87: Total | D87: 444 | E87: 191 | F87: 253 | G87: 1 | H87: 0 | I87: 0 | J87: 1 | K87: 134 | L87: 115 | M87: 7 | N87: 5 | O87: 34 | P87: 109 | Q87: 13 | R87: 19 | S87: 0 | T87: 2 | U87: 2 | V87: 2
A88: Taipei City | B88: 一般 | C88: General | D88: 434 | E88: 188 | F88: 246 | G88: 1 | H88: 0 | I88: 0 | J88: 1 | K88: 132 | L88: 113 | M88: 7 | N88: 5 | O88: 34 | P88: 106 | Q88: 12 | R88: 17 | S88: 0 | T88: 2 | U88: 2 | V88: 2
B89: 原住民 | C89: Indigenous | D89: 10 | E89: 3 | F89: 7 | G89: 0 | H89: 0 | I89: 0 | J89: 0 | K89: 2 | L89: 2 | M89: 0 | N89: 0 | O89: 0 | P89: 3 | Q89: 1 | R89: 2 | S89: 0 | T89: 0 | U89: 0 | V89: 0
A90: 桃園市 | B90: 計 | C90: Total | D90: 666 | E90: 282 | F90: 384 | G90: 1 | H90: 1 | I90: 2 | J90: 0 | K90: 192 | L90: 145 | M90: 8 | N90: 4 | O90: 42 | P90: 195 | Q90: 31 | R90: 36 | S90: 0 | T90: 0 | U90: 6 | V90: 3
A91: Taoyuan City | B91: 一般 | C91: General | D91: 546 | E91: 235 | F91: 311 | G91: 1 | H91: 1 | I91: 2 | J91: 0 | K91: 161 | L91: 119 | M91: 8 | N91: 4 | O91: 36 | P91: 161 | Q91: 23 | R91: 24 | S91: 0 | T91: 0 | U91: 4 | V91: 2
B92: 原住民 | C92: Indigenous | D92: 120 | E92: 47 | F92: 73 | G92: 0 | H92: 0 | I92: 0 | J92: 0 | K92: 31 | L92: 26 | M92: 0 | N92: 0 | O92: 6 | P92: 34 | Q92: 8 | R92: 12 | S92: 0 | T92: 0 | U92: 2 | V92: 1
A93: 臺中市 | B93: 計 | C93: Total | D93: 942 | E93: 445 | F93: 497 | G93: 1 | H93: 0 | I93: 0 | J93: 0 | K93: 272 | L93: 175 | M93: 44 | N93: 47 | O93: 36 | P93: 185 | Q93: 78 | R93: 88 | S93: 3 | T93: 2 | U93: 11 | V93: 0
A94: Taichung City | B94: 一般 | C94: General | D94: 900 | E94: 423 | F94: 477 | G94: 1 | H94: 0 | I94: 0 | J94: 0 | K94: 259 | L94: 168 | M94: 41 | N94: 44 | O94: 36 | P94: 180 | Q94: 73 | R94: 83 | S94: 3 | T94: 2 | U94: 10 | V94: 0
B95: 原住民 | C95: Indigenous | D95: 42 | E95: 22 | F95: 20 | G95: 0 | H95: 0 | I95: 0 | J95: 0 | K95: 13 | L95: 7 | M95: 3 | N95: 3 | O95: 0 | P95: 5 | Q95: 5 | R95: 5 | S95: 0 | T95: 0 | U95: 1 | V95: 0
A96: 臺南市 | B96: 計 | C96: Total | D96: 341 | E96: 173 | F96: 168 | G96: 0 | H96: 0 | I96: 0 | J96: 0 | K96: 120 | L96: 56 | M96: 6 | N96: 3 | O96: 15 | P96: 94 | Q96: 19 | R96: 12 | S96: 1 | T96: 1 | U96: 12 | V96: 2
A97: Tainan City | B97: 一般 | C97: General | D97: 330 | E97: 168 | F97: 162 | G97: 0 | H97: 0 | I97: 0 | J97: 0 | K97: 116 | L97: 55 | M97: 5 | N97: 2 | O97: 15 | P97: 91 | Q97: 19 | R97: 11 | S97: 1 | T97: 1 | U97: 12 | V97: 2
B98: 原住民 | C98: Indigenous | D98: 11 | E98: 5 | F98: 6 | G98: 0 | H98: 0 | I98: 0 | J98: 0 | K98: 4 | L98: 1 | M98: 1 | N98: 1 | O98: 0 | P98: 3 | Q98: 0 | R98: 1 | S98: 0 | T98: 0 | U98: 0 | V98: 0
A99: 高雄市 | B99: 計 | C99: Total | D99: 603 | E99: 258 | F99: 345 | G99: 0 | H99: 0 | I99: 0 | J99: 0 | K99: 132 | L99: 107 | M99: 4 | N99: 25 | O99: 40 | P99: 166 | Q99: 56 | R99: 33 | S99: 1 | T99: 0 | U99: 25 | V99: 14
A100: Kaohsiung City | B100: 一般 | C100: General | D100: 555 | E100: 238 | F100: 317 | G100: 0 | H100: 0 | I100: 0 | J100: 0 | K100: 123 | L100: 96 | M100: 3 | N100: 23 | O100: 36 | P100: 155 | Q100: 50 | R100: 29 | S100: 1 | T100: 0 | U100: 25 | V100: 14
B101: 原住民 | C101: Indigenous | D101: 48 | E101: 20 | F101: 28 | G101: 0 | H101: 0 | I101: 0 | J101: 0 | K101: 9 | L101: 11 | M101: 1 | N101: 2 | O101: 4 | P101: 11 | Q101: 6 | R101: 4 | S101: 0 | T101: 0 | U101: 0 | V101: 0
...

Sheet 2023
A1: 兒童及少年保護-受虐/問題類型Child and Youth Protection Cases - Type/Matter of Abused
A2: 單位：人 Unit : Person
A3: 民國112年, 2023 | D3: =IF(D8=SUM(D11,D14,D17,D20,D23,D26,D29,D32,D35,D38,D41,D44,D47,D50,D53,D56,D59,D62,D65,D68,D71,D74,),"",SUM(D11,D14,D17,D20,D23,D26,D29,D32,D35,D38,D41,D44,D47,D50,D53,D56,D59,D62,D65,D68,D71,D74,)) | E3: =IF(E8=SUM(E11,E14,E17,E20,E23,E26,E29,E32,E35,E38,E41,E44,E47,E50,E53,E56,E59,E62,E65,E68,E71,E74,),"",SUM(E11,E14,E17,E20,E23,E26,E29,E32,E35,E38,E41,E44,E47,E50,E53,E56,E59,E62,E65,E68,E71,E74,)) | F3: =IF(F8=SUM(F11,F14,F17,F20,F23,F26,F29,F32,F35,F38,F41,F44,F47,F50,F53,F56,F59,F62,F65,F68,F71,F74,),"",SUM(F11,F14,F17,F20,F23,F26,F29,F32,F35,F38,F41,F44,F47,F50,F53,F56,F59,F62,F65,F68,F71,F74,)) | G3: =IF(G8=SUM(G11,G14,G17,G20,G23,G26,G29,G32,G35,G38,G41,G44,G47,G50,G53,G56,G59,G62,G65,G68,G71,G74,),"",SUM(G11,G14,G17,G20,G23,G26,G29,G32,G35,G38,G41,G44,G47,G50,G53,G56,G59,G62,G65,G68,G71,G74,)) | H3: =IF(H8=SUM(H11,H14,H17,H20,H23,H26,H29,H32,H35,H38,H41,H44,H47,H50,H53,H56,H59,H62,H65,H68,H71,H74,),"",SUM(H11,H14,H17,H20,H23,H26,H29,H32,H35,H38,H41,H44,H47,H50,H53,H56,H59,H62,H65,H68,H71,H74,)) | I3: =IF(I8=SUM(I11,I14,I17,I20,I23,I26,I29,I32,I35,I38,I41,I44,I47,I50,I53,I56,I59,I62,I65,I68,I71,I74,),"",SUM(I11,I14,I17,I20,I23,I26,I29,I32,I35,I38,I41,I44,I47,I50,I53,I56,I59,I62,I65,I68,I71,I74,)) | J3: =IF(J8=SUM(J11,J14,J17,J20,J23,J26,J29,J32,J35,J38,J41,J44,J47,J50,J53,J56,J59,J62,J65,J68,J71,J74,),"",SUM(J11,J14,J17,J20,J23,J26,J29,J32,J35,J38,J41,J44,J47,J50,J53,J56,J59,J62,J65,J68,J71,J74,)) | K3: =IF(K8=SUM(K11,K14,K17,K20,K23,K26,K29,K32,K35,K38,K41,K44,K47,K50,K53,K56,K59,K62,K65,K68,K71,K74,),"",SUM(K11,K14,K17,K20,K23,K26,K29,K32,K35,K38,K41,K44,K47,K50,K53,K56,K59,K62,K65,K68,K71,K74,)) | ... V3: =IF(V8=SUM(V11,V14,V17,V20,V23,V26,V29,V32,V35,V38,V41,V44,V47,V50,V53,V56,V59,V62,V65,V68,V71,V74,),"",SUM(V11,V14,V17,V20,V23,V26,V29,V32,V35,V38,V41,V44,V47,V50,V53,V56,V59,V62,V65,V68,V71,V74,))
A4: 區域及特殊族群別 Locality & Ethnos | D4: 兒童少年受虐/間題類型 (人數)By Types/Matters (Person)
D5: 總計 Total | G5: 遺棄 Abandon | K5: 身心不當對待Physical Emotional Abuse | S5: 目睹家暴 Witnessing Domestic Violence | U5: 兒少物質濫用
G6: 棄嬰 Abandoned Infants | I6: 棄兒 Abandoned Children | K6: 身體不當對待 Physical Abuse | M6: 精神不當對待 Emotional Abuse | O6: 性不當對待 Sexual Abuse | Q6: 疏忽 Neglect
D7: 合計 SubTotal | E7: 男 Male | F7: 女 Female | G7: 男 Male | H7: 女 Female | I7: 男 Male | J7: 女 Female | K7: 男 Male | L7: 女 Female | M7: 男 Male | N7: 女 Female | O7: 男 Male | P7: 女 Female | Q7: 男 Male | R7: 女 Female | S7: 男 Male | T7: 女 Female | U7: 男 Male | V7: 女 Female
A8: 總計 | B8: 計 | C8: Total | D8: 12646 | E8: 5649 | F8: 6997 | G8: 9 | H8: 5 | I8: 12 | J8: 3 | K8: 3756 | L8: 2611 | M8: 249 | N8: 281 | O8: 713 | P8: 3400 | Q8: 709 | R8: 605 | S8: 59 | T8: 59 | U8: 142 | V8: 33
A9: Total | B9: 一般 | C9: General | D9: 11345 | E9: 5102 | F9: 6243 | G9: 9 | H9: 5 | I9: 12 | J9: 2 | K9: 3408 | L9: 2370 | M9: 237 | N9: 255 | O9: 637 | P9: 2990 | Q9: 618 | R9: 544 | S9: 45 | T9: 48 | U9: 136 | V9: 29
B10: 原住民 | C10: Indigenous | D10: 1301 | E10: 547 | F10: 754 | G10: 0 | H10: 0 | I10: 0 | J10: 1 | K10: 348 | L10: 241 | M10: 12 | N10: 26 | O10: 76 | P10: 410 | Q10: 91 | R10: 61 | S10: 14 | T10: 11 | U10: 6 | V10: 4
A11: 新北市 | B11: 計 | C11: Total | D11: 1936 | E11: 821 | F11: 1115 | G11: 1 | H11: 0 | I11: 1 | J11: 0 | K11: 600 | L11: 426 | M11: 46 | N11: 61 | O11: 93 | P11: 578 | Q11: 33 | R11: 32 | S11: 11 | T11: 10 | U11: 36 | V11: 8
A12: New Taipei City | B12: 一般 | C12: General | D12: 1836 | E12: 784 | F12: 1052 | G12: 1 | H12: 0 | I12: 1 | J12: 0 | K12: 568 | L12: 402 | M12: 46 | N12: 58 | O12: 91 | P12: 543 | Q12: 30 | R12: 31 | S12: 11 | T12: 10 | U12: 36 | V12: 8
B13: 原住民 | C13: Indigenous | D13: 100 | E13: 37 | F13: 63 | G13: 0 | H13: 0 | I13: 0 | J13: 0 | K13: 32 | L13: 24 | M13: 0 | N13: 3 | O13: 2 | P13: 35 | Q13: 3 | R13: 1 | S13: 0 | T13: 0 | U13: 0 | V13: 0
A14: 臺北市 | B14: 計 | C14: Total | D14: 1068 | E14: 473 | F14: 595 | G14: 1 | H14: 0 | I14: 1 | J14: 0 | K14: 277 | L14: 227 | M14: 19 | N14: 11 | O14: 102 | P14: 286 | Q14: 68 | R14: 68 | S14: 1 | T14: 1 | U14: 4 | V14: 2
A15: Taipei City | B15: 一般 | C15: General | D15: 1032 | E15: 460 | F15: 572 | G15: 1 | H15: 0 | I15: 1 | J15: 0 | K15: 268 | L15: 218 | M15: 18 | N15: 10 | O15: 101 | P15: 274 | Q15: 66 | R15: 67 | S15: 1 | T15: 1 | U15: 4 | V15: 2
B16: 原住民 | C16: Indigenous | D16: 36 | E16: 13 | F16: 23 | G16: 0 | H16: 0 | I16: 0 | J16: 0 | K16: 9 | L16: 9 | M16: 1 | N16: 1 | O16: 1 | P16: 12 | Q16: 2 | R16: 1 | S16: 0 | T16: 0 | U16: 0 | V16: 0
A17: 桃園市 | B17: 計 | C17: Total | D17: 1521 | E17: 721 | F17: 800 | G17: 0 | H17: 0 | I17: 1 | J17: 1 | K17: 579 | L17: 358 | M17: 1 | N17: 8 | O17: 56 | P17: 376 | Q17: 67 | R17: 49 | S17: 2 | T17: 4 | U17: 15 | V17: 4
A18: Taoyuan City | B18: 一般 | C18: General | D18: 1265 | E18: 604 | F18: 661 | G18: 0 | H18: 0 | I18: 1 | J18: 1 | K18: 490 | L18: 301 | M18: 1 | N18: 8 | O18: 46 | P18: 309 | Q18: 51 | R18: 35 | S18: 2 | T18: 4 | U18: 13 | V18: 3
B19: 原住民 | C19: Indigenous | D19: 256 | E19: 117 | F19: 139 | G19: 0 | H19: 0 | I19: 0 | J19: 0 | K19: 89 | L19: 57 | M19: 0 | N19: 0 | O19: 10 | P19: 67 | Q19: 16 | R19: 14 | S19: 0 | T19: 0 | U19: 2 | V19: 1
A20: 臺中市 | B20: 計 | C20: Total | D20: 2074 | E20: 996 | F20: 1078 | G20: 2 | H20: 0 | I20: 6 | J20: 0 | K20: 711 | L20: 477 | M20: 68 | N20: 63 | O20: 89 | P20: 418 | Q20: 108 | R20: 109 | S20: 6 | T20: 9 | U20: 6 | V20: 2
A21: Taichung City | B21: 一般 | C21: General | D21: 1957 | E21: 940 | F21: 1017 | G21: 2 | H21: 0 | I21: 6 | J21: 0 | K21: 673 | L21: 459 | M21: 64 | N21: 62 | O21: 86 | P21: 384 | Q21: 97 | R21: 101 | S21: 6 | T21: 9 | U21: 6 | V21: 2
B22: 原住民 | C22: Indigenous | D22: 117 | E22: 56 | F22: 61 | G22: 0 | H22: 0 | I22: 0 | J22: 0 | K22: 38 | L22: 18 | M22: 4 | N22: 1 | O22: 3 | P22: 34 | Q22: 11 | R22: 8 | S22: 0 | T22: 0 | U22: 0 | V22: 0
A23: 臺南市 | B23: 計 | C23: Total | D23: 804 | E23: 351 | F23: 453 | G23: 0 | H23: 0 | I23: 0 | J23: 0 | K23: 238 | L23: 159 | M23: 10 | N23: 20 | O23: 23 | P23: 193 | Q23: 65 | R23: 78 | S23: 2 | T23: 2 | U23: 13 | V23: 1
A24: Tainan City | B24: 一般 | C24: General | D24: 777 | E24: 340 | F24: 437 | G24: 0 | H24: 0 | I24: 0 | J24: 0 | K24: 230 | L24: 155 | M24: 10 | N24: 19 | O24: 22 | P24: 184 | Q24: 64 | R24: 77 | S24: 2 | T24: 1 | U24: 12 | V24: 1
B25: 原住民 | C25: Indigenous | D25: 27 | E25: 11 | F25: 16 | G25: 0 | H25: 0 | I25: 0 | J25: 0 | K25: 8 | L25: 4 | M25: 0 | N25: 1 | O25: 1 | P25: 9 | Q25: 1 | R25: 1 | S25: 0 | T25: 1 | U25: 1 | V25: 0
A26: 高雄市 | B26: 計 | C26: Total | D26: 1489 | E26: 717 | F26: 772 | G26: 0 | H26: 1 | I26: 0 | J26: 1 | K26: 461 | L26: 274 | M26: 27 | N26: 24 | O26: 88 | P26: 369 | Q26: 114 | R26: 93 | S26: 5 | T26: 4 | U26: 22 | V26: 6
A27: Kaohsiung City | B27: 一般 | C27: General | D27: 1397 | E27: 678 | F27: 719 | G27: 0 | H27: 1 | I27: 0 | J27: 0 | K27: 440 | L27: 257 | M27: 25 | N27: 24 | O27: 81 | P27: 339 | Q27: 107 | R27: 88 | S27: 4 | T27: 4 | U27: 21 | V27: 6
B28: 原住民 | C28: Indigenous | D28: 92 | E28: 39 | F28: 53 | G28: 0 | H28: 0 | I28: 0 | J28: 1 | K28: 21 | L28: 17 | M28: 2 | N28: 0 | O28: 7 | P28: 30 | Q28: 7 | R28: 5 | S28: 1 | T28: 0 | U28: 1 | V28: 0
A29: 宜蘭縣 | B29: 計 | C29: Total | D29: 170 | E29: 63 | F29: 107 | G29: 0 | H29: 0 | I29: 0 | J29: 0 | K29: 36 | L29: 36 | M29: 6 | N29: 3 | O29: 7 | P29: 61 | Q29: 9 | R29: 7 | S29: 0 | T29: 0 | U29: 5 | V29: 0
A30: Yilan County | B30: 一般 | C30: General | D30: 158 | E30: 57 | F30: 101 | G30: 0 | H30: 0 | I30: 0 | J30: 0 | K30: 33 | L30: 36 | M30: 6 | N30: 3 | O30: 5 | P30: 56 | Q30: 8 | R30: 6 | S30: 0 | T30: 0 | U30: 5 | V30: 0
B31: 原住民 | C31: Indigenous | D31: 12 | E31: 6 | F31: 6 | G31: 0 | H31: 0 | I31: 0 | J31: 0 | K31: 3 | L31: 0 | M31: 0 | N31: 0 | O31: 2 | P31: 5 | Q31: 1 | R31: 1 | S31: 0 | T31: 0 | U31: 0 | V31: 0
A32: 新竹縣 | B32: 計 | C32: Total | D32: 307 | E32: 133 | F32: 174 | G32: 0 | H32: 0 | I32: 1 | J32: 1 | K32: 96 | L32: 74 | M32: 7 | N32: 5 | O32: 15 | P32: 76 | Q32: 9 | R32: 16 | S32: 0 | T32: 0 | U32: 5 | V32: 2
A33: Hsinchu County | B33: 一般 | C33: General | D33: 255 | E33: 117 | F33: 138 | G33: 0 | H33: 0 | I33: 1 | J33: 1 | K33: 86 | L33: 64 | M33: 6 | N33: 4 | O33: 12 | P33: 55 | Q33: 7 | R33: 13 | S33: 0 | T33: 0 | U33: 5 | V33: 1
B34: 原住民 | C34: Indigenous | D34: 52 | E34: 16 | F34: 36 | G34: 0 | H34: 0 | I34: 0 | J34: 0 | K34: 10 | L34: 10 | M34: 1 | N34: 1 | O34: 3 | P34: 21 | Q34: 2 | R34: 3 | S34: 0 | T34: 0 | U34: 0 | V34: 1
A35: 苗栗縣 | B35: 計 | C35: Total | D35: 160 | E35: 53 | F35: 107 | G35: 1 | H35: 1 | I35: 2 | J35: 0 | K35: 27 | L35: 22 | M35: 1 | N35: 2 | O35: 9 | P35: 76 | Q35: 10 | R35: 2 | S35: 1 | T35: 2 | U35: 2 | V35: 2
A36: Miaoli County | B36: 一般 | C36: General | D36: 142 | E36: 41 | F36: 101 | G36: 1 | H36: 1 | I36: 2 | J36: 0 | K36: 18 | L36: 20 | M36: 1 | N36: 2 | O36: 9 | P36: 73 | Q36: 8 | R36: 2 | S36: 0 | T36: 1 | U36: 2 | V36: 2
B37: 原住民 | C37: Indigenous | D37: 18 | E37: 12 | F37: 6 | G37: 0 | H37: 0 | I37: 0 | J37: 0 | K37: 9 | L37: 2 | M37: 0 | N37: 0 | O37: 0 | P37: 3 | Q37: 2 | R37: 0 | S37: 1 | T37: 1 | U37: 0 | V37: 0
A38: 彰化縣 | B38: 計 | C38: Total | D38: 577 | E38: 247 | F38: 330 | G38: 1 | H38: 0 | I38: 0 | J38: 0 | K38: 143 | L38: 101 | M38: 20 | N38: 30 | O38: 41 | P38: 168 | Q38: 36 | R38: 30 | S38: 3 | T38: 0 | U38: 3 | V38: 1
A39: Changhua County | B39: 一般 | C39: General | D39: 559 | E39: 239 | F39: 320 | G39: 1 | H39: 0 | I39: 0 | J39: 0 | K39: 135 | L39: 99 | M39: 20 | N39: 28 | O39: 41 | P39: 164 | Q39: 36 | R39: 28 | S39: 3 | T39: 0 | U39: 3 | V39: 1
B40: 原住民 | C40: Indigenous | D40: 18 | E40: 8 | F40: 10 | G40: 0 | H40: 0 | I40: 0 | J40: 0 | K40: 8 | L40: 2 | M40: 0 | N40: 2 | O40: 0 | P40: 4 | Q40: 0 | R40: 2 | S40: 0 | T40: 0 | U40: 0 | V40: 0
A41: 南投縣 | B41: 計 | C41: Total | D41: 299 | E41: 112 | F41: 187 | G41: 0 | H41: 1 | I41: 0 | J41: 0 | K41: 80 | L41: 79 | M41: 2 | N41: 2 | O41: 11 | P41: 87 | Q41: 12 | R41: 18 | S41: 0 | T41: 0 | U41: 7 | V41: 0
A42: Nantou County | B42: 一般 | C42: General | D42: 210 | E42: 80 | F42: 130 | G42: 0 | H42: 1 | I42: 0 | J42: 0 | K42: 53 | L42: 54 | M42: 2 | N42: 1 | O42: 8 | P42: 61 | Q42: 10 | R42: 13 | S42: 0 | T42: 0 | U42: 7 | V42: 0
B43: 原住民 | C43: Indigenous | D43: 89 | E43: 32 | F43: 57 | G43: 0 | H43: 0 | I43: 0 | J43: 0 | K43: 27 | L43: 25 | M43: 0 | N43: 1 | O43: 3 | P43: 26 | Q43: 2 | R43: 5 | S43: 0 | T43: 0 | U43: 0 | V43: 0
A44: 雲林縣 | B44: 計 | C44: Total | D44: 309 | E44: 123 | F44: 186 | G44: 0 | H44: 1 | I44: 0 | J44: 0 | K44: 66 | L44: 61 | M44: 5 | N44: 6 | O44: 25 | P44: 108 | Q44: 25 | R44: 8 | S44: 1 | T44: 2 | U44: 1 | V44: 0
A45: Yunlin County | B45: 一般 | C45: General | D45: 307 | E45: 122 | F45: 185 | G45: 0 | H45: 1 | I45: 0 | J45: 0 | K45: 66 | L45: 61 | M45: 4 | N45: 6 | O45: 25 | P45: 107 | Q45: 25 | R45: 8 | S45: 1 | T45: 2 | U45: 1 | V45: 0
B46: 原住民 | C46: Indigenous | D46: 2 | E46: 1 | F46: 1 | G46: 0 | H46: 0 | I46: 0 | J46: 0 | K46: 0 | L46: 0 | M46: 1 | N46: 0 | O46: 0 | P46: 1 | Q46: 0 | R46: 0 | S46: 0 | T46: 0 | U46: 0 | V46: 0
A47: 嘉義縣 | B47: 計 | C47: Total | D47: 248 | E47: 124 | F47: 124 | G47: 1 | H47: 0 | I47: 0 | J47: 0 | K47: 55 | L47: 31 | M47: 5 | N47: 6 | O47: 29 | P47: 69 | Q47: 30 | R47: 16 | S47: 1 | T47: 2 | U47: 3 | V47: 0
A48: Chiayi County | B48: 一般 | C48: General | D48: 232 | E48: 120 | F48: 112 | G48: 1 | H48: 0 | I48: 0 | J48: 0 | K48: 55 | L48: 28 | M48: 5 | N48: 6 | O48: 26 | P48: 61 | Q48: 29 | R48: 15 | S48: 1 | T48: 2 | U48: 3 | V48: 0
B49: 原住民 | C49: Indigenous | D49: 16 | E49: 4 | F49: 12 | G49: 0 | H49: 0 | I49: 0 | J49: 0 | K49: 0 | L49: 3 | M49: 0 | N49: 0 | O49: 3 | P49: 8 | Q49: 1 | R49: 1 | S49: 0 | T49: 0 | U49: 0 | V49: 0
A50: 屏東縣 | B50: 計 | C50: Total | D50: 482 | E50: 205 | F50: 277 | G50: 0 | H50: 0 | I50: 0 | J50: 0 | K50: 143 | L50: 101 | M50: 12 | N50: 15 | O50: 20 | P50: 139 | Q50: 19 | R50: 21 | S50: 2 | T50: 1 | U50: 9 | V50: 0
A51: Pingtung County | B51: 一般 | C51: General | D51: 409 | E51: 177 | F51: 232 | G51: 0 | H51: 0 | I51: 0 | J51: 0 | K51: 123 | L51: 81 | M51: 12 | N51: 13 | O51: 14 | P51: 118 | Q51: 18 | R51: 19 | S51: 2 | T51: 1 | U51: 8 | V51: 0
B52: 原住民 | C52: Indigenous | D52: 73 | E52: 28 | F52: 45 | G52: 0 | H52: 0 | I52: 0 | J52: 0 | K52: 20 | L52: 20 | M52: 0 | N52: 2 | O52: 6 | P52: 21 | Q52: 1 | R52: 2 | S52: 0 | T52: 0 | U52: 1 | V52: 0
A53: 臺東縣 | B53: 計 | C53: Total | D53: 193 | E53: 82 | F53: 111 | G53: 0 | H53: 0 | I53: 0 | J53: 0 | K53: 35 | L53: 28 | M53: 5 | N53: 14 | O53: 17 | P53: 49 | Q53: 7 | R53: 6 | S53: 18 | T53: 13 | U53: 0 | V53: 1
A54: Taitung County | B54: 一般 | C54: General | D54: 68 | E54: 33 | F54: 35 | G54: 0 | H54: 0 | I54: 0 | J54: 0 | K54: 16 | L54: 8 | M54: 3 | N54: 1 | O54: 6 | P54: 20 | Q54: 2 | R54: 2 | S54: 6 | T54: 4 | U54: 0 | V54: 0
B55: 原住民 | C55: Indigenous | D55: 125 | E55: 49 | F55: 76 | G55: 0 | H55: 0 | I55: 0 | J55: 0 | K55: 19 | L55: 20 | M55: 2 | N55: 13 | O55: 11 | P55: 29 | Q55: 5 | R55: 4 | S55: 12 | T55: 9 | U55: 0 | V55: 1
A56: 花蓮縣 | B56: 計 | C56: Total | D56: 309 | E56: 133 | F56: 176 | G56: 0 | H56: 0 | I56: 0 | J56: 0 | K56: 60 | L56: 33 | M56: 1 | N56: 5 | O56: 30 | P56: 122 | Q56: 41 | R56: 16 | S56: 0 | T56: 0 | U56: 1 | V56: 0
A57: Hualien County | B57: 一般 | C57: General | D57: 109 | E57: 44 | F57: 65 | G57: 0 | H57: 0 | I57: 0 | J57: 0 | K57: 17 | L57: 13 | M57: 1 | N57: 4 | O57: 12 | P57: 44 | Q57: 14 | R57: 4 | S57: 0 | T57: 0 | U57: 0 | V57: 0
B58: 原住民 | C58: Indigenous | D58: 200 | E58: 89 | F58: 111 | G58: 0 | H58: 0 | I58: 0 | J58: 0 | K58: 43 | L58: 20 | M58: 0 | N58: 1 | O58: 18 | P58: 78 | Q58: 27 | R58: 12 | S58: 0 | T58: 0 | U58: 1 | V58: 0
A59: 澎湖縣 | B59: 計 | C59: Total | D59: 25 | E59: 7 | F59: 18 | G59: 0 | H59: 0 | I59: 0 | J59: 0 | K59: 5 | L59: 1 | M59: 0 | N59: 0 | O59: 1 | P59: 15 | Q59: 1 | R59: 1 | S59: 0 | T59: 0 | U59: 0 | V59: 1
A60: Penghu County | B60: 一般 | C60: General | D60: 22 | E60: 6 | F60: 16 | G60: 0 | H60: 0 | I60: 0 | J60: 0 | K60: 5 | L60: 1 | M60: 0 | N60: 0 | O60: 0 | P60: 13 | Q60: 1 | R60: 1 | S60: 0 | T60: 0 | U60: 0 | V60: 1
B61: 原住民 | C61: Indigenous | D61: 3 | E61: 1 | F61: 2 | G61: 0 | H61: 0 | I61: 0 | J61: 0 | K61: 0 | L61: 0 | M61: 0 | N61: 0 | O61: 1 | P61: 2 | Q61: 0 | R61: 0 | S61: 0 | T61: 0 | U61: 0 | V61: 0
A62: 基隆市 | B62: 計 | C62: Total | D62: 267 | E62: 100 | F62: 167 | G62: 1 | H62: 0 | I62: 0 | J62: 0 | K62: 60 | L62: 58 | M62: 5 | N62: 4 | O62: 24 | P62: 97 | Q62: 8 | R62: 4 | S62: 2 | T62: 3 | U62: 0 | V62: 1
A63: Keelung City | B63: 一般 | C63: General | D63: 230 | E63: 88 | F63: 142 | G63: 1 | H63: 0 | I63: 0 | J63: 0 | K63: 52 | L63: 52 | M63: 5 | N63: 4 | O63: 20 | P63: 79 | Q63: 8 | R63: 4 | S63: 2 | T63: 3 | U63: 0 | V63: 0
B64: 原住民 | C64: Indigenous | D64: 37 | E64: 12 | F64: 25 | G64: 0 | H64: 0 | I64: 0 | J64: 0 | K64: 8 | L64: 6 | M64: 0 | N64: 0 | O64: 4 | P64: 18 | Q64: 0 | R64: 0 | S64: 0 | T64: 0 | U64: 0 | V64: 1
A65: 新竹市 | B65: 計 | C65: Total | D65: 233 | E65: 110 | F65: 123 | G65: 1 | H65: 1 | I65: 0 | J65: 0 | K65: 46 | L65: 37 | M65: 6 | N65: 0 | O65: 22 | P65: 65 | Q65: 32 | R65: 20 | S65: 3 | T65: 0 | U65: 0 | V65: 0
A66: Hsinchu City | B66: 一般 | C66: General | D66: 209 | E66: 97 | F66: 112 | G66: 1 | H66: 1 | I66: 0 | J66: 0 | K66: 42 | L66: 33 | M66: 5 | N66: 0 | O66: 22 | P66: 59 | Q66: 24 | R66: 19 | S66: 3 | T66: 0 | U66: 0 | V66: 0
B67: 原住民 | C67: Indigenous | D67: 24 | E67: 13 | F67: 11 | G67: 0 | H67: 0 | I67: 0 | J67: 0 | K67: 4 | L67: 4 | M67: 1 | N67: 0 | O67: 0 | P67: 6 | Q67: 8 | R67: 1 | S67: 0 | T67: 0 | U67: 0 | V67: 0
A68: 嘉義市 | B68: 計 | C68: Total | D68: 119 | E68: 56 | F68: 63 | G68: 0 | H68: 0 | I68: 0 | J68: 0 | K68: 25 | L68: 21 | M68: 1 | N68: 0 | O68: 8 | P68: 28 | Q68: 12 | R68: 6 | S68: 0 | T68: 6 | U68: 10 | V68: 2
A69: Chiayi City | B69: 一般 | C69: General | D69: 117 | E69: 54 | F69: 63 | G69: 0 | H69: 0 | I69: 0 | J69: 0 | K69: 25 | L69: 21 | M69: 1 | N69: 0 | O69: 8 | P69: 28 | Q69: 10 | R69: 6 | S69: 0 | T69: 6 | U69: 10 | V69: 2
B70: 原住民 | C70: Indigenous | D70: 2 | E70: 2 | F70: 0 | G70: 0 | H70: 0 | I70: 0 | J70: 0 | K70: 0 | L70: 0 | M70: 0 | N70: 0 | O70: 0 | P70: 0 | Q70: 2 | R70: 0 | S70: 0 | T70: 0 | U70: 0 | V70: 0
A71: 金門縣 | B71: 計 | C71: Total | D71: 50 | E71: 21 | F71: 29 | G71: 0 | H71: 0 | I71: 0 | J71: 0 | K71: 13 | L71: 7 | M71: 2 | N71: 2 | O71: 3 | P71: 15 | Q71: 3 | R71: 5 | S71: 0 | T71: 0 | U71: 0 | V71: 0
A72: Kinmen County | B72: 一般 | C72: General | D72: 48 | E72: 20 | F72: 28 | G72: 0 | H72: 0 | I72: 0 | J72: 0 | K72: 13 | L72: 7 | M72: 2 | N72: 2 | O72: 2 | P72: 14 | Q72: 3 | R72: 5 | S72: 0 | T72: 0 | U72: 0 | V72: 0
B73: 原住民 | C73: Indigenous | D73: 2 | E73: 1 | F73: 1 | G73: 0 | H73: 0 | I73: 0 | J73: 0 | K73: 0 | L73: 0 | M73: 0 | N73: 0 | O73: 1 | P73: 1 | Q73: 0 | R73: 0 | S73: 0 | T73: 0 | U73: 0 | V73: 0
A74: 連江縣 | B74: 計 | C74: Total | D74: 6 | E74: 1 | F74: 5 | G74: 0 | H74: 0 | I74: 0 | J74: 0 | K74: 0 | L74: 0 | M74: 0 | N74: 0 | O74: 0 | P74: 5 | Q74: 0 | R74: 0 | S74: 1 | T74: 0 | U74: 0 | V74: 0
A75: Lienchiang County | B75: 一般 | C75: General | D75: 6 | E75: 1 | F75: 5 | G75: 0 | H75: 0 | I75: 0 | J75: 0 | K75: 0 | L75: 0 | M75: 0 | N75: 0 | O75: 0 | P75: 5 | Q75: 0 | R75: 0 | S75: 1 | T75: 0 | U75: 0 | V75: 0
B76: 原住民 | C76: Indigenous | D76: 0 | E76: 0 | F76: 0 | G76: 0 | H76: 0 | I76: 0 | J76: 0 | K76: 0 | L76: 0 | M76: 0 | N76: 0 | O76: 0 | P76: 0 | Q76: 0 | R76: 0 | S76: 0 | T76: 0 | U76: 0 | V76: 0
A77: 資料來源：各直轄市、縣市政府。
A78: Source: County and Government.
A79: 更新日期：2024/04/01

Sheet 2022
A1: 兒童及少年保護-受虐/問題類型Child and Youth Protection Cases - Type/Matter of Abused
A2: 單位：人 Unit : Person
A3: 民國111年, 2022 | D3: =IF(D8=SUM(D11,D14,D17,D20,D23,D26,D29,D32,D35,D38,D41,D44,D47,D50,D53,D56,D59,D62,D65,D68,D71,D74,),"",SUM(D11,D14,D17,D20,D23,D26,D29,D32,D35,D38,D41,D44,D47,D50,D53,D56,D59,D62,D65,D68,D71,D74,)) | E3: =IF(E8=SUM(E11,E14,E17,E20,E23,E26,E29,E32,E35,E38,E41,E44,E47,E50,E53,E56,E59,E62,E65,E68,E71,E74,),"",SUM(E11,E14,E17,E20,E23,E26,E29,E32,E35,E38,E41,E44,E47,E50,E53,E56,E59,E62,E65,E68,E71,E74,)) | F3: =IF(F8=SUM(F11,F14,F17,F20,F23,F26,F29,F32,F35,F38,F41,F44,F47,F50,F53,F56,F59,F62,F65,F68,F71,F74,),"",SUM(F11,F14,F17,F20,F23,F26,F29,F32,F35,F38,F41,F44,F47,F50,F53,F56,F59,F62,F65,F68,F71,F74,)) | G3: =IF(G8=SUM(G11,G14,G17,G20,G23,G26,G29,G32,G35,G38,G41,G44,G47,G50,G53,G56,G59,G62,G65,G68,G71,G74,),"",SUM(G11,G14,G17,G20,G23,G26,G29,G32,G35,G38,G41,G44,G47,G50,G53,G56,G59,G62,G65,G68,G71,G74,)) | H3: =IF(H8=SUM(H11,H14,H17,H20,H23,H26,H29,H32,H35,H38,H41,H44,H47,H50,H53,H56,H59,H62,H65,H68,H71,H74,),"",SUM(H11,H14,H17,H20,H23,H26,H29,H32,H35,H38,H41,H44,H47,H50,H53,H56,H59,H62,H65,H68,H71,H74,)) | I3: =IF(I8=SUM(I11,I14,I17,I20,I23,I26,I29,I32,I35,I38,I41,I44,I47,I50,I53,I56,I59,I62,I65,I68,I71,I74,),"",SUM(I11,I14,I17,I20,I23,I26,I29,I32,I35,I38,I41,I44,I47,I50,I53,I56,I59,I62,I65,I68,I71,I74,)) | J3: =IF(J8=SUM(J11,J14,J17,J20,J23,J26,J29,J32,J35,J38,J41,J44,J47,J50,J53,J56,J59,J62,J65,J68,J71,J74,),"",SUM(J11,J14,J17,J20,J23,J26,J29,J32,J35,J38,J41,J44,J47,J50,J53,J56,J59,J62,J65,J68,J71,J74,)) | K3: =IF(K8=SUM(K11,K14,K17,K20,K23,K26,K29,K32,K35,K38,K41,K44,K47,K50,K53,K56,K59,K62,K65,K68,K71,K74,),"",SUM(K11,K14,K17,K20,K23,K26,K29,K32,K35,K38,K41,K44,K47,K50,K53,K56,K59,K62,K65,K68,K71,K74,)) | ... V3: =IF(V8=SUM(V11,V14,V17,V20,V23,V26,V29,V32,V35,V38,V41,V44,V47,V50,V53,V56,V59,V62,V65,V68,V71,V74,),"",SUM(V11,V14,V17,V20,V23,V26,V29,V32,V35,V38,V41,V44,V47,V50,V53,V56,V59,V62,V65,V68,V71,V74,))
A4: 區域及特殊族群別 Locality & Ethnos | D4: 兒童少年受虐/間題類型 (人數)By Types/Matters (Person)
D5: 總計 Total | G5: 遺棄 Abandon | K5: 身心不當對待Physical Emotional Abuse | S5: 目睹家暴 Witnessing Domestic Violence | U5: 兒少物質濫用
G6: 棄嬰 Abandoned Infants | I6: 棄兒 Abandoned Children | K6: 身體不當對待 Physical Abuse | M6: 精神不當對待 Emotional Abuse | O6: 性不當對待 Sexual Abuse | Q6: 疏忽 Neglect
D7: 合計 SubTotal | E7: 男 Male | F7: 女 Female | G7: 男 Male | H7: 女 Female | I7: 男 Male | J7: 女 Female | K7: 男 Male | L7: 女 Female | M7: 男 Male | N7: 女 Female | O7: 男 Male | P7: 女 Female | Q7: 男 Male | R7: 女 Female | S7: 男 Male | T7: 女 Female | U7: 男 Male | V7: 女 Female
A8: 總計 | B8: 計 | C8: Total | D8: 11950 | E8: 5281 | F8: 6669 | G8: 15 | H8: 1 | I8: 6 | J8: 9 | K8: 3199 | L8: 2294 | M8: 253 | N8: 281 | O8: 705 | P8: 3302 | Q8: 774 | R8: 666 | S8: 49 | T8: 43 | U8: 280 | V8: 73
A9: Total | B9: 一般 | C9: General | D9: 10620 | E9: 4726 | F9: 5894 | G9: 13 | H9: 1 | I9: 6 | J9: 7 | K9: 2886 | L9: 2068 | M9: 232 | N9: 261 | O9: 631 | P9: 2887 | Q9: 648 | R9: 567 | S9: 45 | T9: 40 | U9: 265 | V9: 63
B10: 原住民 | C10: Indigenous | D10: 1330 | E10: 555 | F10: 775 | G10: 2 | H10: 0 | I10: 0 | J10: 2 | K10: 313 | L10: 226 | M10: 21 | N10: 20 | O10: 74 | P10: 415 | Q10: 126 | R10: 99 | S10: 4 | T10: 3 | U10: 15 | V10: 10
A11: 新北市 | B11: 計 | C11: Total | D11: 2142 | E11: 894 | F11: 1248 | G11: 0 | H11: 0 | I11: 1 | J11: 0 | K11: 581 | L11: 434 | M11: 53 | N11: 59 | O11: 159 | P11: 698 | Q11: 41 | R11: 36 | S11: 9 | T11: 11 | U11: 50 | V11: 10
A12: New Taipei City | B12: 一般 | C12: General | D12: 2020 | E12: 853 | F12: 1167 | G12: 0 | H12: 0 | I12: 1 | J12: 0 | K12: 562 | L12: 405 | M12: 50 | N12: 57 | O12: 147 | P12: 654 | Q12: 39 | R12: 31 | S12: 8 | T12: 11 | U12: 46 | V12: 9
B13: 原住民 | C13: Indigenous | D13: 122 | E13: 41 | F13: 81 | G13: 0 | H13: 0 | I13: 0 | J13: 0 | K13: 19 | L13: 29 | M13: 3 | N13: 2 | O13: 12 | P13: 44 | Q13: 2 | R13: 5 | S13: 1 | T13: 0 | U13: 4 | V13: 1
A14: 臺北市 | B14: 計 | C14: Total | D14: 911 | E14: 391 | F14: 520 | G14: 3 | H14: 0 | I14: 0 | J14: 3 | K14: 268 | L14: 234 | M14: 11 | N14: 21 | O14: 61 | P14: 220 | Q14: 34 | R14: 35 | S14: 2 | T14: 2 | U14: 12 | V14: 5
A15: Taipei City | B15: 一般 | C15: General | D15: 893 | E15: 385 | F15: 508 | G15: 3 | H15: 0 | I15: 0 | J15: 3 | K15: 263 | L15: 231 | M15: 11 | N15: 21 | O15: 61 | P15: 213 | Q15: 33 | R15: 33 | S15: 2 | T15: 2 | U15: 12 | V15: 5
B16: 原住民 | C16: Indigenous | D16: 18 | E16: 6 | F16: 12 | G16: 0 | H16: 0 | I16: 0 | J16: 0 | K16: 5 | L16: 3 | M16: 0 | N16: 0 | O16: 0 | P16: 7 | Q16: 1 | R16: 2 | S16: 0 | T16: 0 | U16: 0 | V16: 0
A17: 桃園市 | B17: 計 | C17: Total | D17: 1395 | E17: 622 | F17: 773 | G17: 2 | H17: 1 | I17: 2 | J17: 0 | K17: 423 | L17: 311 | M17: 9 | N17: 6 | O17: 71 | P17: 368 | Q17: 95 | R17: 78 | S17: 0 | T17: 0 | U17: 20 | V17: 9
A18: Taoyuan City | B18: 一般 | C18: General | D18: 1144 | E18: 517 | F18: 627 | G18: 2 | H18: 1 | I18: 2 | J18: 0 | K18: 356 | L18: 258 | M18: 9 | N18: 6 | O18: 62 | P18: 304 | Q18: 69 | R18: 51 | S18: 0 | T18: 0 | U18: 17 | V18: 7
B19: 原住民 | C19: Indigenous | D19: 251 | E19: 105 | F19: 146 | G19: 0 | H19: 0 | I19: 0 | J19: 0 | K19: 67 | L19: 53 | M19: 0 | N19: 0 | O19: 9 | P19: 64 | Q19: 26 | R19: 27 | S19: 0 | T19: 0 | U19: 3 | V19: 2
A20: 臺中市 | B20: 計 | C20: Total | D20: 2023 | E20: 1018 | F20: 1005 | G20: 2 | H20: 0 | I20: 0 | J20: 0 | K20: 652 | L20: 397 | M20: 100 | N20: 81 | O20: 68 | P20: 361 | Q20: 159 | R20: 155 | S20: 19 | T20: 10 | U20: 18 | V20: 1
A21: Taichung City | B21: 一般 | C21: General | D21: 1915 | E21: 957 | F21: 958 | G21: 2 | H21: 0 | I21: 0 | J21: 0 | K21: 614 | L21: 380 | M21: 96 | N21: 76 | O21: 67 | P21: 345 | Q21: 143 | R21: 146 | S21: 18 | T21: 10 | U21: 17 | V21: 1
B22: 原住民 | C22: Indigenous | D22: 108 | E22: 61 | F22: 47 | G22: 0 | H22: 0 | I22: 0 | J22: 0 | K22: 38 | L22: 17 | M22: 4 | N22: 5 | O22: 1 | P22: 16 | Q22: 16 | R22: 9 | S22: 1 | T22: 0 | U22: 1 | V22: 0
A23: 臺南市 | B23: 計 | C23: Total | D23: 707 | E23: 329 | F23: 378 | G23: 0 | H23: 0 | I23: 2 | J23: 1 | K23: 211 | L23: 111 | M23: 11 | N23: 15 | O23: 44 | P23: 213 | Q23: 40 | R23: 33 | S23: 1 | T23: 2 | U23: 20 | V23: 3
A24: Tainan City | B24: 一般 | C24: General | D24: 687 | E24: 321 | F24: 366 | G24: 0 | H24: 0 | I24: 2 | J24: 1 | K24: 205 | L24: 109 | M24: 10 | N24: 14 | O24: 43 | P24: 205 | Q24: 40 | R24: 32 | S24: 1 | T24: 2 | U24: 20 | V24: 3
B25: 原住民 | C25: Indigenous | D25: 20 | E25: 8 | F25: 12 | G25: 0 | H25: 0 | I25: 0 | J25: 0 | K25: 6 | L25: 2 | M25: 1 | N25: 1 | O25: 1 | P25: 8 | Q25: 0 | R25: 1 | S25: 0 | T25: 0 | U25: 0 | V25: 0
A26: 高雄市 | B26: 計 | C26: Total | D26: 1278 | E26: 568 | F26: 710 | G26: 2 | H26: 0 | I26: 0 | J26: 0 | K26: 297 | L26: 218 | M26: 16 | N26: 30 | O26: 78 | P26: 349 | Q26: 105 | R26: 86 | S26: 2 | T26: 1 | U26: 68 | V26: 26
A27: Kaohsiung City | B27: 一般 | C27: General | D27: 1192 | E27: 534 | F27: 658 | G27: 2 | H27: 0 | I27: 0 | J27: 0 | K27: 277 | L27: 200 | M27: 14 | N27: 28 | O27: 73 | P27: 328 | Q27: 98 | R27: 76 | S27: 2 | T27: 1 | U27: 68 | V27: 25
B28: 原住民 | C28: Indigenous | D28: 86 | E28: 34 | F28: 52 | G28: 0 | H28: 0 | I28: 0 | J28: 0 | K28: 20 | L28: 18 | M28: 2 | N28: 2 | O28: 5 | P28: 21 | Q28: 7 | R28: 10 | S28: 0 | T28: 0 | U28: 0 | V28: 1
A29: 宜蘭縣 | B29: 計 | C29: Total | D29: 140 | E29: 49 | F29: 91 | G29: 1 | H29: 0 | I29: 0 | J29: 1 | K29: 21 | L29: 24 | M29: 2 | N29: 1 | O29: 15 | P29: 60 | Q29: 7 | R29: 5 | S29: 0 | T29: 0 | U29: 3 | V29: 0
A30: Yilan County | B30: 一般 | C30: General | D30: 111 | E30: 39 | F30: 72 | G30: 1 | H30: 0 | I30: 0 | J30: 0 | K30: 18 | L30: 22 | M30: 1 | N30: 1 | O30: 10 | P30: 44 | Q30: 6 | R30: 5 | S30: 0 | T30: 0 | U30: 3 | V30: 0
B31: 原住民 | C31: Indigenous | D31: 29 | E31: 10 | F31: 19 | G31: 0 | H31: 0 | I31: 0 | J31: 1 | K31: 3 | L31: 2 | M31: 1 | N31: 0 | O31: 5 | P31: 16 | Q31: 1 | R31: 0 | S31: 0 | T31: 0 | U31: 0 | V31: 0
A32: 新竹縣 | B32: 計 | C32: Total | D32: 284 | E32: 112 | F32: 172 | G32: 1 | H32: 0 | I32: 0 | J32: 0 | K32: 58 | L32: 60 | M32: 1 | N32: 4 | O32: 18 | P32: 93 | Q32: 20 | R32: 14 | S32: 0 | T32: 0 | U32: 14 | V32: 1
A33: Hsinchu County | B33: 一般 | C33: General | D33: 217 | E33: 83 | F33: 134 | G33: 0 | H33: 0 | I33: 0 | J33: 0 | K33: 50 | L33: 53 | M33: 1 | N33: 4 | O33: 10 | P33: 67 | Q33: 8 | R33: 9 | S33: 0 | T33: 0 | U33: 14 | V33: 1
B34: 原住民 | C34: Indigenous | D34: 67 | E34: 29 | F34: 38 | G34: 1 | H34: 0 | I34: 0 | J34: 0 | K34: 8 | L34: 7 | M34: 0 | N34: 0 | O34: 8 | P34: 26 | Q34: 12 | R34: 5 | S34: 0 | T34: 0 | U34: 0 | V34: 0
A35: 苗栗縣 | B35: 計 | C35: Total | D35: 141 | E35: 41 | F35: 100 | G35: 0 | H35: 0 | I35: 0 | J35: 0 | K35: 12 | L35: 15 | M35: 1 | N35: 3 | O35: 7 | P35: 74 | Q35: 17 | R35: 8 | S35: 0 | T35: 0 | U35: 4 | V35: 0
A36: Miaoli County | B36: 一般 | C36: General | D36: 127 | E36: 36 | F36: 91 | G36: 0 | H36: 0 | I36: 0 | J36: 0 | K36: 10 | L36: 14 | M36: 1 | N36: 3 | O36: 7 | P36: 67 | Q36: 14 | R36: 7 | S36: 0 | T36: 0 | U36: 4 | V36: 0
B37: 原住民 | C37: Indigenous | D37: 14 | E37: 5 | F37: 9 | G37: 0 | H37: 0 | I37: 0 | J37: 0 | K37: 2 | L37: 1 | M37: 0 | N37: 0 | O37: 0 | P37: 7 | Q37: 3 | R37: 1 | S37: 0 | T37: 0 | U37: 0 | V37: 0
A38: 彰化縣 | B38: 計 | C38: Total | D38: 467 | E38: 204 | F38: 263 | G38: 0 | H38: 0 | I38: 0 | J38: 0 | K38: 119 | L38: 67 | M38: 9 | N38: 13 | O38: 22 | P38: 143 | Q38: 41 | R38: 39 | S38: 2 | T38: 1 | U38: 11 | V38: 0
A39: Changhua County | B39: 一般 | C39: General | D39: 450 | E39: 198 | F39: 252 | G39: 0 | H39: 0 | I39: 0 | J39: 0 | K39: 116 | L39: 67 | M39: 9 | N39: 12 | O39: 21 | P39: 137 | Q39: 39 | R39: 35 | S39: 2 | T39: 1 | U39: 11 | V39: 0
B40: 原住民 | C40: Indigenous | D40: 17 | E40: 6 | F40: 11 | G40: 0 | H40: 0 | I40: 0 | J40: 0 | K40: 3 | L40: 0 | M40: 0 | N40: 1 | O40: 1 | P40: 6 | Q40: 2 | R40: 4 | S40: 0 | T40: 0 | U40: 0 | V40: 0
A41: 南投縣 | B41: 計 | C41: Total | D41: 273 | E41: 124 | F41: 149 | G41: 1 | H41: 0 | I41: 0 | J41: 0 | K41: 65 | L41: 44 | M41: 4 | N41: 2 | O41: 11 | P41: 67 | Q41: 24 | R41: 34 | S41: 4 | T41: 0 | U41: 15 | V41: 2
A42: Nantou County | B42: 一般 | C42: General | D42: 190 | E42: 81 | F42: 109 | G42: 1 | H42: 0 | I42: 0 | J42: 0 | K42: 36 | L42: 28 | M42: 2 | N42: 2 | O42: 8 | P42: 46 | Q42: 18 | R42: 31 | S42: 3 | T42: 0 | U42: 13 | V42: 2
B43: 原住民 | C43: Indigenous | D43: 83 | E43: 43 | F43: 40 | G43: 0 | H43: 0 | I43: 0 | J43: 0 | K43: 29 | L43: 16 | M43: 2 | N43: 0 | O43: 3 | P43: 21 | Q43: 6 | R43: 3 | S43: 1 | T43: 0 | U43: 2 | V43: 0
A44: 雲林縣 | B44: 計 | C44: Total | D44: 309 | E44: 133 | F44: 176 | G44: 1 | H44: 0 | I44: 0 | J44: 0 | K44: 58 | L44: 52 | M44: 5 | N44: 6 | O44: 29 | P44: 85 | Q44: 29 | R44: 29 | S44: 3 | T44: 3 | U44: 8 | V44: 1
A45: Yunlin County | B45: 一般 | C45: General | D45: 305 | E45: 129 | F45: 176 | G45: 1 | H45: 0 | I45: 0 | J45: 0 | K45: 56 | L45: 52 | M45: 5 | N45: 6 | O45: 28 | P45: 85 | Q45: 28 | R45: 29 | S45: 3 | T45: 3 | U45: 8 | V45: 1
B46: 原住民 | C46: Indigenous | D46: 4 | E46: 4 | F46: 0 | G46: 0 | H46: 0 | I46: 0 | J46: 0 | K46: 2 | L46: 0 | M46: 0 | N46: 0 | O46: 1 | P46: 0 | Q46: 1 | R46: 0 | S46: 0 | T46: 0 | U46: 0 | V46: 0
A47: 嘉義縣 | B47: 計 | C47: Total | D47: 204 | E47: 91 | F47: 113 | G47: 0 | H47: 0 | I47: 0 | J47: 2 | K47: 34 | L47: 24 | M47: 2 | N47: 4 | O47: 22 | P47: 67 | Q47: 24 | R47: 16 | S47: 0 | T47: 0 | U47: 9 | V47: 0
A48: Chiayi County | B48: 一般 | C48: General | D48: 200 | E48: 90 | F48: 110 | G48: 0 | H48: 0 | I48: 0 | J48: 2 | K48: 34 | L48: 24 | M48: 2 | N48: 3 | O48: 22 | P48: 66 | Q48: 23 | R48: 15 | S48: 0 | T48: 0 | U48: 9 | V48: 0
B49: 原住民 | C49: Indigenous | D49: 4 | E49: 1 | F49: 3 | G49: 0 | H49: 0 | I49: 0 | J49: 0 | K49: 0 | L49: 0 | M49: 0 | N49: 1 | O49: 0 | P49: 1 | Q49: 1 | R49: 1 | S49: 0 | T49: 0 | U49: 0 | V49: 0
A50: 屏東縣 | B50: 計 | C50: Total | D50: 445 | E50: 187 | F50: 258 | G50: 0 | H50: 0 | I50: 1 | J50: 0 | K50: 112 | L50: 102 | M50: 9 | N50: 9 | O50: 25 | P50: 128 | Q50: 21 | R50: 16 | S50: 2 | T50: 3 | U50: 17 | V50: 0
A51: Pingtung County | B51: 一般 | C51: General | D51: 385 | E51: 167 | F51: 218 | G51: 0 | H51: 0 | I51: 1 | J51: 0 | K51: 98 | L51: 91 | M51: 8 | N51: 9 | O51: 23 | P51: 100 | Q51: 19 | R51: 15 | S51: 1 | T51: 3 | U51: 17 | V51: 0
B52: 原住民 | C52: Indigenous | D52: 60 | E52: 20 | F52: 40 | G52: 0 | H52: 0 | I52: 0 | J52: 0 | K52: 14 | L52: 11 | M52: 1 | N52: 0 | O52: 2 | P52: 28 | Q52: 2 | R52: 1 | S52: 1 | T52: 0 | U52: 0 | V52: 0
A53: 臺東縣 | B53: 計 | C53: Total | D53: 278 | E53: 134 | F53: 144 | G53: 1 | H53: 0 | I53: 0 | J53: 0 | K53: 96 | L53: 60 | M53: 2 | N53: 10 | O53: 13 | P53: 57 | Q53: 21 | R53: 16 | S53: 0 | T53: 1 | U53: 1 | V53: 0
A54: Taitung County | B54: 一般 | C54: General | D54: 98 | E54: 54 | F54: 44 | G54: 0 | H54: 0 | I54: 0 | J54: 0 | K54: 44 | L54: 20 | M54: 2 | N54: 3 | O54: 4 | P54: 13 | Q54: 4 | R54: 7 | S54: 0 | T54: 1 | U54: 0 | V54: 0
B55: 原住民 | C55: Indigenous | D55: 180 | E55: 80 | F55: 100 | G55: 1 | H55: 0 | I55: 0 | J55: 0 | K55: 52 | L55: 40 | M55: 0 | N55: 7 | O55: 9 | P55: 44 | Q55: 17 | R55: 9 | S55: 0 | T55: 0 | U55: 1 | V55: 0
A56: 花蓮縣 | B56: 計 | C56: Total | D56: 306 | E56: 128 | F56: 178 | G56: 0 | H56: 0 | I56: 0 | J56: 0 | K56: 53 | L56: 27 | M56: 9 | N56: 3 | O56: 19 | P56: 124 | Q56: 41 | R56: 21 | S56: 1 | T56: 2 | U56: 5 | V56: 1
A57: Hualien County | B57: 一般 | C57: General | D57: 93 | E57: 37 | F57: 56 | G57: 0 | H57: 0 | I57: 0 | J57: 0 | K57: 15 | L57: 9 | M57: 2 | N57: 2 | O57: 5 | P57: 38 | Q57: 13 | R57: 5 | S57: 1 | T57: 1 | U57: 1 | V57: 1
B58: 原住民 | C58: Indigenous | D58: 213 | E58: 91 | F58: 122 | G58: 0 | H58: 0 | I58: 0 | J58: 0 | K58: 38 | L58: 18 | M58: 7 | N58: 1 | O58: 14 | P58: 86 | Q58: 28 | R58: 16 | S58: 0 | T58: 1 | U58: 4 | V58: 0
A59: 澎湖縣 | B59: 計 | C59: Total | D59: 31 | E59: 8 | F59: 23 | G59: 0 | H59: 0 | I59: 0 | J59: 0 | K59: 1 | L59: 6 | M59: 0 | N59: 0 | O59: 1 | P59: 11 | Q59: 6 | R59: 6 | S59: 0 | T59: 0 | U59: 0 | V59: 0
A60: Penghu County | B60: 一般 | C60: General | D60: 29 | E60: 8 | F60: 21 | G60: 0 | H60: 0 | I60: 0 | J60: 0 | K60: 1 | L60: 5 | M60: 0 | N60: 0 | O60: 1 | P60: 10 | Q60: 6 | R60: 6 | S60: 0 | T60: 0 | U60: 0 | V60: 0
B61: 原住民 | C61: Indigenous | D61: 2 | E61: 0 | F61: 2 | G61: 0 | H61: 0 | I61: 0 | J61: 0 | K61: 0 | L61: 1 | M61: 0 | N61: 0 | O61: 0 | P61: 1 | Q61: 0 | R61: 0 | S61: 0 | T61: 0 | U61: 0 | V61: 0
A62: 基隆市 | B62: 計 | C62: Total | D62: 230 | E62: 89 | F62: 141 | G62: 0 | H62: 0 | I62: 0 | J62: 0 | K62: 60 | L62: 44 | M62: 2 | N62: 4 | O62: 15 | P62: 75 | Q62: 6 | R62: 7 | S62: 3 | T62: 3 | U62: 3 | V62: 8
A63: Keelung City | B63: 一般 | C63: General | D63: 195 | E63: 79 | F63: 116 | G63: 0 | H63: 0 | I63: 0 | J63: 0 | K63: 53 | L63: 40 | M63: 2 | N63: 4 | O63: 13 | P63: 63 | Q63: 5 | R63: 5 | S63: 3 | T63: 2 | U63: 3 | V63: 2
B64: 原住民 | C64: Indigenous | D64: 35 | E64: 10 | F64: 25 | G64: 0 | H64: 0 | I64: 0 | J64: 0 | K64: 7 | L64: 4 | M64: 0 | N64: 0 | O64: 2 | P64: 12 | Q64: 1 | R64: 2 | S64: 0 | T64: 1 | U64: 0 | V64: 6
A65: 新竹市 | B65: 計 | C65: Total | D65: 190 | E65: 68 | F65: 122 | G65: 0 | H65: 0 | I65: 0 | J65: 1 | K65: 29 | L65: 29 | M65: 1 | N65: 2 | O65: 21 | P65: 67 | Q65: 15 | R65: 13 | S65: 1 | T65: 4 | U65: 1 | V65: 6
A66: Hsinchu City | B66: 一般 | C66: General | D66: 177 | E66: 67 | F66: 110 | G66: 0 | H66: 0 | I66: 0 | J66: 0 | K66: 29 | L66: 27 | M66: 1 | N66: 2 | O66: 20 | P66: 61 | Q66: 15 | R66: 11 | S66: 1 | T66: 3 | U66: 1 | V66: 6
B67: 原住民 | C67: Indigenous | D67: 13 | E67: 1 | F67: 12 | G67: 0 | H67: 0 | I67: 0 | J67: 1 | K67: 0 | L67: 2 | M67: 0 | N67: 0 | O67: 1 | P67: 6 | Q67: 0 | R67: 2 | S67: 0 | T67: 1 | U67: 0 | V67: 0
A68: 嘉義市 | B68: 計 | C68: Total | D68: 146 | E68: 74 | F68: 72 | G68: 1 | H68: 0 | I68: 0 | J68: 1 | K68: 39 | L68: 28 | M68: 3 | N68: 2 | O68: 4 | P68: 31 | Q68: 26 | R68: 10 | S68: 0 | T68: 0 | U68: 1 | V68: 0
A69: Chiayi City | B69: 一般 | C69: General | D69: 145 | E69: 74 | F69: 71 | G69: 1 | H69: 0 | I69: 0 | J69: 1 | K69: 39 | L69: 27 | M69: 3 | N69: 2 | O69: 4 | P69: 31 | Q69: 26 | R69: 10 | S69: 0 | T69: 0 | U69: 1 | V69: 0
B70: 原住民 | C70: Indigenous | D70: 1 | E70: 0 | F70: 1 | G70: 0 | H70: 0 | I70: 0 | J70: 0 | K70: 0 | L70: 1 | M70: 0 | N70: 0 | O70: 0 | P70: 0 | Q70: 0 | R70: 0 | S70: 0 | T70: 0 | U70: 0 | V70: 0
A71: 金門縣 | B71: 計 | C71: Total | D71: 41 | E71: 15 | F71: 26 | G71: 0 | H71: 0 | I71: 0 | J71: 0 | K71: 9 | L71: 6 | M71: 3 | N71: 6 | O71: 1 | P71: 7 | Q71: 2 | R71: 7 | S71: 0 | T71: 0 | U71: 0 | V71: 0
A72: Kinmen County | B72: 一般 | C72: General | D72: 41 | E72: 15 | F72: 26 | G72: 0 | H72: 0 | I72: 0 | J72: 0 | K72: 9 | L72: 6 | M72: 3 | N72: 6 | O72: 1 | P72: 7 | Q72: 2 | R72: 7 | S72: 0 | T72: 0 | U72: 0 | V72: 0
B73: 原住民 | C73: Indigenous | D73: 0 | E73: 0 | F73: 0 | G73: 0 | H73: 0 | I73: 0 | J73: 0 | K73: 0 | L73: 0 | M73: 0 | N73: 0 | O73: 0 | P73: 0 | Q73: 0 | R73: 0 | S73: 0 | T73: 0 | U73: 0 | V73: 0
A74: 連江縣 | B74: 計 | C74: Total | D74: 9 | E74: 2 | F74: 7 | G74: 0 | H74: 0 | I74: 0 | J74: 0 | K74: 1 | L74: 1 | M74: 0 | N74: 0 | O74: 1 | P74: 4 | Q74: 0 | R74: 2 | S74: 0 | T74: 0 | U74: 0 | V74: 0
A75: Lienchiang County | B75: 一般 | C75: General | D75: 6 | E75: 2 | F75: 4 | G75: 0 | H75: 0 | I75: 0 | J75: 0 | K75: 1 | L75: 0 | M75: 0 | N75: 0 | O75: 1 | P75: 3 | Q75: 0 | R75: 1 | S75: 0 | T75: 0 | U75: 0 | V75: 0
B76: 原住民 | C76: Indigenous | D76: 3 | E76: 0 | F76: 3 | G76: 0 | H76: 0 | I76: 0 | J76: 0 | K76: 0 | L76: 1 | M76: 0 | N76: 0 | O76: 0 | P76: 1 | Q76: 0 | R76: 1 | S76: 0 | T76: 0 | U76: 0 | V76: 0
A77: 資料來源：各直轄市、縣市政府。
A78: Source: County and Government.
A79: 更新日期：2023/3/31

Sheet 2021
A1: 兒童及少年保護-受虐/問題類型Child and Youth Protection Cases - Type/Matter of Abused
A2: 單位：人 Unit : Person
A3: 民國110年, 2021 | D3: =IF(D8=SUM(D11,D14,D17,D20,D23,D26,D29,D32,D35,D38,D41,D44,D47,D50,D53,D56,D59,D62,D65,D68,D71,D74,),"",SUM(D11,D14,D17,D20,D23,D26,D29,D32,D35,D38,D41,D44,D47,D50,D53,D56,D59,D62,D65,D68,D71,D74,)) | E3: =IF(E8=SUM(E11,E14,E17,E20,E23,E26,E29,E32,E35,E38,E41,E44,E47,E50,E53,E56,E59,E62,E65,E68,E71,E74,),"",SUM(E11,E14,E17,E20,E23,E26,E29,E32,E35,E38,E41,E44,E47,E50,E53,E56,E59,E62,E65,E68,E71,E74,)) | F3: =IF(F8=SUM(F11,F14,F17,F20,F23,F26,F29,F32,F35,F38,F41,F44,F47,F50,F53,F56,F59,F62,F65,F68,F71,F74,),"",SUM(F11,F14,F17,F20,F23,F26,F29,F32,F35,F38,F41,F44,F47,F50,F53,F56,F59,F62,F65,F68,F71,F74,)) | G3: =IF(G8=SUM(G11,G14,G17,G20,G23,G26,G29,G32,G35,G38,G41,G44,G47,G50,G53,G56,G59,G62,G65,G68,G71,G74,),"",SUM(G11,G14,G17,G20,G23,G26,G29,G32,G35,G38,G41,G44,G47,G50,G53,G56,G59,G62,G65,G68,G71,G74,)) | H3: =IF(H8=SUM(H11,H14,H17,H20,H23,H26,H29,H32,H35,H38,H41,H44,H47,H50,H53,H56,H59,H62,H65,H68,H71,H74,),"",SUM(H11,H14,H17,H20,H23,H26,H29,H32,H35,H38,H41,H44,H47,H50,H53,H56,H59,H62,H65,H68,H71,H74,)) | I3: =IF(I8=SUM(I11,I14,I17,I20,I23,I26,I29,I32,I35,I38,I41,I44,I47,I50,I53,I56,I59,I62,I65,I68,I71,I74,),"",SUM(I11,I14,I17,I20,I23,I26,I29,I32,I35,I38,I41,I44,I47,I50,I53,I56,I59,I62,I65,I68,I71,I74,)) | J3: =IF(J8=SUM(J11,J14,J17,J20,J23,J26,J29,J32,J35,J38,J41,J44,J47,J50,J53,J56,J59,J62,J65,J68,J71,J74,),"",SUM(J11,J14,J17,J20,J23,J26,J29,J32,J35,J38,J41,J44,J47,J50,J53,J56,J59,J62,J65,J68,J71,J74,)) | K3: =IF(K8=SUM(K11,K14,K17,K20,K23,K26,K29,K32,K35,K38,K41,K44,K47,K50,K53,K56,K59,K62,K65,K68,K71,K74,),"",SUM(K11,K14,K17,K20,K23,K26,K29,K32,K35,K38,K41,K44,K47,K50,K53,K56,K59,K62,K65,K68,K71,K74,)) | ... V3: =IF(V8=SUM(V11,V14,V17,V20,V23,V26,V29,V32,V35,V38,V41,V44,V47,V50,V53,V56,V59,V62,V65,V68,V71,V74,),"",SUM(V11,V14,V17,V20,V23,V26,V29,V32,V35,V38,V41,V44,V47,V50,V53,V56,V59,V62,V65,V68,V71,V74,))
A4: 區域及特殊族群別 Locality & Ethnos | D4: 兒童少年受虐/間題類型 (人數)By Types/Matters (Person)
D5: 總計 Total | G5: 遺棄 Abandon | K5: 身心不當對待Physical Emotional Abuse | S5: 目睹家暴 Witnessing Domestic Violence | U5: 兒少物質濫用 substance abuse
G6: 棄嬰 Abandoned Infants | I6: 棄兒 Abandoned Children | K6: 身體不當對待 Physical Abuse | M6: 精神不當對待 Emotional Abuse | O6: 性不當對待 Sexual Abuse | Q6: 疏忽 Neglect
D7: 合計 SubTotal | E7: 男 Male | F7: 女 Female | G7: 男 Male | H7: 女 Female | I7: 男 Male | J7: 女 Female | K7: 男 Male | L7: 女 Female | M7: 男 Male | N7: 女 Female | O7: 男 Male | P7: 女 Female | Q7: 男 Male | R7: 女 Female | S7: 男 Male | T7: 女 Female | U7: 男 Male | V7: 女 Female
A8: 總計 | B8: 計 | C8: Total | D8: 11523 | E8: 5108 | F8: 6415 | G8: 11 | H8: 7 | I8: 13 | J8: 9 | K8: 3032 | L8: 2209 | M8: 317 | N8: 300 | O8: 689 | P8: 3138 | Q8: 686 | R8: 578 | S8: 48 | T8: 63 | U8: 312 | V8: 111
A9: Total | B9: 一般 | C9: General | D9: 10227 | E9: 4555 | F9: 5672 | G9: 10 | H9: 5 | I9: 11 | J9: 7 | K9: 2704 | L9: 1970 | M9: 309 | N9: 285 | O9: 591 | P9: 2748 | Q9: 597 | R9: 499 | S9: 41 | T9: 55 | U9: 292 | V9: 103
B10: 原住民 | C10: Indigenous | D10: 1296 | E10: 553 | F10: 743 | G10: 1 | H10: 2 | I10: 2 | J10: 2 | K10: 328 | L10: 239 | M10: 8 | N10: 15 | O10: 98 | P10: 390 | Q10: 89 | R10: 79 | S10: 7 | T10: 8 | U10: 20 | V10: 8
A11: 新北市 | B11: 計 | C11: Total | D11: 2018 | E11: 842 | F11: 1176 | G11: 0 | H11: 0 | I11: 0 | J11: 0 | K11: 549 | L11: 402 | M11: 69 | N11: 58 | O11: 101 | P11: 650 | Q11: 51 | R11: 26 | S11: 10 | T11: 21 | U11: 62 | V11: 19
A12: New Taipei City | B12: 一般 | C12: General | D12: 1903 | E12: 802 | F12: 1101 | G12: 0 | H12: 0 | I12: 0 | J12: 0 | K12: 518 | L12: 376 | M12: 69 | N12: 55 | O12: 98 | P12: 606 | Q12: 47 | R12: 26 | S12: 10 | T12: 21 | U12: 60 | V12: 17
B13: 原住民 | C13: Indigenous | D13: 115 | E13: 40 | F13: 75 | G13: 0 | H13: 0 | I13: 0 | J13: 0 | K13: 31 | L13: 26 | M13: 0 | N13: 3 | O13: 3 | P13: 44 | Q13: 4 | R13: 0 | S13: 0 | T13: 0 | U13: 2 | V13: 2
A14: 臺北市 | B14: 計 | C14: Total | D14: 984 | E14: 454 | F14: 530 | G14: 0 | H14: 1 | I14: 1 | J14: 2 | K14: 282 | L14: 199 | M14: 26 | N14: 36 | O14: 85 | P14: 260 | Q14: 52 | R14: 20 | S14: 3 | T14: 0 | U14: 5 | V14: 12
A15: Taipei City | B15: 一般 | C15: General | D15: 959 | E15: 444 | F15: 515 | G15: 0 | H15: 1 | I15: 1 | J15: 2 | K15: 277 | L15: 197 | M15: 26 | N15: 35 | O15: 82 | P15: 250 | Q15: 51 | R15: 18 | S15: 3 | T15: 0 | U15: 4 | V15: 12
B16: 原住民 | C16: Indigenous | D16: 25 | E16: 10 | F16: 15 | G16: 0 | H16: 0 | I16: 0 | J16: 0 | K16: 5 | L16: 2 | M16: 0 | N16: 1 | O16: 3 | P16: 10 | Q16: 1 | R16: 2 | S16: 0 | T16: 0 | U16: 1 | V16: 0
A17: 桃園市 | B17: 計 | C17: Total | D17: 1288 | E17: 561 | F17: 727 | G17: 2 | H17: 1 | I17: 0 | J17: 1 | K17: 394 | L17: 282 | M17: 6 | N17: 8 | O17: 93 | P17: 393 | Q17: 42 | R17: 34 | S17: 0 | T17: 1 | U17: 24 | V17: 7
A18: Taoyuan City | B18: 一般 | C18: General | D18: 1051 | E18: 462 | F18: 589 | G18: 2 | H18: 1 | I18: 0 | J18: 0 | K18: 328 | L18: 221 | M18: 5 | N18: 7 | O18: 78 | P18: 328 | Q18: 33 | R18: 26 | S18: 0 | T18: 0 | U18: 16 | V18: 6
B19: 原住民 | C19: Indigenous | D19: 237 | E19: 99 | F19: 138 | G19: 0 | H19: 0 | I19: 0 | J19: 1 | K19: 66 | L19: 61 | M19: 1 | N19: 1 | O19: 15 | P19: 65 | Q19: 9 | R19: 8 | S19: 0 | T19: 1 | U19: 8 | V19: 1
A20: 臺中市 | B20: 計 | C20: Total | D20: 1401 | E20: 662 | F20: 739 | G20: 1 | H20: 0 | I20: 6 | J20: 2 | K20: 425 | L20: 267 | M20: 54 | N20: 46 | O20: 52 | P20: 315 | Q20: 102 | R20: 95 | S20: 0 | T20: 3 | U20: 22 | V20: 11
A21: Taichung City | B21: 一般 | C21: General | D21: 1294 | E21: 617 | F21: 677 | G21: 1 | H21: 0 | I21: 6 | J21: 2 | K21: 393 | L21: 243 | M21: 53 | N21: 44 | O21: 49 | P21: 285 | Q21: 95 | R21: 90 | S21: 0 | T21: 2 | U21: 20 | V21: 11
B22: 原住民 | C22: Indigenous | D22: 107 | E22: 45 | F22: 62 | G22: 0 | H22: 0 | I22: 0 | J22: 0 | K22: 32 | L22: 24 | M22: 1 | N22: 2 | O22: 3 | P22: 30 | Q22: 7 | R22: 5 | S22: 0 | T22: 1 | U22: 2 | V22: 0
A23: 臺南市 | B23: 計 | C23: Total | D23: 753 | E23: 309 | F23: 444 | G23: 0 | H23: 0 | I23: 0 | J23: 0 | K23: 172 | L23: 134 | M23: 21 | N23: 20 | O23: 39 | P23: 238 | Q23: 47 | R23: 43 | S23: 2 | T23: 5 | U23: 28 | V23: 4
A24: Tainan City | B24: 一般 | C24: General | D24: 710 | E24: 290 | F24: 420 | G24: 0 | H24: 0 | I24: 0 | J24: 0 | K24: 161 | L24: 126 | M24: 20 | N24: 20 | O24: 37 | P24: 224 | Q24: 43 | R24: 41 | S24: 1 | T24: 5 | U24: 28 | V24: 4
B25: 原住民 | C25: Indigenous | D25: 43 | E25: 19 | F25: 24 | G25: 0 | H25: 0 | I25: 0 | J25: 0 | K25: 11 | L25: 8 | M25: 1 | N25: 0 | O25: 2 | P25: 14 | Q25: 4 | R25: 2 | S25: 1 | T25: 0 | U25: 0 | V25: 0
A26: 高雄市 | B26: 計 | C26: Total | D26: 1622 | E26: 805 | F26: 817 | G26: 1 | H26: 0 | I26: 0 | J26: 0 | K26: 468 | L26: 323 | M26: 53 | N26: 53 | O26: 63 | P26: 263 | Q26: 147 | R26: 141 | S26: 3 | T26: 5 | U26: 70 | V26: 32
A27: Kaohsiung City | B27: 一般 | C27: General | D27: 1517 | E27: 764 | F27: 753 | G27: 1 | H27: 0 | I27: 0 | J27: 0 | K27: 438 | L27: 300 | M27: 51 | N27: 50 | O27: 61 | P27: 241 | Q27: 141 | R27: 127 | S27: 3 | T27: 5 | U27: 69 | V27: 30
B28: 原住民 | C28: Indigenous | D28: 105 | E28: 41 | F28: 64 | G28: 0 | H28: 0 | I28: 0 | J28: 0 | K28: 30 | L28: 23 | M28: 2 | N28: 3 | O28: 2 | P28: 22 | Q28: 6 | R28: 14 | S28: 0 | T28: 0 | U28: 1 | V28: 2
A29: 宜蘭縣 | B29: 計 | C29: Total | D29: 163 | E29: 62 | F29: 101 | G29: 0 | H29: 1 | I29: 0 | J29: 0 | K29: 29 | L29: 14 | M29: 0 | N29: 0 | O29: 19 | P29: 80 | Q29: 7 | R29: 5 | S29: 1 | T29: 1 | U29: 6 | V29: 0
A30: Yilan County | B30: 一般 | C30: General | D30: 139 | E30: 49 | F30: 90 | G30: 0 | H30: 1 | I30: 0 | J30: 0 | K30: 25 | L30: 14 | M30: 0 | N30: 0 | O30: 11 | P30: 69 | Q30: 6 | R30: 5 | S30: 1 | T30: 1 | U30: 6 | V30: 0
B31: 原住民 | C31: Indigenous | D31: 24 | E31: 13 | F31: 11 | G31: 0 | H31: 0 | I31: 0 | J31: 0 | K31: 4 | L31: 0 | M31: 0 | N31: 0 | O31: 8 | P31: 11 | Q31: 1 | R31: 0 | S31: 0 | T31: 0 | U31: 0 | V31: 0
A32: 新竹縣 | B32: 計 | C32: Total | D32: 239 | E32: 103 | F32: 136 | G32: 1 | H32: 1 | I32: 1 | J32: 1 | K32: 62 | L32: 40 | M32: 3 | N32: 1 | O32: 20 | P32: 87 | Q32: 12 | R32: 4 | S32: 0 | T32: 1 | U32: 4 | V32: 1
A33: Hsinchu County | B33: 一般 | C33: General | D33: 193 | E33: 79 | F33: 114 | G33: 1 | H33: 1 | I33: 0 | J33: 1 | K33: 50 | L33: 38 | M33: 2 | N33: 1 | O33: 15 | P33: 68 | Q33: 8 | R33: 3 | S33: 0 | T33: 1 | U33: 3 | V33: 1
B34: 原住民 | C34: Indigenous | D34: 46 | E34: 24 | F34: 22 | G34: 0 | H34: 0 | I34: 1 | J34: 0 | K34: 12 | L34: 2 | M34: 1 | N34: 0 | O34: 5 | P34: 19 | Q34: 4 | R34: 1 | S34: 0 | T34: 0 | U34: 1 | V34: 0
A35: 苗栗縣 | B35: 計 | C35: Total | D35: 165 | E35: 53 | F35: 112 | G35: 0 | H35: 0 | I35: 0 | J35: 0 | K35: 21 | L35: 17 | M35: 1 | N35: 4 | O35: 11 | P35: 72 | Q35: 12 | R35: 16 | S35: 1 | T35: 0 | U35: 7 | V35: 3
A36: Miaoli County | B36: 一般 | C36: General | D36: 143 | E36: 45 | F36: 98 | G36: 0 | H36: 0 | I36: 0 | J36: 0 | K36: 17 | L36: 17 | M36: 1 | N36: 4 | O36: 11 | P36: 62 | Q36: 8 | R36: 13 | S36: 1 | T36: 0 | U36: 7 | V36: 2
B37: 原住民 | C37: Indigenous | D37: 22 | E37: 8 | F37: 14 | G37: 0 | H37: 0 | I37: 0 | J37: 0 | K37: 4 | L37: 0 | M37: 0 | N37: 0 | O37: 0 | P37: 10 | Q37: 4 | R37: 3 | S37: 0 | T37: 0 | U37: 0 | V37: 1
A38: 彰化縣 | B38: 計 | C38: Total | D38: 448 | E38: 194 | F38: 254 | G38: 0 | H38: 0 | I38: 0 | J38: 0 | K38: 88 | L38: 70 | M38: 33 | N38: 35 | O38: 22 | P38: 111 | Q38: 35 | R38: 31 | S38: 6 | T38: 6 | U38: 10 | V38: 1
A39: Changhua County | B39: 一般 | C39: General | D39: 444 | E39: 194 | F39: 250 | G39: 0 | H39: 0 | I39: 0 | J39: 0 | K39: 88 | L39: 70 | M39: 33 | N39: 35 | O39: 22 | P39: 109 | Q39: 35 | R39: 31 | S39: 6 | T39: 4 | U39: 10 | V39: 1
B40: 原住民 | C40: Indigenous | D40: 4 | E40: 0 | F40: 4 | G40: 0 | H40: 0 | I40: 0 | J40: 0 | K40: 0 | L40: 0 | M40: 0 | N40: 0 | O40: 0 | P40: 2 | Q40: 0 | R40: 0 | S40: 0 | T40: 2 | U40: 0 | V40: 0
A41: 南投縣 | B41: 計 | C41: Total | D41: 309 | E41: 139 | F41: 170 | G41: 0 | H41: 0 | I41: 2 | J41: 0 | K41: 75 | L41: 61 | M41: 6 | N41: 4 | O41: 18 | P41: 81 | Q41: 27 | R41: 22 | S41: 1 | T41: 2 | U41: 10 | V41: 0
A42: Nantou County | B42: 一般 | C42: General | D42: 233 | E42: 111 | F42: 122 | G42: 0 | H42: 0 | I42: 1 | J42: 0 | K42: 55 | L42: 42 | M42: 6 | N42: 2 | O42: 16 | P42: 57 | Q42: 23 | R42: 21 | S42: 0 | T42: 0 | U42: 10 | V42: 0
B43: 原住民 | C43: Indigenous | D43: 76 | E43: 28 | F43: 48 | G43: 0 | H43: 0 | I43: 1 | J43: 0 | K43: 20 | L43: 19 | M43: 0 | N43: 2 | O43: 2 | P43: 24 | Q43: 4 | R43: 1 | S43: 1 | T43: 2 | U43: 0 | V43: 0
A44: 雲林縣 | B44: 計 | C44: Total | D44: 295 | E44: 128 | F44: 167 | G44: 1 | H44: 0 | I44: 1 | J44: 2 | K44: 66 | L44: 57 | M44: 8 | N44: 6 | O44: 25 | P44: 83 | Q44: 12 | R44: 15 | S44: 1 | T44: 3 | U44: 14 | V44: 1
A45: Yunlin County | B45: 一般 | C45: General | D45: 287 | E45: 124 | F45: 163 | G45: 1 | H45: 0 | I45: 1 | J45: 2 | K45: 65 | L45: 57 | M45: 8 | N45: 5 | O45: 22 | P45: 81 | Q45: 12 | R45: 14 | S45: 1 | T45: 3 | U45: 14 | V45: 1
B46: 原住民 | C46: Indigenous | D46: 8 | E46: 4 | F46: 4 | G46: 0 | H46: 0 | I46: 0 | J46: 0 | K46: 1 | L46: 0 | M46: 0 | N46: 1 | O46: 3 | P46: 2 | Q46: 0 | R46: 1 | S46: 0 | T46: 0 | U46: 0 | V46: 0
A47: 嘉義縣 | B47: 計 | C47: Total | D47: 168 | E47: 54 | F47: 114 | G47: 0 | H47: 1 | I47: 1 | J47: 0 | K47: 26 | L47: 37 | M47: 1 | N47: 3 | O47: 6 | P47: 52 | Q47: 12 | R47: 16 | S47: 3 | T47: 2 | U47: 5 | V47: 3
A48: Chiayi County | B48: 一般 | C48: General | D48: 158 | E48: 53 | F48: 105 | G48: 0 | H48: 1 | I48: 1 | J48: 0 | K48: 26 | L48: 36 | M48: 1 | N48: 3 | O48: 6 | P48: 46 | Q48: 11 | R48: 15 | S48: 3 | T48: 2 | U48: 5 | V48: 2
B49: 原住民 | C49: Indigenous | D49: 10 | E49: 1 | F49: 9 | G49: 0 | H49: 0 | I49: 0 | J49: 0 | K49: 0 | L49: 1 | M49: 0 | N49: 0 | O49: 0 | P49: 6 | Q49: 1 | R49: 1 | S49: 0 | T49: 0 | U49: 0 | V49: 1
A50: 屏東縣 | B50: 計 | C50: Total | D50: 446 | E50: 203 | F50: 243 | G50: 1 | H50: 0 | I50: 0 | J50: 0 | K50: 96 | L50: 87 | M50: 10 | N50: 5 | O50: 33 | P50: 115 | Q50: 24 | R50: 25 | S50: 7 | T50: 4 | U50: 32 | V50: 7
A51: Pingtung County | B51: 一般 | C51: General | D51: 356 | E51: 159 | F51: 197 | G51: 1 | H51: 0 | I51: 0 | J51: 0 | K51: 73 | L51: 75 | M51: 9 | N51: 5 | O51: 24 | P51: 92 | Q51: 16 | R51: 15 | S51: 5 | T51: 3 | U51: 31 | V51: 7
B52: 原住民 | C52: Indigenous | D52: 90 | E52: 44 | F52: 46 | G52: 0 | H52: 0 | I52: 0 | J52: 0 | K52: 23 | L52: 12 | M52: 1 | N52: 0 | O52: 9 | P52: 23 | Q52: 8 | R52: 10 | S52: 2 | T52: 1 | U52: 1 | V52: 0
A53: 臺東縣 | B53: 計 | C53: Total | D53: 265 | E53: 119 | F53: 146 | G53: 1 | H53: 1 | I53: 0 | J53: 0 | K53: 70 | L53: 60 | M53: 3 | N53: 4 | O53: 24 | P53: 65 | Q53: 15 | R53: 13 | S53: 4 | T53: 1 | U53: 2 | V53: 2
A54: Taitung County | B54: 一般 | C54: General | D54: 113 | E54: 50 | F54: 63 | G54: 0 | H54: 0 | I54: 0 | J54: 0 | K54: 34 | L54: 27 | M54: 3 | N54: 4 | O54: 5 | P54: 26 | Q54: 6 | R54: 5 | S54: 1 | T54: 0 | U54: 1 | V54: 1
B55: 原住民 | C55: Indigenous | D55: 152 | E55: 69 | F55: 83 | G55: 1 | H55: 1 | I55: 0 | J55: 0 | K55: 36 | L55: 33 | M55: 0 | N55: 0 | O55: 19 | P55: 39 | Q55: 9 | R55: 8 | S55: 3 | T55: 1 | U55: 1 | V55: 1
A56: 花蓮縣 | B56: 計 | C56: Total | D56: 272 | E56: 132 | F56: 140 | G56: 0 | H56: 0 | I56: 0 | J56: 0 | K56: 59 | L56: 37 | M56: 5 | N56: 1 | O56: 34 | P56: 82 | Q56: 31 | R56: 18 | S56: 0 | T56: 0 | U56: 3 | V56: 2
A57: Hualien County | B57: 一般 | C57: General | D57: 98 | E57: 47 | F57: 51 | G57: 0 | H57: 0 | I57: 0 | J57: 0 | K57: 19 | L57: 20 | M57: 4 | N57: 1 | O57: 15 | P57: 27 | Q57: 9 | R57: 1 | S57: 0 | T57: 0 | U57: 0 | V57: 2
B58: 原住民 | C58: Indigenous | D58: 174 | E58: 85 | F58: 89 | G58: 0 | H58: 0 | I58: 0 | J58: 0 | K58: 40 | L58: 17 | M58: 1 | N58: 0 | O58: 19 | P58: 55 | Q58: 22 | R58: 17 | S58: 0 | T58: 0 | U58: 3 | V58: 0
A59: 澎湖縣 | B59: 計 | C59: Total | D59: 22 | E59: 2 | F59: 20 | G59: 0 | H59: 0 | I59: 0 | J59: 0 | K59: 2 | L59: 5 | M59: 0 | N59: 0 | O59: 0 | P59: 15 | Q59: 0 | R59: 0 | S59: 0 | T59: 0 | U59: 0 | V59: 0
A60: Penghu County | B60: 一般 | C60: General | D60: 21 | E60: 2 | F60: 19 | G60: 0 | H60: 0 | I60: 0 | J60: 0 | K60: 2 | L60: 5 | M60: 0 | N60: 0 | O60: 0 | P60: 14 | Q60: 0 | R60: 0 | S60: 0 | T60: 0 | U60: 0 | V60: 0
B61: 原住民 | C61: Indigenous | D61: 1 | E61: 0 | F61: 1 | G61: 0 | H61: 0 | I61: 0 | J61: 0 | K61: 0 | L61: 0 | M61: 0 | N61: 0 | O61: 0 | P61: 1 | Q61: 0 | R61: 0 | S61: 0 | T61: 0 | U61: 0 | V61: 0
A62: 基隆市 | B62: 計 | C62: Total | D62: 214 | E62: 91 | F62: 123 | G62: 0 | H62: 0 | I62: 0 | J62: 0 | K62: 52 | L62: 50 | M62: 6 | N62: 3 | O62: 18 | P62: 62 | Q62: 6 | R62: 7 | S62: 2 | T62: 1 | U62: 7 | V62: 0
A63: Keelung City | B63: 一般 | C63: General | D63: 192 | E63: 83 | F63: 109 | G63: 0 | H63: 0 | I63: 0 | J63: 0 | K63: 46 | L63: 44 | M63: 6 | N63: 2 | O63: 16 | P63: 55 | Q63: 6 | R63: 7 | S63: 2 | T63: 1 | U63: 7 | V63: 0
B64: 原住民 | C64: Indigenous | D64: 22 | E64: 8 | F64: 14 | G64: 0 | H64: 0 | I64: 0 | J64: 0 | K64: 6 | L64: 6 | M64: 0 | N64: 1 | O64: 2 | P64: 7 | Q64: 0 | R64: 0 | S64: 0 | T64: 0 | U64: 0 | V64: 0
A65: 新竹市 | B65: 計 | C65: Total | D65: 294 | E65: 129 | F65: 165 | G65: 3 | H65: 1 | I65: 1 | J65: 1 | K65: 53 | L65: 38 | M65: 4 | N65: 6 | O65: 22 | P65: 83 | Q65: 45 | R65: 30 | S65: 1 | T65: 2 | U65: 0 | V65: 4
A66: Hsinchu City | B66: 一般 | C66: General | D66: 265 | E66: 117 | F66: 148 | G66: 3 | H66: 0 | I66: 1 | J66: 0 | K66: 49 | L66: 35 | M66: 4 | N66: 6 | O66: 19 | P66: 77 | Q66: 40 | R66: 24 | S66: 1 | T66: 2 | U66: 0 | V66: 4
B67: 原住民 | C67: Indigenous | D67: 29 | E67: 12 | F67: 17 | G67: 0 | H67: 1 | I67: 0 | J67: 1 | K67: 4 | L67: 3 | M67: 0 | N67: 0 | O67: 3 | P67: 6 | Q67: 5 | R67: 6 | S67: 0 | T67: 0 | U67: 0 | V67: 0
A68: 嘉義市 | B68: 計 | C68: Total | D68: 117 | E68: 48 | F68: 69 | G68: 0 | H68: 0 | I68: 0 | J68: 0 | K68: 26 | L68: 21 | M68: 7 | N68: 4 | O68: 4 | P68: 25 | Q68: 7 | R68: 12 | S68: 3 | T68: 5 | U68: 1 | V68: 2
A69: Chiayi City | B69: 一般 | C69: General | D69: 113 | E69: 46 | F69: 67 | G69: 0 | H69: 0 | I69: 0 | J69: 0 | K69: 24 | L69: 20 | M69: 7 | N69: 3 | O69: 4 | P69: 25 | Q69: 7 | R69: 12 | S69: 3 | T69: 5 | U69: 1 | V69: 2
B70: 原住民 | C70: Indigenous | D70: 4 | E70: 2 | F70: 2 | G70: 0 | H70: 0 | I70: 0 | J70: 0 | K70: 2 | L70: 1 | M70: 0 | N70: 1 | O70: 0 | P70: 0 | Q70: 0 | R70: 0 | S70: 0 | T70: 0 | U70: 0 | V70: 0
A71: 金門縣 | B71: 計 | C71: Total | D71: 33 | E71: 14 | F71: 19 | G71: 0 | H71: 0 | I71: 0 | J71: 0 | K71: 13 | L71: 6 | M71: 1 | N71: 3 | O71: 0 | P71: 5 | Q71: 0 | R71: 5 | S71: 0 | T71: 0 | U71: 0 | V71: 0
A72: Kinmen County | B72: 一般 | C72: General | D72: 32 | E72: 13 | F72: 19 | G72: 0 | H72: 0 | I72: 0 | J72: 0 | K72: 12 | L72: 6 | M72: 1 | N72: 3 | O72: 0 | P72: 5 | Q72: 0 | R72: 5 | S72: 0 | T72: 0 | U72: 0 | V72: 0
B73: 原住民 | C73: Indigenous | D73: 1 | E73: 1 | F73: 0 | G73: 0 | H73: 0 | I73: 0 | J73: 0 | K73: 1 | L73: 0 | M73: 0 | N73: 0 | O73: 0 | P73: 0 | Q73: 0 | R73: 0 | S73: 0 | T73: 0 | U73: 0 | V73: 0
A74: 連江縣 | B74: 計 | C74: Total | D74: 7 | E74: 4 | F74: 3 | G74: 0 | H74: 0 | I74: 0 | J74: 0 | K74: 4 | L74: 2 | M74: 0 | N74: 0 | O74: 0 | P74: 1 | Q74: 0 | R74: 0 | S74: 0 | T74: 0 | U74: 0 | V74: 0
A75: Lienchiang County | B75: 一般 | C75: General | D75: 6 | E75: 4 | F75: 2 | G75: 0 | H75: 0 | I75: 0 | J75: 0 | K75: 4 | L75: 1 | M75: 0 | N75: 0 | O75: 0 | P75: 1 | Q75: 0 | R75: 0 | S75: 0 | T75: 0 | U75: 0 | V75: 0
B76: 原住民 | C76: Indigenous | D76: 1 | E76: 0 | F76: 1 | G76: 0 | H76: 0 | I76: 0 | J76: 0 | K76: 0 | L76: 1 | M76: 0 | N76: 0 | O76: 0 | P76: 0 | Q76: 0 | R76: 0 | S76: 0 | T76: 0 | U76: 0 | V76: 0
A77: 資料來源：各直轄市、縣市政府。
A79: Source: County and Government.
A80: 更新日期：2022/3/31

Sheet 2020
A1: 兒童及少年保護-受虐/問題類型Child and Youth Protection Cases - Type/Matter of Abused
A2: 單位：人 Unit : Person
A3: 民國109年, 2020
A4: 區域及特殊族群別 Locality & Ethnos | D4: 兒童少年受虐/間題類型 (人數)By Types/Matters (Person)
D5: 總計 Total | G5: 遺棄 Abandon | K5: 身心虐待Physical Emotional Abuse | S5: 不當管教 Improper Discipline | U5: 目睹家暴 Witnessing Domestic Violence | W5: 兒少物質濫用 | Y5: 其他 Others
G6: 棄嬰 Abandoned Infants | I6: 棄兒 Abandoned Children | K6: 身體虐待 Physical Abuse | M6: 精神虐待 Emotional Abuse | O6: 性虐待 Sexual Abuse | Q6: 疏忽 Neglect
D7: 合計 SubTotal | E7: 男 Male | F7: 女 Female | G7: 男 Male | H7: 女 Female | I7: 男 Male | J7: 女 Female | K7: 男 Male | L7: 女 Female | M7: 男 Male | N7: 女 Female | O7: 男 Male | P7: 女 Female | Q7: 男 Male | R7: 女 Female | S7: 男 Male | T7: 女 Female | U7: 男 Male | V7: 女 Female | W7: 男 Male | X7: 女 Female | Y7: 男 Male | Z7: 女 Female
A8: 總計 | B8: 計 | C8: Total | D8: 12610 | E8: 5475 | F8: 7135 | G8: 5 | H8: 8 | I8: 8 | J8: 11 | K8: 1841 | L8: 1332 | M8: 183 | N8: 229 | O8: 337 | P8: 1633 | Q8: 644 | R8: 588 | S8: 801 | T8: 536 | U8: 62 | V8: 67 | W8: 343 | X8: 156 | Y8: 1251 | Z8: 2575
A9: Total | B9: 一般 | C9: General | D9: 11243 | E9: 4949 | F9: 6294 | G9: 5 | H9: 8 | I9: 7 | J9: 10 | K9: 1673 | L9: 1185 | M9: 173 | N9: 211 | O9: 284 | P9: 1414 | Q9: 556 | R9: 503 | S9: 744 | T9: 483 | U9: 53 | V9: 61 | W9: 327 | X9: 145 | Y9: 1127 | Z9: 2274
B10: 原住民 | C10: Indigenous | D10: 1367 | E10: 526 | F10: 841 | G10: 0 | H10: 0 | I10: 1 | J10: 1 | K10: 168 | L10: 147 | M10: 10 | N10: 18 | O10: 53 | P10: 219 | Q10: 88 | R10: 85 | S10: 57 | T10: 53 | U10: 9 | V10: 6 | W10: 16 | X10: 11 | Y10: 124 | Z10: 301
A11: 新北市 | B11: 計 | C11: Total | D11: 2110 | E11: 864 | F11: 1246 | G11: 2 | H11: 0 | I11: 0 | J11: 0 | K11: 351 | L11: 279 | M11: 34 | N11: 44 | O11: 62 | P11: 335 | Q11: 31 | R11: 21 | S11: 137 | T11: 97 | U11: 10 | V11: 10 | W11: 69 | X11: 29 | Y11: 168 | Z11: 431
A12: New Taipei City | B12: 一般 | C12: General | D12: 2015 | E12: 831 | F12: 1184 | G12: 2 | H12: 0 | I12: 0 | J12: 0 | K12: 338 | L12: 276 | M12: 34 | N12: 43 | O12: 54 | P12: 308 | Q12: 31 | R12: 21 | S12: 134 | T12: 89 | U12: 10 | V12: 10 | W12: 69 | X12: 28 | Y12: 159 | Z12: 409
B13: 原住民 | C13: Indigenous | D13: 95 | E13: 33 | F13: 62 | G13: 0 | H13: 0 | I13: 0 | J13: 0 | K13: 13 | L13: 3 | M13: 0 | N13: 1 | O13: 8 | P13: 27 | Q13: 0 | R13: 0 | S13: 3 | T13: 8 | U13: 0 | V13: 0 | W13: 0 | X13: 1 | Y13: 9 | Z13: 22
A14: 臺北市 | B14: 計 | C14: Total | D14: 1020 | E14: 489 | F14: 531 | G14: 0 | H14: 2 | I14: 2 | J14: 3 | K14: 214 | L14: 141 | M14: 10 | N14: 22 | O14: 34 | P14: 115 | Q14: 52 | R14: 50 | S14: 81 | T14: 32 | U14: 1 | V14: 1 | W14: 4 | X14: 8 | Y14: 91 | Z14: 157
A15: Taipei City | B15: 一般 | C15: General | D15: 995 | E15: 476 | F15: 519 | G15: 0 | H15: 2 | I15: 2 | J15: 3 | K15: 207 | L15: 139 | M15: 10 | N15: 22 | O15: 33 | P15: 110 | Q15: 50 | R15: 48 | S15: 79 | T15: 31 | U15: 1 | V15: 1 | W15: 4 | X15: 8 | Y15: 90 | Z15: 155
B16: 原住民 | C16: Indigenous | D16: 25 | E16: 13 | F16: 12 | G16: 0 | H16: 0 | I16: 0 | J16: 0 | K16: 7 | L16: 2 | M16: 0 | N16: 0 | O16: 1 | P16: 5 | Q16: 2 | R16: 2 | S16: 2 | T16: 1 | U16: 0 | V16: 0 | W16: 0 | X16: 0 | Y16: 1 | Z16: 2
A17: 桃園市 | B17: 計 | C17: Total | D17: 1808 | E17: 845 | F17: 963 | G17: 0 | H17: 1 | I17: 1 | J17: 2 | K17: 289 | L17: 210 | M17: 11 | N17: 7 | O17: 36 | P17: 195 | Q17: 70 | R17: 56 | S17: 160 | T17: 98 | U17: 6 | V17: 3 | W17: 70 | X17: 16 | Y17: 202 | Z17: 375
A18: Taoyuan City | B18: 一般 | C18: General | D18: 1547 | E18: 704 | F18: 843 | G18: 0 | H18: 1 | I18: 1 | J18: 2 | K18: 231 | L18: 174 | M18: 8 | N18: 7 | O18: 32 | P18: 167 | Q18: 58 | R18: 49 | S18: 138 | T18: 89 | U18: 5 | V18: 3 | W18: 61 | X18: 14 | Y18: 170 | Z18: 337
B19: 原住民 | C19: Indigenous | D19: 261 | E19: 141 | F19: 120 | G19: 0 | H19: 0 | I19: 0 | J19: 0 | K19: 58 | L19: 36 | M19: 3 | N19: 0 | O19: 4 | P19: 28 | Q19: 12 | R19: 7 | S19: 22 | T19: 9 | U19: 1 | V19: 0 | W19: 9 | X19: 2 | Y19: 32 | Z19: 38
A20: 臺中市 | B20: 計 | C20: Total | D20: 1202 | E20: 512 | F20: 690 | G20: 1 | H20: 0 | I20: 0 | J20: 2 | K20: 170 | L20: 101 | M20: 35 | N20: 29 | O20: 14 | P20: 159 | Q20: 110 | R20: 112 | S20: 75 | T20: 37 | U20: 0 | V20: 1 | W20: 21 | X20: 8 | Y20: 86 | Z20: 241
A21: Taichung City | B21: 一般 | C21: General | D21: 1118 | E21: 483 | F21: 635 | G21: 1 | H21: 0 | I21: 0 | J21: 2 | K21: 162 | L21: 100 | M21: 30 | N21: 28 | O21: 10 | P21: 145 | Q21: 103 | R21: 90 | S21: 73 | T21: 36 | U21: 0 | V21: 1 | W21: 21 | X21: 8 | Y21: 83 | Z21: 225
B22: 原住民 | C22: Indigenous | D22: 84 | E22: 29 | F22: 55 | G22: 0 | H22: 0 | I22: 0 | J22: 0 | K22: 8 | L22: 1 | M22: 5 | N22: 1 | O22: 4 | P22: 14 | Q22: 7 | R22: 22 | S22: 2 | T22: 1 | U22: 0 | V22: 0 | W22: 0 | X22: 0 | Y22: 3 | Z22: 16
A23: 臺南市 | B23: 計 | C23: Total | D23: 818 | E23: 341 | F23: 477 | G23: 0 | H23: 2 | I23: 1 | J23: 0 | K23: 104 | L23: 85 | M23: 13 | N23: 18 | O23: 14 | P23: 84 | Q23: 48 | R23: 50 | S23: 36 | T23: 31 | U23: 6 | V23: 6 | W23: 32 | X23: 18 | Y23: 87 | Z23: 183
A24: Tainan City | B24: 一般 | C24: General | D24: 783 | E24: 328 | F24: 455 | G24: 0 | H24: 2 | I24: 1 | J24: 0 | K24: 101 | L24: 81 | M24: 13 | N24: 18 | O24: 13 | P24: 76 | Q24: 45 | R24: 48 | S24: 34 | T24: 30 | U24: 6 | V24: 6 | W24: 32 | X24: 17 | Y24: 83 | Z24: 177
B25: 原住民 | C25: Indigenous | D25: 35 | E25: 13 | F25: 22 | G25: 0 | H25: 0 | I25: 0 | J25: 0 | K25: 3 | L25: 4 | M25: 0 | N25: 0 | O25: 1 | P25: 8 | Q25: 3 | R25: 2 | S25: 2 | T25: 1 | U25: 0 | V25: 0 | W25: 0 | X25: 1 | Y25: 4 | Z25: 6
A26: 高雄市 | B26: 計 | C26: Total | D26: 1620 | E26: 792 | F26: 828 | G26: 0 | H26: 0 | I26: 0 | J26: 0 | K26: 248 | L26: 139 | M26: 36 | N26: 27 | O26: 50 | P26: 209 | Q26: 120 | R26: 84 | S26: 143 | T26: 92 | U26: 17 | V26: 19 | W26: 55 | X26: 33 | Y26: 123 | Z26: 225
A27: Kaohsiung City | B27: 一般 | C27: General | D27: 1524 | E27: 752 | F27: 772 | G27: 0 | H27: 0 | I27: 0 | J27: 0 | K27: 241 | L27: 135 | M27: 36 | N27: 24 | O27: 45 | P27: 195 | Q27: 112 | R27: 78 | S27: 135 | T27: 83 | U27: 13 | V27: 18 | W27: 52 | X27: 33 | Y27: 118 | Z27: 206
B28: 原住民 | C28: Indigenous | D28: 96 | E28: 40 | F28: 56 | G28: 0 | H28: 0 | I28: 0 | J28: 0 | K28: 7 | L28: 4 | M28: 0 | N28: 3 | O28: 5 | P28: 14 | Q28: 8 | R28: 6 | S28: 8 | T28: 9 | U28: 4 | V28: 1 | W28: 3 | X28: 0 | Y28: 5 | Z28: 19
A29: 宜蘭縣 | B29: 計 | C29: Total | D29: 161 | E29: 68 | F29: 93 | G29: 0 | H29: 0 | I29: 0 | J29: 1 | K29: 21 | L29: 18 | M29: 0 | N29: 0 | O29: 5 | P29: 34 | Q29: 4 | R29: 4 | S29: 14 | T29: 8 | U29: 0 | V29: 0 | W29: 7 | X29: 4 | Y29: 17 | Z29: 24
A30: Yilan County | B30: 一般 | C30: General | D30: 148 | E30: 65 | F30: 83 | G30: 0 | H30: 0 | I30: 0 | J30: 1 | K30: 19 | L30: 18 | M30: 0 | N30: 0 | O30: 4 | P30: 29 | Q30: 4 | R30: 3 | S30: 14 | T30: 8 | U30: 0 | V30: 0 | W30: 7 | X30: 4 | Y30: 17 | Z30: 20
B31: 原住民 | C31: Indigenous | D31: 13 | E31: 3 | F31: 10 | G31: 0 | H31: 0 | I31: 0 | J31: 0 | K31: 2 | L31: 0 | M31: 0 | N31: 0 | O31: 1 | P31: 5 | Q31: 0 | R31: 1 | S31: 0 | T31: 0 | U31: 0 | V31: 0 | W31: 0 | X31: 0 | Y31: 0 | Z31: 4
A32: 新竹縣 | B32: 計 | C32: Total | D32: 343 | E32: 153 | F32: 190 | G32: 0 | H32: 0 | I32: 0 | J32: 0 | K32: 46 | L32: 26 | M32: 2 | N32: 5 | O32: 23 | P32: 53 | Q32: 16 | R32: 11 | S32: 15 | T32: 12 | U32: 3 | V32: 1 | W32: 7 | X32: 3 | Y32: 41 | Z32: 79
A33: Hsinchu County | B33: 一般 | C33: General | D33: 296 | E33: 139 | F33: 157 | G33: 0 | H33: 0 | I33: 0 | J33: 0 | K33: 42 | L33: 19 | M33: 1 | N33: 4 | O33: 22 | P33: 47 | Q33: 13 | R33: 7 | S33: 14 | T33: 9 | U33: 3 | V33: 1 | W33: 7 | X33: 2 | Y33: 37 | Z33: 68
B34: 原住民 | C34: Indigenous | D34: 47 | E34: 14 | F34: 33 | G34: 0 | H34: 0 | I34: 0 | J34: 0 | K34: 4 | L34: 7 | M34: 1 | N34: 1 | O34: 1 | P34: 6 | Q34: 3 | R34: 4 | S34: 1 | T34: 3 | U34: 0 | V34: 0 | W34: 0 | X34: 1 | Y34: 4 | Z34: 11
A35: 苗栗縣 | B35: 計 | C35: Total | D35: 201 | E35: 53 | F35: 148 | G35: 0 | H35: 0 | I35: 0 | J35: 0 | K35: 16 | L35: 13 | M35: 2 | N35: 2 | O35: 8 | P35: 43 | Q35: 6 | R35: 12 | S35: 2 | T35: 3 | U35: 1 | V35: 2 | W35: 4 | X35: 3 | Y35: 14 | Z35: 70
A36: Miaoli County | B36: 一般 | C36: General | D36: 178 | E36: 46 | F36: 132 | G36: 0 | H36: 0 | I36: 0 | J36: 0 | K36: 16 | L36: 10 | M36: 2 | N36: 2 | O36: 6 | P36: 37 | Q36: 3 | R36: 10 | S36: 2 | T36: 3 | U36: 1 | V36: 2 | W36: 4 | X36: 3 | Y36: 12 | Z36: 65
B37: 原住民 | C37: Indigenous | D37: 23 | E37: 7 | F37: 16 | G37: 0 | H37: 0 | I37: 0 | J37: 0 | K37: 0 | L37: 3 | M37: 0 | N37: 0 | O37: 2 | P37: 6 | Q37: 3 | R37: 2 | S37: 0 | T37: 0 | U37: 0 | V37: 0 | W37: 0 | X37: 0 | Y37: 2 | Z37: 5
A38: 彰化縣 | B38: 計 | C38: Total | D38: 528 | E38: 208 | F38: 320 | G38: 0 | H38: 0 | I38: 3 | J38: 3 | K38: 50 | L38: 61 | M38: 10 | N38: 12 | O38: 22 | P38: 79 | Q38: 24 | R38: 52 | S38: 19 | T38: 30 | U38: 2 | V38: 4 | W38: 5 | X38: 4 | Y38: 73 | Z38: 75
A39: Changhua County | B39: 一般 | C39: General | D39: 508 | E39: 203 | F39: 305 | G39: 0 | H39: 0 | I39: 2 | J39: 2 | K39: 49 | L39: 61 | M39: 10 | N39: 11 | O39: 21 | P39: 77 | Q39: 24 | R39: 51 | S39: 18 | T39: 30 | U39: 2 | V39: 3 | W39: 5 | X39: 3 | Y39: 72 | Z39: 67
B40: 原住民 | C40: Indigenous | D40: 20 | E40: 5 | F40: 15 | G40: 0 | H40: 0 | I40: 1 | J40: 1 | K40: 1 | L40: 0 | M40: 0 | N40: 1 | O40: 1 | P40: 2 | Q40: 0 | R40: 1 | S40: 1 | T40: 0 | U40: 0 | V40: 1 | W40: 0 | X40: 1 | Y40: 1 | Z40: 8
A41: 南投縣 | B41: 計 | C41: Total | D41: 355 | E41: 147 | F41: 208 | G41: 1 | H41: 0 | I41: 1 | J41: 0 | K41: 38 | L41: 22 | M41: 7 | N41: 10 | O41: 2 | P41: 36 | Q41: 13 | R41: 18 | S41: 3 | T41: 5 | U41: 0 | V41: 3 | W41: 7 | X41: 1 | Y41: 75 | Z41: 113
A42: Nantou County | B42: 一般 | C42: General | D42: 297 | E42: 133 | F42: 164 | G42: 1 | H42: 0 | I42: 1 | J42: 0 | K42: 37 | L42: 20 | M42: 7 | N42: 10 | O42: 1 | P42: 26 | Q42: 11 | R42: 16 | S42: 2 | T42: 4 | U42: 0 | V42: 3 | W42: 7 | X42: 1 | Y42: 66 | Z42: 84
B43: 原住民 | C43: Indigenous | D43: 58 | E43: 14 | F43: 44 | G43: 0 | H43: 0 | I43: 0 | J43: 0 | K43: 1 | L43: 2 | M43: 0 | N43: 0 | O43: 1 | P43: 10 | Q43: 2 | R43: 2 | S43: 1 | T43: 1 | U43: 0 | V43: 0 | W43: 0 | X43: 0 | Y43: 9 | Z43: 29
A44: 雲林縣 | B44: 計 | C44: Total | D44: 294 | E44: 121 | F44: 173 | G44: 0 | H44: 1 | I44: 0 | J44: 0 | K44: 44 | L44: 32 | M44: 3 | N44: 6 | O44: 8 | P44: 39 | Q44: 10 | R44: 10 | S44: 14 | T44: 14 | U44: 0 | V44: 0 | W44: 9 | X44: 2 | Y44: 33 | Z44: 69
A45: Yunlin County | B45: 一般 | C45: General | D45: 288 | E45: 117 | F45: 171 | G45: 0 | H45: 1 | I45: 0 | J45: 0 | K45: 42 | L45: 32 | M45: 3 | N45: 6 | O45: 7 | P45: 39 | Q45: 10 | R45: 9 | S45: 14 | T45: 14 | U45: 0 | V45: 0 | W45: 8 | X45: 2 | Y45: 33 | Z45: 68
B46: 原住民 | C46: Indigenous | D46: 6 | E46: 4 | F46: 2 | G46: 0 | H46: 0 | I46: 0 | J46: 0 | K46: 2 | L46: 0 | M46: 0 | N46: 0 | O46: 1 | P46: 0 | Q46: 0 | R46: 1 | S46: 0 | T46: 0 | U46: 0 | V46: 0 | W46: 1 | X46: 0 | Y46: 0 | Z46: 1
A47: 嘉義縣 | B47: 計 | C47: Total | D47: 229 | E47: 90 | F47: 139 | G47: 0 | H47: 0 | I47: 0 | J47: 0 | K47: 9 | L47: 8 | M47: 0 | N47: 3 | O47: 10 | P47: 37 | Q47: 17 | R47: 15 | S47: 11 | T47: 10 | U47: 2 | V47: 1 | W47: 13 | X47: 3 | Y47: 28 | Z47: 62
A48: Chiayi County | B48: 一般 | C48: General | D48: 220 | E48: 84 | F48: 136 | G48: 0 | H48: 0 | I48: 0 | J48: 0 | K48: 9 | L48: 8 | M48: 0 | N48: 3 | O48: 9 | P48: 36 | Q48: 16 | R48: 15 | S48: 11 | T48: 10 | U48: 2 | V48: 1 | W48: 13 | X48: 3 | Y48: 24 | Z48: 60
B49: 原住民 | C49: Indigenous | D49: 9 | E49: 6 | F49: 3 | G49: 0 | H49: 0 | I49: 0 | J49: 0 | K49: 0 | L49: 0 | M49: 0 | N49: 0 | O49: 1 | P49: 1 | Q49: 1 | R49: 0 | S49: 0 | T49: 0 | U49: 0 | V49: 0 | W49: 0 | X49: 0 | Y49: 4 | Z49: 2
A50: 屏東縣 | B50: 計 | C50: Total | D50: 635 | E50: 292 | F50: 343 | G50: 0 | H50: 0 | I50: 0 | J50: 0 | K50: 78 | L50: 54 | M50: 4 | N50: 17 | O50: 13 | P50: 58 | Q50: 41 | R50: 33 | S50: 37 | T50: 23 | U50: 7 | V50: 10 | W50: 23 | X50: 11 | Y50: 89 | Z50: 137
A51: Pingtung County | B51: 一般 | C51: General | D51: 516 | E51: 253 | F51: 263 | G51: 0 | H51: 0 | I51: 0 | J51: 0 | K51: 72 | L51: 36 | M51: 3 | N51: 11 | O51: 9 | P51: 35 | Q51: 28 | R51: 26 | S51: 32 | T51: 18 | U51: 7 | V51: 8 | W51: 22 | X51: 11 | Y51: 80 | Z51: 118
B52: 原住民 | C52: Indigenous | D52: 119 | E52: 39 | F52: 80 | G52: 0 | H52: 0 | I52: 0 | J52: 0 | K52: 6 | L52: 18 | M52: 1 | N52: 6 | O52: 4 | P52: 23 | Q52: 13 | R52: 7 | S52: 5 | T52: 5 | U52: 0 | V52: 2 | W52: 1 | X52: 0 | Y52: 9 | Z52: 19
A53: 臺東縣 | B53: 計 | C53: Total | D53: 341 | E53: 129 | F53: 212 | G53: 0 | H53: 0 | I53: 0 | J53: 0 | K53: 41 | L53: 51 | M53: 6 | N53: 5 | O53: 11 | P53: 31 | Q53: 12 | R53: 20 | S53: 11 | T53: 16 | U53: 5 | V53: 2 | W53: 1 | X53: 5 | Y53: 42 | Z53: 82
A54: Taitung County | B54: 一般 | C54: General | D54: 111 | E54: 56 | F54: 55 | G54: 0 | H54: 0 | I54: 0 | J54: 0 | K54: 14 | L54: 10 | M54: 6 | N54: 1 | O54: 5 | P54: 9 | Q54: 8 | R54: 11 | S54: 5 | T54: 4 | U54: 1 | V54: 0 | W54: 0 | X54: 1 | Y54: 17 | Z54: 19
B55: 原住民 | C55: Indigenous | D55: 230 | E55: 73 | F55: 157 | G55: 0 | H55: 0 | I55: 0 | J55: 0 | K55: 27 | L55: 41 | M55: 0 | N55: 4 | O55: 6 | P55: 22 | Q55: 4 | R55: 9 | S55: 6 | T55: 12 | U55: 4 | V55: 2 | W55: 1 | X55: 4 | Y55: 25 | Z55: 63
A56: 花蓮縣 | B56: 計 | C56: Total | D56: 280 | E56: 114 | F56: 166 | G56: 0 | H56: 0 | I56: 0 | J56: 0 | K56: 37 | L56: 27 | M56: 3 | N56: 1 | O56: 17 | P56: 57 | Q56: 30 | R56: 20 | S56: 5 | T56: 3 | U56: 0 | V56: 0 | W56: 3 | X56: 1 | Y56: 19 | Z56: 57
A57: Hualien County | B57: 一般 | C57: General | D57: 91 | E57: 38 | F57: 53 | G57: 0 | H57: 0 | I57: 0 | J57: 0 | K57: 12 | L57: 8 | M57: 3 | N57: 0 | O57: 6 | P57: 19 | Q57: 4 | R57: 4 | S57: 2 | T57: 3 | U57: 0 | V57: 0 | W57: 2 | X57: 0 | Y57: 9 | Z57: 19
B58: 原住民 | C58: Indigenous | D58: 189 | E58: 76 | F58: 113 | G58: 0 | H58: 0 | I58: 0 | J58: 0 | K58: 25 | L58: 19 | M58: 0 | N58: 1 | O58: 11 | P58: 38 | Q58: 26 | R58: 16 | S58: 3 | T58: 0 | U58: 0 | V58: 0 | W58: 1 | X58: 1 | Y58: 10 | Z58: 38
A59: 澎湖縣 | B59: 計 | C59: Total | D59: 36 | E59: 9 | F59: 27 | G59: 0 | H59: 0 | I59: 0 | J59: 0 | K59: 4 | L59: 4 | M59: 0 | N59: 9 | O59: 0 | P59: 1 | Q59: 1 | R59: 0 | S59: 2 | T59: 2 | U59: 0 | V59: 0 | W59: 1 | X59: 0 | Y59: 1 | Z59: 11
A60: Penghu County | B60: 一般 | C60: General | D60: 36 | E60: 9 | F60: 27 | G60: 0 | H60: 0 | I60: 0 | J60: 0 | K60: 4 | L60: 4 | M60: 0 | N60: 9 | O60: 0 | P60: 1 | Q60: 1 | R60: 0 | S60: 2 | T60: 2 | U60: 0 | V60: 0 | W60: 1 | X60: 0 | Y60: 1 | Z60: 11
B61: 原住民 | C61: Indigenous | D61: 0 | E61: 0 | F61: 0 | G61: 0 | H61: 0 | I61: 0 | J61: 0 | K61: 0 | L61: 0 | M61: 0 | N61: 0 | O61: 0 | P61: 0 | Q61: 0 | R61: 0 | S61: 0 | T61: 0 | U61: 0 | V61: 0 | W61: 0 | X61: 0 | Y61: 0 | Z61: 0
A62: 基隆市 | B62: 計 | C62: Total | D62: 298 | E62: 117 | F62: 181 | G62: 0 | H62: 1 | I62: 0 | J62: 0 | K62: 40 | L62: 37 | M62: 2 | N62: 6 | O62: 5 | P62: 25 | Q62: 16 | R62: 4 | S62: 15 | T62: 6 | U62: 0 | V62: 2 | W62: 3 | X62: 0 | Y62: 36 | Z62: 100
A63: Keelung City | B63: 一般 | C63: General | D63: 266 | E63: 108 | F63: 158 | G63: 0 | H63: 1 | I63: 0 | J63: 0 | K63: 38 | L63: 33 | M63: 2 | N63: 6 | O63: 4 | P63: 20 | Q63: 13 | R63: 4 | S63: 14 | T63: 5 | U63: 0 | V63: 2 | W63: 3 | X63: 0 | Y63: 34 | Z63: 87
B64: 原住民 | C64: Indigenous | D64: 32 | E64: 9 | F64: 23 | G64: 0 | H64: 0 | I64: 0 | J64: 0 | K64: 2 | L64: 4 | M64: 0 | N64: 0 | O64: 1 | P64: 5 | Q64: 3 | R64: 0 | S64: 1 | T64: 1 | U64: 0 | V64: 0 | W64: 0 | X64: 0 | Y64: 2 | Z64: 13
A65: 新竹市 | B65: 計 | C65: Total | D65: 164 | E65: 46 | F65: 118 | G65: 1 | H65: 1 | I65: 0 | J65: 0 | K65: 10 | L65: 9 | M65: 2 | N65: 5 | O65: 1 | P65: 24 | Q65: 7 | R65: 6 | S65: 6 | T65: 8 | U65: 1 | V65: 2 | W65: 0 | X65: 5 | Y65: 18 | Z65: 58
A66: Hsinchu City | B66: 一般 | C66: General | D66: 144 | E66: 39 | F66: 105 | G66: 1 | H66: 1 | I66: 0 | J66: 0 | K66: 8 | L66: 8 | M66: 2 | N66: 5 | O66: 1 | P66: 21 | Q66: 6 | R66: 4 | S66: 6 | T66: 6 | U66: 1 | V66: 2 | W66: 0 | X66: 5 | Y66: 14 | Z66: 53
B67: 原住民 | C67: Indigenous | D67: 20 | E67: 7 | F67: 13 | G67: 0 | H67: 0 | I67: 0 | J67: 0 | K67: 2 | L67: 1 | M67: 0 | N67: 0 | O67: 0 | P67: 3 | Q67: 1 | R67: 2 | S67: 0 | T67: 2 | U67: 0 | V67: 0 | W67: 0 | X67: 0 | Y67: 4 | Z67: 5
A68: 嘉義市 | B68: 計 | C68: Total | D68: 116 | E68: 56 | F68: 60 | G68: 0 | H68: 0 | I68: 0 | J68: 0 | K68: 23 | L68: 12 | M68: 0 | N68: 1 | O68: 2 | P68: 16 | Q68: 9 | R68: 5 | S68: 12 | T68: 6 | U68: 0 | V68: 0 | W68: 6 | X68: 0 | Y68: 4 | Z68: 20
A69: Chiayi City | B69: 一般 | C69: General | D69: 113 | E69: 56 | F69: 57 | G69: 0 | H69: 0 | I69: 0 | J69: 0 | K69: 23 | L69: 10 | M69: 0 | N69: 1 | O69: 2 | P69: 15 | Q69: 9 | R69: 5 | S69: 12 | T69: 6 | U69: 0 | V69: 0 | W69: 6 | X69: 0 | Y69: 4 | Z69: 20
B70: 原住民 | C70: Indigenous | D70: 3 | E70: 0 | F70: 3 | G70: 0 | H70: 0 | I70: 0 | J70: 0 | K70: 0 | L70: 2 | M70: 0 | N70: 0 | O70: 0 | P70: 1 | Q70: 0 | R70: 0 | S70: 0 | T70: 0 | U70: 0 | V70: 0 | W70: 0 | X70: 0 | Y70: 0 | Z70: 0
A71: 金門縣 | B71: 計 | C71: Total | D71: 42 | E71: 23 | F71: 19 | G71: 0 | H71: 0 | I71: 0 | J71: 0 | K71: 7 | L71: 2 | M71: 2 | N71: 0 | O71: 0 | P71: 3 | Q71: 6 | R71: 4 | S71: 2 | T71: 2 | U71: 1 | V71: 0 | W71: 3 | X71: 2 | Y71: 2 | Z71: 6
A72: Kinmen County | B72: 一般 | C72: General | D72: 41 | E72: 23 | F72: 18 | G72: 0 | H72: 0 | I72: 0 | J72: 0 | K72: 7 | L72: 2 | M72: 2 | N72: 0 | O72: 0 | P72: 2 | Q72: 6 | R72: 4 | S72: 2 | T72: 2 | U72: 1 | V72: 0 | W72: 3 | X72: 2 | Y72: 2 | Z72: 6
B73: 原住民 | C73: Indigenous | D73: 1 | E73: 0 | F73: 1 | G73: 0 | H73: 0 | I73: 0 | J73: 0 | K73: 0 | L73: 0 | M73: 0 | N73: 0 | O73: 0 | P73: 1 | Q73: 0 | R73: 0 | S73: 0 | T73: 0 | U73: 0 | V73: 0 | W73: 0 | X73: 0 | Y73: 0 | Z73: 0
A74: 連江縣 | B74: 計 | C74: Total | D74: 9 | E74: 6 | F74: 3 | G74: 0 | H74: 0 | I74: 0 | J74: 0 | K74: 1 | L74: 1 | M74: 1 | N74: 0 | O74: 0 | P74: 0 | Q74: 1 | R74: 1 | S74: 1 | T74: 1 | U74: 0 | V74: 0 | W74: 0 | X74: 0 | Y74: 2 | Z74: 0
A75: Lienchiang County | B75: 一般 | C75: General | D75: 8 | E75: 6 | F75: 2 | G75: 0 | H75: 0 | I75: 0 | J75: 0 | K75: 1 | L75: 1 | M75: 1 | N75: 0 | O75: 0 | P75: 0 | Q75: 1 | R75: 0 | S75: 1 | T75: 1 | U75: 0 | V75: 0 | W75: 0 | X75: 0 | Y75: 2 | Z75: 0
B76: 原住民 | C76: Indigenous | D76: 1 | E76: 0 | F76: 1 | G76: 0 | H76: 0 | I76: 0 | J76: 0 | K76: 0 | L76: 0 | M76: 0 | N76: 0 | O76: 0 | P76: 0 | Q76: 0 | R76: 1 | S76: 0 | T76: 0 | U76: 0 | V76: 0 | W76: 0 | X76: 0 | Y76: 0 | Z76: 0
A77: 資料來源：各直轄市、縣市政府。
A78: Source: County and Government.
A80: 更新日期：2021/03/31

Sheet 2019
A1: 兒童及少年保護-受虐/問題類型Child and Youth Protection Cases - Type/Matter of Abused
A2: 單位：人 Unit : Person
A3: 108年, 2019
A4: 區域及特殊族群別 Locality & Ethnos | D4: 兒童少年受虐/間題類型 (人數)By Types/Matters (Person)
D5: 總計 Total | G5: 遺棄 Abandon | K5: 身心虐待Physical Emotional Abuse | S5: 不當管教 Improper Discipline | U5: 目睹家暴 Witnessing Domestic Violence | W5: 兒少物質濫用 | Y5: 其他 Others
G6: 棄嬰 Abandoned Infants | I6: 棄兒 Abandoned Children | K6: 身體虐待 Physical Abuse | M6: 精神虐待 Emotional Abuse | O6: 性虐待 Sexual Abuse | Q6: 疏忽 Neglect
D7: 合計 SubTotal | E7: 男 Male | F7: 女 Female | G7: 男 Male | H7: 女 Female | I7: 男 Male | J7: 女 Female | K7: 男 Male | L7: 女 Female | M7: 男 Male | N7: 女 Female | O7: 男 Male | P7: 女 Female | Q7: 男 Male | R7: 女 Female | S7: 男 Male | T7: 女 Female | U7: 男 Male | V7: 女 Female | W7: 男 Male | X7: 女 Female | Y7: 男 Male | Z7: 女 Female
A8: 總計 | B8: 計 | C8: Total | D8: 11113 | E8: 4832 | F8: 6281 | G8: 8 | H8: 8 | I8: 8 | J8: 4 | K8: 429 | L8: 315 | M8: 123 | N8: 152 | O8: 556 | P8: 2585 | Q8: 523 | R8: 480 | S8: 1879 | T8: 1154 | U8: 61 | V8: 57 | W8: 89 | X8: 126 | Y8: 1156 | Z8: 1400
A9: Total | B9: 一般 | C9: General | D9: 9983 | E9: 4389 | F9: 5594 | G9: 6 | H9: 7 | I9: 7 | J9: 3 | K9: 403 | L9: 287 | M9: 116 | N9: 140 | O9: 500 | P9: 2316 | Q9: 456 | R9: 410 | S9: 1733 | T9: 1029 | U9: 53 | V9: 43 | W9: 76 | X9: 115 | Y9: 1039 | Z9: 1244
B10: 原住民 | C10: Indigenous | D10: 1130 | E10: 443 | F10: 687 | G10: 2 | H10: 1 | I10: 1 | J10: 1 | K10: 26 | L10: 28 | M10: 7 | N10: 12 | O10: 56 | P10: 269 | Q10: 67 | R10: 70 | S10: 146 | T10: 125 | U10: 8 | V10: 14 | W10: 13 | X10: 11 | Y10: 117 | Z10: 156
A11: 新北市 | B11: 計 | C11: Total | D11: 1956 | E11: 850 | F11: 1106 | G11: 0 | H11: 1 | I11: 0 | J11: 1 | K11: 84 | L11: 69 | M11: 22 | N11: 34 | O11: 101 | P11: 484 | Q11: 20 | R11: 30 | S11: 402 | T11: 214 | U11: 4 | V11: 3 | W11: 12 | X11: 28 | Y11: 205 | Z11: 242
A12: New Taipei City | B12: 一般 | C12: General | D12: 1851 | E12: 802 | F12: 1049 | G12: 0 | H12: 1 | I12: 0 | J12: 1 | K12: 83 | L12: 67 | M12: 22 | N12: 33 | O12: 97 | P12: 460 | Q12: 20 | R12: 29 | S12: 370 | T12: 193 | U12: 4 | V12: 3 | W12: 10 | X12: 26 | Y12: 196 | Z12: 236
B13: 原住民 | C13: Indigenous | D13: 105 | E13: 48 | F13: 57 | G13: 0 | H13: 0 | I13: 0 | J13: 0 | K13: 1 | L13: 2 | M13: 0 | N13: 1 | O13: 4 | P13: 24 | Q13: 0 | R13: 1 | S13: 32 | T13: 21 | U13: 0 | V13: 0 | W13: 2 | X13: 2 | Y13: 9 | Z13: 6
A14: 臺北市 | B14: 計 | C14: Total | D14: 829 | E14: 380 | F14: 449 | G14: 1 | H14: 0 | I14: 2 | J14: 1 | K14: 45 | L14: 26 | M14: 4 | N14: 15 | O14: 63 | P14: 212 | Q14: 37 | R14: 34 | S14: 186 | T14: 104 | U14: 1 | V14: 2 | W14: 1 | X14: 3 | Y14: 40 | Z14: 52
A15: Taipei City | B15: 一般 | C15: General | D15: 807 | E15: 374 | F15: 433 | G15: 1 | H15: 0 | I15: 2 | J15: 1 | K15: 45 | L15: 26 | M15: 4 | N15: 15 | O15: 58 | P15: 199 | Q15: 37 | R15: 34 | S15: 185 | T15: 101 | U15: 1 | V15: 2 | W15: 1 | X15: 3 | Y15: 40 | Z15: 52
B16: 原住民 | C16: Indigenous | D16: 22 | E16: 6 | F16: 16 | G16: 0 | H16: 0 | I16: 0 | J16: 0 | K16: 0 | L16: 0 | M16: 0 | N16: 0 | O16: 5 | P16: 13 | Q16: 0 | R16: 0 | S16: 1 | T16: 3 | U16: 0 | V16: 0 | W16: 0 | X16: 0 | Y16: 0 | Z16: 0
A17: 桃園市 | B17: 計 | C17: Total | D17: 1592 | E17: 752 | F17: 840 | G17: 1 | H17: 2 | I17: 0 | J17: 0 | K17: 22 | L17: 22 | M17: 7 | N17: 6 | O17: 78 | P17: 341 | Q17: 65 | R17: 71 | S17: 396 | T17: 229 | U17: 2 | V17: 3 | W17: 17 | X17: 12 | Y17: 164 | Z17: 154
A18: Taoyuan City | B18: 一般 | C18: General | D18: 1361 | E18: 641 | F18: 720 | G18: 0 | H18: 1 | I18: 0 | J18: 0 | K18: 19 | L18: 18 | M18: 5 | N18: 5 | O18: 66 | P18: 301 | Q18: 54 | R18: 52 | S18: 343 | T18: 199 | U18: 2 | V18: 3 | W18: 14 | X18: 12 | Y18: 138 | Z18: 129
B19: 原住民 | C19: Indigenous | D19: 231 | E19: 111 | F19: 120 | G19: 1 | H19: 1 | I19: 0 | J19: 0 | K19: 3 | L19: 4 | M19: 2 | N19: 1 | O19: 12 | P19: 40 | Q19: 11 | R19: 19 | S19: 53 | T19: 30 | U19: 0 | V19: 0 | W19: 3 | X19: 0 | Y19: 26 | Z19: 25
A20: 臺中市 | B20: 計 | C20: Total | D20: 1185 | E20: 494 | F20: 691 | G20: 0 | H20: 1 | I20: 1 | J20: 0 | K20: 43 | L20: 37 | M20: 30 | N20: 20 | O20: 37 | P20: 299 | Q20: 80 | R20: 74 | S20: 188 | T20: 122 | U20: 6 | V20: 3 | W20: 8 | X20: 14 | Y20: 101 | Z20: 121
A21: Taichung City | B21: 一般 | C21: General | D21: 1109 | E21: 463 | F21: 646 | G21: 0 | H21: 1 | I21: 1 | J21: 0 | K21: 37 | L21: 34 | M21: 30 | N21: 19 | O21: 36 | P21: 274 | Q21: 72 | R21: 69 | S21: 176 | T21: 118 | U21: 6 | V21: 3 | W21: 8 | X21: 14 | Y21: 97 | Z21: 114
B22: 原住民 | C22: Indigenous | D22: 76 | E22: 31 | F22: 45 | G22: 0 | H22: 0 | I22: 0 | J22: 0 | K22: 6 | L22: 3 | M22: 0 | N22: 1 | O22: 1 | P22: 25 | Q22: 8 | R22: 5 | S22: 12 | T22: 4 | U22: 0 | V22: 0 | W22: 0 | X22: 0 | Y22: 4 | Z22: 7
A23: 臺南市 | B23: 計 | C23: Total | D23: 688 | E23: 274 | F23: 414 | G23: 0 | H23: 0 | I23: 0 | J23: 0 | K23: 21 | L23: 17 | M23: 10 | N23: 15 | O23: 33 | P23: 148 | Q23: 40 | R23: 30 | S23: 97 | T23: 69 | U23: 4 | V23: 5 | W23: 12 | X23: 13 | Y23: 57 | Z23: 117
A24: Tainan City | B24: 一般 | C24: General | D24: 672 | E24: 271 | F24: 401 | G24: 0 | H24: 0 | I24: 0 | J24: 0 | K24: 21 | L24: 17 | M24: 10 | N24: 15 | O24: 33 | P24: 144 | Q24: 38 | R24: 27 | S24: 96 | T24: 66 | U24: 4 | V24: 4 | W24: 12 | X24: 13 | Y24: 57 | Z24: 115
B25: 原住民 | C25: Indigenous | D25: 16 | E25: 3 | F25: 13 | G25: 0 | H25: 0 | I25: 0 | J25: 0 | K25: 0 | L25: 0 | M25: 0 | N25: 0 | O25: 0 | P25: 4 | Q25: 2 | R25: 3 | S25: 1 | T25: 3 | U25: 0 | V25: 1 | W25: 0 | X25: 0 | Y25: 0 | Z25: 2
A26: 高雄市 | B26: 計 | C26: Total | D26: 1566 | E26: 711 | F26: 855 | G26: 1 | H26: 1 | I26: 1 | J26: 0 | K26: 45 | L26: 36 | M26: 13 | N26: 17 | O26: 83 | P26: 329 | Q26: 110 | R26: 97 | S26: 299 | T26: 216 | U26: 8 | V26: 8 | W26: 12 | X26: 20 | Y26: 139 | Z26: 131
A27: Kaohsiung City | B27: 一般 | C27: General | D27: 1442 | E27: 671 | F27: 771 | G27: 1 | H27: 1 | I27: 1 | J27: 0 | K27: 44 | L27: 33 | M27: 12 | N27: 14 | O27: 80 | P27: 302 | Q27: 98 | R27: 86 | S27: 288 | T27: 198 | U27: 7 | V27: 7 | W27: 12 | X27: 16 | Y27: 128 | Z27: 114
B28: 原住民 | C28: Indigenous | D28: 124 | E28: 40 | F28: 84 | G28: 0 | H28: 0 | I28: 0 | J28: 0 | K28: 1 | L28: 3 | M28: 1 | N28: 3 | O28: 3 | P28: 27 | Q28: 12 | R28: 11 | S28: 11 | T28: 18 | U28: 1 | V28: 1 | W28: 0 | X28: 4 | Y28: 11 | Z28: 17
A29: 宜蘭縣 | B29: 計 | C29: Total | D29: 169 | E29: 63 | F29: 106 | G29: 1 | H29: 0 | I29: 0 | J29: 0 | K29: 12 | L29: 3 | M29: 1 | N29: 1 | O29: 12 | P29: 53 | Q29: 5 | R29: 5 | S29: 11 | T29: 8 | U29: 0 | V29: 0 | W29: 1 | X29: 0 | Y29: 20 | Z29: 36
A30: Yilan County | B30: 一般 | C30: General | D30: 150 | E30: 57 | F30: 93 | G30: 1 | H30: 0 | I30: 0 | J30: 0 | K30: 11 | L30: 3 | M30: 1 | N30: 1 | O30: 10 | P30: 47 | Q30: 5 | R30: 3 | S30: 9 | T30: 7 | U30: 0 | V30: 0 | W30: 1 | X30: 0 | Y30: 19 | Z30: 32
B31: 原住民 | C31: Indigenous | D31: 19 | E31: 6 | F31: 13 | G31: 0 | H31: 0 | I31: 0 | J31: 0 | K31: 1 | L31: 0 | M31: 0 | N31: 0 | O31: 2 | P31: 6 | Q31: 0 | R31: 2 | S31: 2 | T31: 1 | U31: 0 | V31: 0 | W31: 0 | X31: 0 | Y31: 1 | Z31: 4
A32: 新竹縣 | B32: 計 | C32: Total | D32: 334 | E32: 139 | F32: 195 | G32: 0 | H32: 0 | I32: 1 | J32: 0 | K32: 20 | L32: 3 | M32: 6 | N32: 1 | O32: 16 | P32: 107 | Q32: 12 | R32: 14 | S32: 34 | T32: 23 | U32: 8 | V32: 2 | W32: 1 | X32: 1 | Y32: 41 | Z32: 44
A33: Hsinchu County | B33: 一般 | C33: General | D33: 258 | E33: 114 | F33: 144 | G33: 0 | H33: 0 | I33: 1 | J33: 0 | K33: 19 | L33: 3 | M33: 6 | N33: 1 | O33: 14 | P33: 79 | Q33: 6 | R33: 8 | S33: 28 | T33: 17 | U33: 6 | V33: 2 | W33: 0 | X33: 1 | Y33: 34 | Z33: 33
B34: 原住民 | C34: Indigenous | D34: 76 | E34: 25 | F34: 51 | G34: 0 | H34: 0 | I34: 0 | J34: 0 | K34: 1 | L34: 0 | M34: 0 | N34: 0 | O34: 2 | P34: 28 | Q34: 6 | R34: 6 | S34: 6 | T34: 6 | U34: 2 | V34: 0 | W34: 1 | X34: 0 | Y34: 7 | Z34: 11
A35: 苗栗縣 | B35: 計 | C35: Total | D35: 180 | E35: 64 | F35: 116 | G35: 0 | H35: 0 | I35: 0 | J35: 0 | K35: 7 | L35: 1 | M35: 1 | N35: 2 | O35: 21 | P35: 80 | Q35: 14 | R35: 11 | S35: 10 | T35: 3 | U35: 0 | V35: 1 | W35: 0 | X35: 0 | Y35: 11 | Z35: 18
A36: Miaoli County | B36: 一般 | C36: General | D36: 160 | E36: 53 | F36: 107 | G36: 0 | H36: 0 | I36: 0 | J36: 0 | K36: 7 | L36: 1 | M36: 1 | N36: 2 | O36: 20 | P36: 74 | Q36: 8 | R36: 9 | S36: 8 | T36: 3 | U36: 0 | V36: 1 | W36: 0 | X36: 0 | Y36: 9 | Z36: 17
B37: 原住民 | C37: Indigenous | D37: 20 | E37: 11 | F37: 9 | G37: 0 | H37: 0 | I37: 0 | J37: 0 | K37: 0 | L37: 0 | M37: 0 | N37: 0 | O37: 1 | P37: 6 | Q37: 6 | R37: 2 | S37: 2 | T37: 0 | U37: 0 | V37: 0 | W37: 0 | X37: 0 | Y37: 2 | Z37: 1
A38: 彰化縣 | B38: 計 | C38: Total | D38: 431 | E38: 167 | F38: 264 | G38: 1 | H38: 1 | I38: 0 | J38: 0 | K38: 26 | L38: 10 | M38: 3 | N38: 6 | O38: 27 | P38: 171 | Q38: 33 | R38: 18 | S38: 46 | T38: 19 | U38: 2 | V38: 4 | W38: 1 | X38: 1 | Y38: 28 | Z38: 34
A39: Changhua County | B39: 一般 | C39: General | D39: 420 | E39: 164 | F39: 256 | G39: 1 | H39: 1 | I39: 0 | J39: 0 | K39: 26 | L39: 10 | M39: 3 | N39: 6 | O39: 27 | P39: 167 | Q39: 33 | R39: 18 | S39: 45 | T39: 19 | U39: 2 | V39: 0 | W39: 1 | X39: 1 | Y39: 26 | Z39: 34
B40: 原住民 | C40: Indigenous | D40: 11 | E40: 3 | F40: 8 | G40: 0 | H40: 0 | I40: 0 | J40: 0 | K40: 0 | L40: 0 | M40: 0 | N40: 0 | O40: 0 | P40: 4 | Q40: 0 | R40: 0 | S40: 1 | T40: 0 | U40: 0 | V40: 4 | W40: 0 | X40: 0 | Y40: 2 | Z40: 0
A41: 南投縣 | B41: 計 | C41: Total | D41: 268 | E41: 113 | F41: 155 | G41: 0 | H41: 0 | I41: 0 | J41: 0 | K41: 5 | L41: 6 | M41: 8 | N41: 5 | O41: 3 | P41: 38 | Q41: 20 | R41: 16 | S41: 22 | T41: 13 | U41: 0 | V41: 2 | W41: 0 | X41: 0 | Y41: 55 | Z41: 75
A42: Nantou County | B42: 一般 | C42: General | D42: 205 | E42: 96 | F42: 109 | G42: 0 | H42: 0 | I42: 0 | J42: 0 | K42: 5 | L42: 6 | M42: 8 | N42: 5 | O42: 2 | P42: 25 | Q42: 16 | R42: 8 | S42: 19 | T42: 8 | U42: 0 | V42: 1 | W42: 0 | X42: 0 | Y42: 46 | Z42: 56
B43: 原住民 | C43: Indigenous | D43: 63 | E43: 17 | F43: 46 | G43: 0 | H43: 0 | I43: 0 | J43: 0 | K43: 0 | L43: 0 | M43: 0 | N43: 0 | O43: 1 | P43: 13 | Q43: 4 | R43: 8 | S43: 3 | T43: 5 | U43: 0 | V43: 1 | W43: 0 | X43: 0 | Y43: 9 | Z43: 19
A44: 雲林縣 | B44: 計 | C44: Total | D44: 239 | E44: 102 | F44: 137 | G44: 1 | H44: 1 | I44: 0 | J44: 0 | K44: 11 | L44: 12 | M44: 2 | N44: 4 | O44: 11 | P44: 57 | Q44: 9 | R44: 10 | S44: 22 | T44: 12 | U44: 3 | V44: 1 | W44: 2 | X44: 1 | Y44: 41 | Z44: 39
A45: Yunlin County | B45: 一般 | C45: General | D45: 231 | E45: 101 | F45: 130 | G45: 1 | H45: 1 | I45: 0 | J45: 0 | K45: 11 | L45: 12 | M45: 2 | N45: 4 | O45: 11 | P45: 54 | Q45: 9 | R45: 9 | S45: 22 | T45: 12 | U45: 3 | V45: 1 | W45: 2 | X45: 1 | Y45: 40 | Z45: 36
B46: 原住民 | C46: Indigenous | D46: 8 | E46: 1 | F46: 7 | G46: 0 | H46: 0 | I46: 0 | J46: 0 | K46: 0 | L46: 0 | M46: 0 | N46: 0 | O46: 0 | P46: 3 | Q46: 0 | R46: 1 | S46: 0 | T46: 0 | U46: 0 | V46: 0 | W46: 0 | X46: 0 | Y46: 1 | Z46: 3
A47: 嘉義縣 | B47: 計 | C47: Total | D47: 149 | E47: 62 | F47: 87 | G47: 0 | H47: 0 | I47: 0 | J47: 0 | K47: 5 | L47: 1 | M47: 0 | N47: 2 | O47: 4 | P47: 38 | Q47: 9 | R47: 9 | S47: 12 | T47: 8 | U47: 2 | V47: 1 | W47: 7 | X47: 9 | Y47: 23 | Z47: 19
A48: Chiayi County | B48: 一般 | C48: General | D48: 145 | E48: 60 | F48: 85 | G48: 0 | H48: 0 | I48: 0 | J48: 0 | K48: 4 | L48: 0 | M48: 0 | N48: 2 | O48: 4 | P48: 37 | Q48: 9 | R48: 9 | S48: 12 | T48: 8 | U48: 2 | V48: 1 | W48: 6 | X48: 9 | Y48: 23 | Z48: 19
B49: 原住民 | C49: Indigenous | D49: 4 | E49: 2 | F49: 2 | G49: 0 | H49: 0 | I49: 0 | J49: 0 | K49: 1 | L49: 1 | M49: 0 | N49: 0 | O49: 0 | P49: 1 | Q49: 0 | R49: 0 | S49: 0 | T49: 0 | U49: 0 | V49: 0 | W49: 1 | X49: 0 | Y49: 0 | Z49: 0
A50: 屏東縣 | B50: 計 | C50: Total | D50: 573 | E50: 290 | F50: 283 | G50: 0 | H50: 1 | I50: 2 | J50: 1 | K50: 29 | L50: 12 | M50: 7 | N50: 11 | O50: 23 | P50: 47 | Q50: 27 | R50: 18 | S50: 79 | T50: 54 | U50: 14 | V50: 15 | W50: 4 | X50: 12 | Y50: 105 | Z50: 112
A51: Pingtung County | B51: 一般 | C51: General | D51: 488 | E51: 248 | F51: 240 | G51: 0 | H51: 1 | I51: 2 | J51: 1 | K51: 24 | L51: 11 | M51: 5 | N51: 8 | O51: 19 | P51: 35 | Q51: 23 | R51: 17 | S51: 67 | T51: 45 | U51: 10 | V51: 11 | W51: 4 | X51: 10 | Y51: 94 | Z51: 101
B52: 原住民 | C52: Indigenous | D52: 85 | E52: 42 | F52: 43 | G52: 0 | H52: 0 | I52: 0 | J52: 0 | K52: 5 | L52: 1 | M52: 2 | N52: 3 | O52: 4 | P52: 12 | Q52: 4 | R52: 1 | S52: 12 | T52: 9 | U52: 4 | V52: 4 | W52: 0 | X52: 2 | Y52: 11 | Z52: 11
A53: 臺東縣 | B53: 計 | C53: Total | D53: 179 | E53: 68 | F53: 111 | G53: 0 | H53: 0 | I53: 0 | J53: 0 | K53: 5 | L53: 8 | M53: 1 | N53: 0 | O53: 11 | P53: 24 | Q53: 7 | R53: 5 | S53: 11 | T53: 14 | U53: 1 | V53: 3 | W53: 5 | X53: 4 | Y53: 27 | Z53: 53
A54: Taitung County | B54: 一般 | C54: General | D54: 57 | E54: 19 | F54: 38 | G54: 0 | H54: 0 | I54: 0 | J54: 0 | K54: 4 | L54: 1 | M54: 0 | N54: 0 | O54: 1 | P54: 10 | Q54: 2 | R54: 3 | S54: 4 | T54: 2 | U54: 0 | V54: 0 | W54: 0 | X54: 2 | Y54: 8 | Z54: 20
B55: 原住民 | C55: Indigenous | D55: 122 | E55: 49 | F55: 73 | G55: 0 | H55: 0 | I55: 0 | J55: 0 | K55: 1 | L55: 7 | M55: 1 | N55: 0 | O55: 10 | P55: 14 | Q55: 5 | R55: 2 | S55: 7 | T55: 12 | U55: 1 | V55: 3 | W55: 5 | X55: 2 | Y55: 19 | Z55: 33
A56: 花蓮縣 | B56: 計 | C56: Total | D56: 184 | E56: 61 | F56: 123 | G56: 1 | H56: 0 | I56: 0 | J56: 0 | K56: 13 | L56: 21 | M56: 1 | N56: 3 | O56: 18 | P56: 68 | Q56: 11 | R56: 6 | S56: 8 | T56: 15 | U56: 0 | V56: 0 | W56: 2 | X56: 1 | Y56: 7 | Z56: 9
A57: Hualien County | B57: 一般 | C57: General | D57: 73 | E57: 26 | F57: 47 | G57: 0 | H57: 0 | I57: 0 | J57: 0 | K57: 7 | L57: 14 | M57: 1 | N57: 0 | O57: 7 | P57: 23 | Q57: 3 | R57: 3 | S57: 6 | T57: 4 | U57: 0 | V57: 0 | W57: 1 | X57: 0 | Y57: 1 | Z57: 3
B58: 原住民 | C58: Indigenous | D58: 111 | E58: 35 | F58: 76 | G58: 1 | H58: 0 | I58: 0 | J58: 0 | K58: 6 | L58: 7 | M58: 0 | N58: 3 | O58: 11 | P58: 45 | Q58: 8 | R58: 3 | S58: 2 | T58: 11 | U58: 0 | V58: 0 | W58: 1 | X58: 1 | Y58: 6 | Z58: 6
A59: 澎湖縣 | B59: 計 | C59: Total | D59: 31 | E59: 13 | F59: 18 | G59: 0 | H59: 0 | I59: 0 | J59: 0 | K59: 9 | L59: 6 | M59: 1 | N59: 5 | O59: 1 | P59: 1 | Q59: 0 | R59: 0 | S59: 0 | T59: 2 | U59: 0 | V59: 1 | W59: 0 | X59: 0 | Y59: 2 | Z59: 3
A60: Penghu County | B60: 一般 | C60: General | D60: 29 | E60: 12 | F60: 17 | G60: 0 | H60: 0 | I60: 0 | J60: 0 | K60: 9 | L60: 6 | M60: 1 | N60: 5 | O60: 1 | P60: 1 | Q60: 0 | R60: 0 | S60: 0 | T60: 2 | U60: 0 | V60: 1 | W60: 0 | X60: 0 | Y60: 1 | Z60: 2
B61: 原住民 | C61: Indigenous | D61: 2 | E61: 1 | F61: 1 | G61: 0 | H61: 0 | I61: 0 | J61: 0 | K61: 0 | L61: 0 | M61: 0 | N61: 0 | O61: 0 | P61: 0 | Q61: 0 | R61: 0 | S61: 0 | T61: 0 | U61: 0 | V61: 0 | W61: 0 | X61: 0 | Y61: 1 | Z61: 1
A62: 基隆市 | B62: 計 | C62: Total | D62: 202 | E62: 79 | F62: 123 | G62: 1 | H62: 0 | I62: 0 | J62: 0 | K62: 6 | L62: 12 | M62: 1 | N62: 1 | O62: 4 | P62: 32 | Q62: 6 | R62: 13 | S62: 23 | T62: 7 | U62: 2 | V62: 1 | W62: 0 | X62: 2 | Y62: 36 | Z62: 55
A63: Keelung City | B63: 一般 | C63: General | D63: 186 | E63: 72 | F63: 114 | G63: 1 | H63: 0 | I63: 0 | J63: 0 | K63: 6 | L63: 12 | M63: 1 | N63: 1 | O63: 4 | P63: 30 | Q63: 6 | R63: 12 | S63: 22 | T63: 6 | U63: 2 | V63: 1 | W63: 0 | X63: 2 | Y63: 30 | Z63: 50
