Workbook

Sheet 歷年
A1: 兒童及少年保護-受虐人數 Number of Abused Child and Youth
A2: 單位：人 Unit : Persons
A3: 年別 Year | B3: 受虐兒童少年人數按年齡分(人) By Age
B4: 合計 Total | E4: 0-未滿3歲 Under 3 Years | G4: 3-未滿6歲 3-Under 6 Years | I4: 6-未滿9歲 6-Under 9 Years | K4: 9-未滿12歲 9-Under 12 Years | M4: 12-未滿15歲 12-Under 15 Years | O4: 15-未滿18歲 15-Under 18 Years
B5: 計 Total | C5: 男 Male | D5: 女 Female | E5: 男 Male | F5: 女 Female | G5: 男 Male | H5: 女 Female | I5: 男 Male | J5: 女 Female | K5: 男 Male | L5: 女 Female | M5: 男 Male | N5: 女 Female | O5: 男 Male | P5: 女 Female
A7: 108年, 2019 | B7: ='2019'!D8 -> 11113 | C7: ='2019'!E8 -> 4832 | D7: ='2019'!F8 -> 6281 | E7: ='2019'!G8 -> 565 | F7: ='2019'!H8 -> 449 | G7: ='2019'!I8 -> 634 | H7: ='2019'!J8 -> 596 | I7: ='2019'!K8 -> 955 | ... P7: ='2019'!R8 -> 1883
A8: 109年, 2020 | B8: ='2020'!D8 -> 12610 | C8: ='2020'!E8 -> 5475 | D8: ='2020'!F8 -> 7135 | E8: ='2020'!G8 -> 628 | F8: ='2020'!H8 -> 518 | G8: ='2020'!I8 -> 750 | H8: ='2020'!J8 -> 685 | I8: ='2020'!K8 -> 1064 | ... P8: ='2020'!R8 -> 2153
A9: 110年, 2021 | B9: ='2021'!D8 -> 11523 | C9: ='2021'!E8 -> 5108 | D9: ='2021'!F8 -> 6415 | E9: ='2021'!G8 -> 595 | F9: ='2021'!H8 -> 482 | G9: ='2021'!I8 -> 774 | H9: ='2021'!J8 -> 615 | I9: ='2021'!K8 -> 1022 | ... P9: ='2021'!R8 -> 1859
A10: 111年, 2022 | B10: ='2022'!D8 -> 11950 | C10: ='2022'!E8 -> 5281 | D10: ='2022'!F8 -> 6669 | E10: ='2022'!G8 -> 655 | F10: ='2022'!H8 -> 497 | G10: ='2022'!I8 -> 812 | H10: ='2022'!J8 -> 695 | I10: ='2022'!K8 -> 1025 | ... P10: ='2022'!R8 -> 1923
A11: 112年, 2023 | B11: ='2023'!D8 -> 12646 | C11: ='2023'!E8 -> 5649 | D11: ='2023'!F8 -> 6997 | E11: ='2023'!G8 -> 668 | F11: ='2023'!H8 -> 534 | G11: ='2023'!I8 -> 968 | H11: ='2023'!J8 -> 698 | I11: ='2023'!K8 -> 1178 | ... P11: ='2023'!R8 -> 1818
A12: 113年, 2024 | B12: ='2024'!D8 -> 10810 | C12: ='2024'!E8 -> 4836 | D12: ='2024'!F8 -> 5974 | E12: ='2024'!G8 -> 564 | F12: ='2024'!H8 -> 437 | G12: ='2024'!I8 -> 788 | H12: ='2024'!J8 -> 664 | I12: ='2024'!K8 -> 1202 | ... P12: ='2024'!R8 -> 1567
A13: 上半年, Jan.-June | B13: 5771 | C13: 2521 | D13: 3250 | E13: 257 | F13: 212 | G13: 418 | H13: 331 | I13: 636 | J13: 408 | K13: 600 | L13: 453 | M13: 409 | N13: 952 | O13: 201 | P13: 894
A14: 下半年, July-Dec. | B14: 5039 | C14: 2315 | D14: 2724 | E14: 307 | F14: 225 | G14: 370 | H14: 333 | I14: 566 | J14: 330 | K14: 486 | L14: 344 | M14: 403 | N14: 819 | O14: 183 | P14: 673
A15: 114年, 2025 | B15: ='2025'!D8 -> 9898 | C15: ='2025'!E8 -> 4451 | D15: ='2025'!F8 -> 5447 | E15: ='2025'!G8 -> 644 | F15: ='2025'!H8 -> 478 | G15: ='2025'!I8 -> 769 | H15: ='2025'!J8 -> 551 | I15: ='2025'!K8 -> 1016 | ... P15: ='2025'!R8 -> 1364
A16: 上半年, Jan.-June | B16: ='Jan.-June, 2025'!D8 -> 5352 | C16: ='Jan.-June, 2025'!E8 -> 2421 | D16: ='Jan.-June, 2025'!F8 -> 2931 | E16: ='Jan.-June, 2025'!G8 -> 316 | F16: ='Jan.-June, 2025'!H8 -> 237 | G16: ='Jan.-June, 2025'!I8 -> 388 | H16: ='Jan.-June, 2025'!J8 -> 275 | I16: ='Jan.-June, 2025'!K8 -> 571 | ... P16: ='Jan.-June, 2025'!R8 -> 740
A17: 下半年, July-Dec. | B17: ='July-Dec., 2025'!D8 -> 4546 | C17: ='July-Dec., 2025'!E8 -> 2030 | D17: ='July-Dec., 2025'!F8 -> 2516 | E17: ='July-Dec., 2025'!G8 -> 328 | F17: ='July-Dec., 2025'!H8 -> 241 | G17: ='July-Dec., 2025'!I8 -> 381 | H17: ='July-Dec., 2025'!J8 -> 276 | I17: ='July-Dec., 2025'!K8 -> 445 | ... P17: ='July-Dec., 2025'!R8 -> 624
A18: 資料來源：各直轄市、縣市政府；106年及107年歷年由保護服務司另行提供。
A19: Source: County and Government.
A20: 更新日期：2026/03/31
B21: =IF(B15=SUM(B16:B17),"","*") | C21: =IF(C15=SUM(C16:C17),"","*") | D21: =IF(D15=SUM(D16:D17),"","*") | E21: =IF(E15=SUM(E16:E17),"","*") | F21: =IF(F15=SUM(F16:F17),"","*") | G21: =IF(G15=SUM(G16:G17),"","*") | H21: =IF(H15=SUM(H16:H17),"","*") | I21: =IF(I15=SUM(I16:I17),"","*") | ... P21: =IF(P15=SUM(P16:P17),"","*")

Sheet 2025
A1: 兒童及少年保護-受虐人數 Number of Abused Child and Youth
A2: 單位：人 Unit : Persons
A3: 民國114年, 2025 | D3: =IF(D8=SUM(D11,D14,D17,D20,D23,D26,D29,D32,D35,D38,D41,D44,D47,D50,D53,D56,D59,D62,D65,D68,D71,D74,),"","*") | E3: =IF(E8=SUM(E11,E14,E17,E20,E23,E26,E29,E32,E35,E38,E41,E44,E47,E50,E53,E56,E59,E62,E65,E68,E71,E74,),"","*") | F3: =IF(F8=SUM(F11,F14,F17,F20,F23,F26,F29,F32,F35,F38,F41,F44,F47,F50,F53,F56,F59,F62,F65,F68,F71,F74,),"","*") | G3: =IF(G8=SUM(G11,G14,G17,G20,G23,G26,G29,G32,G35,G38,G41,G44,G47,G50,G53,G56,G59,G62,G65,G68,G71,G74,),"","*") | H3: =IF(H8=SUM(H11,H14,H17,H20,H23,H26,H29,H32,H35,H38,H41,H44,H47,H50,H53,H56,H59,H62,H65,H68,H71,H74,),"","*") | I3: =IF(I8=SUM(I11,I14,I17,I20,I23,I26,I29,I32,I35,I38,I41,I44,I47,I50,I53,I56,I59,I62,I65,I68,I71,I74,),"","*") | J3: =IF(J8=SUM(J11,J14,J17,J20,J23,J26,J29,J32,J35,J38,J41,J44,J47,J50,J53,J56,J59,J62,J65,J68,J71,J74,),"","*") | K3: =IF(K8=SUM(K11,K14,K17,K20,K23,K26,K29,K32,K35,K38,K41,K44,K47,K50,K53,K56,K59,K62,K65,K68,K71,K74,),"","*") | ... R3: =IF(R8=SUM(R11,R14,R17,R20,R23,R26,R29,R32,R35,R38,R41,R44,R47,R50,R53,R56,R59,R62,R65,R68,R71,R74,),"","*")
A4: 區域及特殊族群別 Locality & Ethnos | D4: 受虐兒童少年人數按年齡分(人) By Age
D5: 合計 Total | G5: 0-未滿3歲 Under 3 Years | I5: 3-未滿6歲 3-Under 6 Years | K5: 6-未滿9歲 6-Under 9 Years | M5: 9-未滿12歲 9-Under 12 Years | O5: 12-未滿15歲 12-Under 15 Years | Q5: 15-未滿18歲 15-Under 18 Years
D6: 計 Total | E6: 男 Male | F6: 女 Female | G6: 男 Male | H6: 女 Female | I6: 男 Male | J6: 女 Female | K6: 男 Male | L6: 女 Female | M6: 男 Male | N6: 女 Female | O6: 男 Male | P6: 女 Female | Q6: 男 Male | R6: 女 Female
A8: 總計 | B8: 計 | C8: Total | D8: 9898 | E8: 4451 | F8: 5447 | G8: 644 | H8: 478 | I8: 769 | J8: 551 | K8: 1016 | L8: 690 | M8: 961 | N8: 663 | O8: 738 | P8: 1701 | Q8: 323 | R8: 1364
A9: Total | B9: 一般 | C9: General | D9: 8952 | E9: 4080 | F9: 4872 | G9: 598 | H9: 420 | I9: 692 | J9: 493 | K9: 934 | L9: 618 | M9: 877 | N9: 600 | O9: 677 | P9: 1510 | Q9: 302 | R9: 1231
B10: 原住民 | C10: Indigenous | D10: 946 | E10: 371 | F10: 575 | G10: 46 | H10: 58 | I10: 77 | J10: 58 | K10: 82 | L10: 72 | M10: 84 | N10: 63 | O10: 61 | P10: 191 | Q10: 21 | R10: 133
A11: 新北市 | B11: 計 | C11: Total | D11: 2147 | E11: 951 | F11: 1196 | G11: 86 | H11: 50 | I11: 142 | J11: 80 | K11: 240 | L11: 166 | M11: 259 | N11: 176 | O11: 159 | P11: 383 | Q11: 65 | R11: 341
A12: New Taipei City | B12: 一般 | C12: General | D12: 2009 | E12: 902 | F12: 1107 | G12: 83 | H12: 44 | I12: 135 | J12: 71 | K12: 230 | L12: 152 | M12: 242 | N12: 167 | O12: 149 | P12: 349 | Q12: 63 | R12: 324
B13: 原住民 | C13: Indigenous | D13: 138 | E13: 49 | F13: 89 | G13: 3 | H13: 6 | I13: 7 | J13: 9 | K13: 10 | L13: 14 | M13: 17 | N13: 9 | O13: 10 | P13: 34 | Q13: 2 | R13: 17
A14: 臺北市 | B14: 計 | C14: Total | D14: 894 | E14: 424 | F14: 470 | G14: 59 | H14: 52 | I14: 83 | J14: 61 | K14: 95 | L14: 56 | M14: 86 | N14: 46 | O14: 68 | P14: 140 | Q14: 33 | R14: 115
A15: Taipei City | B15: 一般 | C15: General | D15: 874 | E15: 413 | F15: 461 | G15: 58 | H15: 52 | I15: 78 | J15: 60 | K15: 93 | L15: 53 | M15: 84 | N15: 46 | O15: 67 | P15: 138 | Q15: 33 | R15: 112
B16: 原住民 | C16: Indigenous | D16: 20 | E16: 11 | F16: 9 | G16: 1 | H16: 0 | I16: 5 | J16: 1 | K16: 2 | L16: 3 | M16: 2 | N16: 0 | O16: 1 | P16: 2 | Q16: 0 | R16: 3
A17: 桃園市 | B17: 計 | C17: Total | D17: 777 | E17: 353 | F17: 424 | G17: 37 | H17: 30 | I17: 67 | J17: 38 | K17: 95 | L17: 58 | M17: 90 | N17: 57 | O17: 50 | P17: 127 | Q17: 14 | R17: 114
A18: Taoyuan City | B18: 一般 | C18: General | D18: 645 | E18: 296 | F18: 349 | G18: 28 | H18: 21 | I18: 49 | J18: 28 | K18: 79 | L18: 50 | M18: 79 | N18: 50 | O18: 47 | P18: 105 | Q18: 14 | R18: 95
B19: 原住民 | C19: Indigenous | D19: 132 | E19: 57 | F19: 75 | G19: 9 | H19: 9 | I19: 18 | J19: 10 | K19: 16 | L19: 8 | M19: 11 | N19: 7 | O19: 3 | P19: 22 | Q19: 0 | R19: 19
A20: 臺中市 | B20: 計 | C20: Total | D20: 1327 | E20: 663 | F20: 664 | G20: 110 | H20: 72 | I20: 90 | J20: 75 | K20: 155 | L20: 84 | M20: 134 | N20: 78 | O20: 121 | P20: 207 | Q20: 53 | R20: 148
A21: Taichung City | B21: 一般 | C21: General | D21: 1250 | E21: 621 | F21: 629 | G21: 106 | H21: 68 | I21: 86 | J21: 69 | K21: 142 | L21: 77 | M21: 126 | N21: 75 | O21: 115 | P21: 198 | Q21: 46 | R21: 142
B22: 原住民 | C22: Indigenous | D22: 77 | E22: 42 | F22: 35 | G22: 4 | H22: 4 | I22: 4 | J22: 6 | K22: 13 | L22: 7 | M22: 8 | N22: 3 | O22: 6 | P22: 9 | Q22: 7 | R22: 6
A23: 臺南市 | B23: 計 | C23: Total | D23: 532 | E23: 263 | F23: 269 | G23: 46 | H23: 32 | I23: 58 | J23: 31 | K23: 63 | L23: 37 | M23: 52 | N23: 36 | O23: 33 | P23: 90 | Q23: 11 | R23: 43
A24: Tainan City | B24: 一般 | C24: General | D24: 510 | E24: 249 | F24: 261 | G24: 44 | H24: 32 | I24: 54 | J24: 30 | K24: 61 | L24: 37 | M24: 47 | N24: 35 | O24: 32 | P24: 88 | Q24: 11 | R24: 39
B25: 原住民 | C25: Indigenous | D25: 22 | E25: 14 | F25: 8 | G25: 2 | H25: 0 | I25: 4 | J25: 1 | K25: 2 | L25: 0 | M25: 5 | N25: 1 | O25: 1 | P25: 2 | Q25: 0 | R25: 4
A26: 高雄市 | B26: 計 | C26: Total | D26: 1283 | E26: 606 | F26: 677 | G26: 89 | H26: 76 | I26: 126 | J26: 78 | K26: 146 | L26: 85 | M26: 132 | N26: 86 | O26: 80 | P26: 216 | Q26: 33 | R26: 136
A27: Kaohsiung City | B27: 一般 | C27: General | D27: 1191 | E27: 569 | F27: 622 | G27: 85 | H27: 67 | I27: 118 | J27: 73 | K27: 133 | L27: 82 | M27: 123 | N27: 79 | O27: 78 | P27: 198 | Q27: 32 | R27: 123
B28: 原住民 | C28: Indigenous | D28: 92 | E28: 37 | F28: 55 | G28: 4 | H28: 9 | I28: 8 | J28: 5 | K28: 13 | L28: 3 | M28: 9 | N28: 7 | O28: 2 | P28: 18 | Q28: 1 | R28: 13
A29: 宜蘭縣 | B29: 計 | C29: Total | D29: 65 | E29: 10 | F29: 55 | G29: 4 | H29: 10 | I29: 0 | J29: 1 | K29: 3 | L29: 5 | M29: 1 | N29: 2 | O29: 1 | P29: 26 | Q29: 1 | R29: 11
A30: Yilan County | B30: 一般 | C30: General | D30: 61 | E30: 10 | F30: 51 | G30: 4 | H30: 10 | I30: 0 | J30: 1 | K30: 3 | L30: 5 | M30: 1 | N30: 2 | O30: 1 | P30: 24 | Q30: 1 | R30: 9
B31: 原住民 | C31: Indigenous | D31: 4 | E31: 0 | F31: 4 | G31: 0 | H31: 0 | I31: 0 | J31: 0 | K31: 0 | L31: 0 | M31: 0 | N31: 0 | O31: 0 | P31: 2 | Q31: 0 | R31: 2
A32: 新竹縣 | B32: 計 | C32: Total | D32: 362 | E32: 163 | F32: 199 | G32: 34 | H32: 25 | I32: 35 | J32: 30 | K32: 40 | L32: 24 | M32: 22 | N32: 27 | O32: 25 | P32: 58 | Q32: 7 | R32: 35
A33: Hsinchu County | B33: 一般 | C33: General | D33: 303 | E33: 142 | F33: 161 | G33: 30 | H33: 16 | I33: 27 | J33: 27 | K33: 38 | L33: 20 | M33: 18 | N33: 19 | O33: 23 | P33: 49 | Q33: 6 | R33: 30
B34: 原住民 | C34: Indigenous | D34: 59 | E34: 21 | F34: 38 | G34: 4 | H34: 9 | I34: 8 | J34: 3 | K34: 2 | L34: 4 | M34: 4 | N34: 8 | O34: 2 | P34: 9 | Q34: 1 | R34: 5
A35: 苗栗縣 | B35: 計 | C35: Total | D35: 182 | E35: 49 | F35: 133 | G35: 11 | H35: 9 | I35: 10 | J35: 12 | K35: 9 | L35: 10 | M35: 12 | N35: 17 | O35: 4 | P35: 39 | Q35: 3 | R35: 46
A36: Miaoli County | B36: 一般 | C36: General | D36: 163 | E36: 45 | F36: 118 | G36: 11 | H36: 7 | I36: 8 | J36: 12 | K36: 8 | L36: 10 | M36: 11 | N36: 15 | O36: 4 | P36: 35 | Q36: 3 | R36: 39
B37: 原住民 | C37: Indigenous | D37: 19 | E37: 4 | F37: 15 | G37: 0 | H37: 2 | I37: 2 | J37: 0 | K37: 1 | L37: 0 | M37: 1 | N37: 2 | O37: 0 | P37: 4 | Q37: 0 | R37: 7
A38: 彰化縣 | B38: 計 | C38: Total | D38: 373 | E38: 161 | F38: 212 | G38: 34 | H38: 17 | I38: 20 | J38: 27 | K38: 29 | L38: 29 | M38: 29 | N38: 15 | O38: 27 | P38: 65 | Q38: 22 | R38: 59
A39: Changhua County | B39: 一般 | C39: General | D39: 357 | E39: 156 | F39: 201 | G39: 33 | H39: 16 | I39: 20 | J39: 26 | K39: 29 | L39: 29 | M39: 29 | N39: 15 | O39: 27 | P39: 59 | Q39: 18 | R39: 56
B40: 原住民 | C40: Indigenous | D40: 16 | E40: 5 | F40: 11 | G40: 1 | H40: 1 | I40: 0 | J40: 1 | K40: 0 | L40: 0 | M40: 0 | N40: 0 | O40: 0 | P40: 6 | Q40: 4 | R40: 3
A41: 南投縣 | B41: 計 | C41: Total | D41: 195 | E41: 72 | F41: 123 | G41: 10 | H41: 11 | I41: 13 | J41: 9 | K41: 19 | L41: 17 | M41: 11 | N41: 20 | O41: 10 | P41: 31 | Q41: 9 | R41: 35
A42: Nantou County | B42: 一般 | C42: General | D42: 148 | E42: 59 | F42: 89 | G42: 9 | H42: 9 | I42: 11 | J42: 6 | K42: 15 | L42: 12 | M42: 5 | N42: 14 | O42: 10 | P42: 19 | Q42: 9 | R42: 29
B43: 原住民 | C43: Indigenous | D43: 47 | E43: 13 | F43: 34 | G43: 1 | H43: 2 | I43: 2 | J43: 3 | K43: 4 | L43: 5 | M43: 6 | N43: 6 | O43: 0 | P43: 12 | Q43: 0 | R43: 6
A44: 雲林縣 | B44: 計 | C44: Total | D44: 304 | E44: 124 | F44: 180 | G44: 30 | H44: 16 | I44: 29 | J44: 20 | K44: 21 | L44: 23 | M44: 11 | N44: 12 | O44: 15 | P44: 55 | Q44: 18 | R44: 54
A45: Yunlin County | B45: 一般 | C45: General | D45: 298 | E45: 123 | F45: 175 | G45: 30 | H45: 15 | I45: 29 | J45: 20 | K45: 21 | L45: 23 | M45: 11 | N45: 12 | O45: 15 | P45: 51 | Q45: 17 | R45: 54
B46: 原住民 | C46: Indigenous | D46: 6 | E46: 1 | F46: 5 | G46: 0 | H46: 1 | I46: 0 | J46: 0 | K46: 0 | L46: 0 | M46: 0 | N46: 0 | O46: 0 | P46: 4 | Q46: 1 | R46: 0
A47: 嘉義縣 | B47: 計 | C47: Total | D47: 178 | E47: 81 | F47: 97 | G47: 10 | H47: 17 | I47: 21 | J47: 9 | K47: 12 | L47: 8 | M47: 16 | N47: 14 | O47: 13 | P47: 25 | Q47: 9 | R47: 24
A48: Chiayi County | B48: 一般 | C48: General | D48: 169 | E48: 74 | F48: 95 | G48: 9 | H48: 17 | I48: 21 | J48: 9 | K48: 12 | L48: 8 | M48: 15 | N48: 14 | O48: 9 | P48: 23 | Q48: 8 | R48: 24
B49: 原住民 | C49: Indigenous | D49: 9 | E49: 7 | F49: 2 | G49: 1 | H49: 0 | I49: 0 | J49: 0 | K49: 0 | L49: 0 | M49: 1 | N49: 0 | O49: 4 | P49: 2 | Q49: 1 | R49: 0
A50: 屏東縣 | B50: 計 | C50: Total | D50: 355 | E50: 148 | F50: 207 | G50: 24 | H50: 16 | I50: 21 | J50: 17 | K50: 30 | L50: 23 | M50: 34 | N50: 31 | O50: 31 | P50: 66 | Q50: 8 | R50: 54
A51: Pingtung County | B51: 一般 | C51: General | D51: 299 | E51: 129 | F51: 170 | G51: 22 | H51: 15 | I51: 18 | J51: 17 | K51: 25 | L51: 17 | M51: 29 | N51: 25 | O51: 27 | P51: 57 | Q51: 8 | R51: 39
B52: 原住民 | C52: Indigenous | D52: 56 | E52: 19 | F52: 37 | G52: 2 | H52: 1 | I52: 3 | J52: 0 | K52: 5 | L52: 6 | M52: 5 | N52: 6 | O52: 4 | P52: 9 | Q52: 0 | R52: 15
A53: 臺東縣 | B53: 計 | C53: Total | D53: 76 | E53: 20 | F53: 56 | G53: 2 | H53: 5 | I53: 0 | J53: 4 | K53: 0 | L53: 4 | M53: 5 | N53: 7 | O53: 11 | P53: 20 | Q53: 2 | R53: 16
A54: Taitung County | B54: 一般 | C54: General | D54: 32 | E54: 11 | F54: 21 | G54: 2 | H54: 2 | I54: 0 | J54: 2 | K54: 0 | L54: 2 | M54: 1 | N54: 1 | O54: 7 | P54: 7 | Q54: 1 | R54: 7
B55: 原住民 | C55: Indigenous | D55: 44 | E55: 9 | F55: 35 | G55: 0 | H55: 3 | I55: 0 | J55: 2 | K55: 0 | L55: 2 | M55: 4 | N55: 6 | O55: 4 | P55: 13 | Q55: 1 | R55: 9
A56: 花蓮縣 | B56: 計 | C56: Total | D56: 285 | E56: 123 | F56: 162 | G56: 18 | H56: 13 | I56: 31 | J56: 24 | K56: 14 | L56: 29 | M56: 21 | N56: 11 | O56: 33 | P56: 48 | Q56: 6 | R56: 37
A57: Hualien County | B57: 一般 | C57: General | D57: 119 | E57: 51 | F57: 68 | G57: 7 | H57: 6 | I57: 15 | J57: 10 | K57: 4 | L57: 13 | M57: 11 | N57: 4 | O57: 11 | P57: 17 | Q57: 3 | R57: 18
B58: 原住民 | C58: Indigenous | D58: 166 | E58: 72 | F58: 94 | G58: 11 | H58: 7 | I58: 16 | J58: 14 | K58: 10 | L58: 16 | M58: 10 | N58: 7 | O58: 22 | P58: 31 | Q58: 3 | R58: 19
A59: 澎湖縣 | B59: 計 | C59: Total | D59: 17 | E59: 8 | F59: 9 | G59: 1 | H59: 0 | I59: 0 | J59: 0 | K59: 3 | L59: 0 | M59: 1 | N59: 2 | O59: 0 | P59: 5 | Q59: 3 | R59: 2
A60: Penghu County | B60: 一般 | C60: General | D60: 17 | E60: 8 | F60: 9 | G60: 1 | H60: 0 | I60: 0 | J60: 0 | K60: 3 | L60: 0 | M60: 1 | N60: 2 | O60: 0 | P60: 5 | Q60: 3 | R60: 2
B61: 原住民 | C61: Indigenous | D61: 0 | E61: 0 | F61: 0 | G61: 0 | H61: 0 | I61: 0 | J61: 0 | K61: 0 | L61: 0 | M61: 0 | N61: 0 | O61: 0 | P61: 0 | Q61: 0 | R61: 0
A62: 基隆市 | B62: 計 | C62: Total | D62: 208 | E62: 84 | F62: 124 | G62: 10 | H62: 9 | I62: 12 | J62: 8 | K62: 13 | L62: 6 | M62: 16 | N62: 8 | O62: 23 | P62: 48 | Q62: 10 | R62: 45
A63: Keelung City | B63: 一般 | C63: General | D63: 191 | E63: 78 | F63: 113 | G63: 9 | H63: 8 | I63: 12 | J63: 8 | K63: 11 | L63: 5 | M63: 15 | N63: 8 | O63: 21 | P63: 41 | Q63: 10 | R63: 43
B64: 原住民 | C64: Indigenous | D64: 17 | E64: 6 | F64: 11 | G64: 1 | H64: 1 | I64: 0 | J64: 0 | K64: 2 | L64: 1 | M64: 1 | N64: 0 | O64: 2 | P64: 7 | Q64: 0 | R64: 2
A65: 新竹市 | B65: 計 | C65: Total | D65: 175 | E65: 70 | F65: 105 | G65: 10 | H65: 6 | I65: 6 | J65: 12 | K65: 15 | L65: 14 | M65: 13 | N65: 10 | O65: 15 | P65: 30 | Q65: 11 | R65: 33
A66: Hsinchu City | B66: 一般 | C66: General | D66: 157 | E66: 66 | F66: 91 | G66: 8 | H66: 5 | I66: 6 | J66: 9 | K66: 13 | L66: 12 | M66: 13 | N66: 9 | O66: 15 | P66: 26 | Q66: 11 | R66: 30
B67: 原住民 | C67: Indigenous | D67: 18 | E67: 4 | F67: 14 | G67: 2 | H67: 1 | I67: 0 | J67: 3 | K67: 2 | L67: 2 | M67: 0 | N67: 1 | O67: 0 | P67: 4 | Q67: 0 | R67: 3
A68: 嘉義市 | B68: 計 | C68: Total | D68: 123 | E68: 55 | F68: 68 | G68: 16 | H68: 10 | I68: 3 | J68: 13 | K68: 13 | L68: 10 | M68: 11 | N68: 5 | O68: 7 | P68: 15 | Q68: 5 | R68: 15
A69: Chiayi City | B69: 一般 | C69: General | D69: 123 | E69: 55 | F69: 68 | G69: 16 | H69: 10 | I69: 3 | J69: 13 | K69: 13 | L69: 10 | M69: 11 | N69: 5 | O69: 7 | P69: 15 | Q69: 5 | R69: 15
B70: 原住民 | C70: Indigenous | D70: 0 | E70: 0 | F70: 0 | G70: 0 | H70: 0 | I70: 0 | J70: 0 | K70: 0 | L70: 0 | M70: 0 | N70: 0 | O70: 0 | P70: 0 | Q70: 0 | R70: 0
A71: 金門縣 | B71: 計 | C71: Total | D71: 36 | E71: 21 | F71: 15 | G71: 3 | H71: 2 | I71: 2 | J71: 2 | K71: 1 | L71: 2 | M71: 4 | N71: 2 | O71: 11 | P71: 6 | Q71: 0 | R71: 1
A72: Kinmen County | B72: 一般 | C72: General | D72: 32 | E72: 21 | F72: 11 | G72: 3 | H72: 0 | I72: 2 | J72: 2 | K72: 1 | L72: 1 | M72: 4 | N72: 2 | O72: 11 | P72: 5 | Q72: 0 | R72: 1
B73: 原住民 | C73: Indigenous | D73: 4 | E73: 0 | F73: 4 | G73: 0 | H73: 2 | I73: 0 | J73: 0 | K73: 0 | L73: 1 | M73: 0 | N73: 0 | O73: 0 | P73: 1 | Q73: 0 | R73: 0
A74: 連江縣 | B74: 計 | C74: Total | D74: 4 | E74: 2 | F74: 2 | G74: 0 | H74: 0 | I74: 0 | J74: 0 | K74: 0 | L74: 0 | M74: 1 | N74: 1 | O74: 1 | P74: 1 | Q74: 0 | R74: 0
A75: Lienchiang County | B75: 一般 | C75: General | D75: 4 | E75: 2 | F75: 2 | G75: 0 | H75: 0 | I75: 0 | J75: 0 | K75: 0 | L75: 0 | M75: 1 | N75: 1 | O75: 1 | P75: 1 | Q75: 0 | R75: 0
B76: 原住民 | C76: Indigenous | D76: 0 | E76: 0 | F76: 0 | G76: 0 | H76: 0 | I76: 0 | J76: 0 | K76: 0 | L76: 0 | M76: 0 | N76: 0 | O76: 0 | P76: 0 | Q76: 0 | R76: 0
A77: 資料來源：各直轄市、縣市政府。
A78: Source: County and Government.
A80: 更新日期：2026/03/31

Sheet July-Dec., 2025
A1: 兒童及少年保護-受虐人數 Number of Abused Child and Youth
A2: 單位：人 Unit : Persons
A3: 民國114年7-12月 July-Dec., 2025 | D3: =IF(D8=SUM(D11,D14,D17,D20,D23,D26,D29,D32,D35,D38,D41,D44,D47,D50,D53,D56,D59,D62,D65,D68,D71,D74,),"","*") | E3: =IF(E8=SUM(E11,E14,E17,E20,E23,E26,E29,E32,E35,E38,E41,E44,E47,E50,E53,E56,E59,E62,E65,E68,E71,E74,),"","*") | F3: =IF(F8=SUM(F11,F14,F17,F20,F23,F26,F29,F32,F35,F38,F41,F44,F47,F50,F53,F56,F59,F62,F65,F68,F71,F74,),"","*") | G3: =IF(G8=SUM(G11,G14,G17,G20,G23,G26,G29,G32,G35,G38,G41,G44,G47,G50,G53,G56,G59,G62,G65,G68,G71,G74,),"","*") | H3: =IF(H8=SUM(H11,H14,H17,H20,H23,H26,H29,H32,H35,H38,H41,H44,H47,H50,H53,H56,H59,H62,H65,H68,H71,H74,),"","*") | I3: =IF(I8=SUM(I11,I14,I17,I20,I23,I26,I29,I32,I35,I38,I41,I44,I47,I50,I53,I56,I59,I62,I65,I68,I71,I74,),"","*") | J3: =IF(J8=SUM(J11,J14,J17,J20,J23,J26,J29,J32,J35,J38,J41,J44,J47,J50,J53,J56,J59,J62,J65,J68,J71,J74,),"","*") | K3: =IF(K8=SUM(K11,K14,K17,K20,K23,K26,K29,K32,K35,K38,K41,K44,K47,K50,K53,K56,K59,K62,K65,K68,K71,K74,),"","*") | ... R3: =IF(R8=SUM(R11,R14,R17,R20,R23,R26,R29,R32,R35,R38,R41,R44,R47,R50,R53,R56,R59,R62,R65,R68,R71,R74,),"","*")
A4: 區域及特殊族群別 Locality & Ethnos | D4: 受虐兒童少年人數按年齡分(人) By Age
D5: 合計 Total | G5: 0-未滿3歲 Under 3 Years | I5: 3-未滿6歲 3-Under 6 Years | K5: 6-未滿9歲 6-Under 9 Years | M5: 9-未滿12歲 9-Under 12 Years | O5: 12-未滿15歲 12-Under 15 Years | Q5: 15-未滿18歲 15-Under 18 Years
D6: 計 Total | E6: 男 Male | F6: 女 Female | G6: 男 Male | H6: 女 Female | I6: 男 Male | J6: 女 Female | K6: 男 Male | L6: 女 Female | M6: 男 Male | N6: 女 Female | O6: 男 Male | P6: 女 Female | Q6: 男 Male | R6: 女 Female
A8: 總計 | B8: 計 | C8: Total | D8: 4546 | E8: 2030 | F8: 2516 | G8: 328 | H8: 241 | I8: 381 | J8: 276 | K8: 445 | L8: 307 | M8: 436 | N8: 286 | O8: 311 | P8: 782 | Q8: 129 | R8: 624
A9: Total | B9: 一般 | C9: General | D9: 4085 | E9: 1858 | F9: 2227 | G9: 300 | H9: 200 | I9: 348 | J9: 244 | K9: 412 | L9: 268 | M9: 392 | N9: 256 | O9: 284 | P9: 690 | Q9: 122 | R9: 569
B10: 原住民 | C10: Indigenous | D10: 461 | E10: 172 | F10: 289 | G10: 28 | H10: 41 | I10: 33 | J10: 32 | K10: 33 | L10: 39 | M10: 44 | N10: 30 | O10: 27 | P10: 92 | Q10: 7 | R10: 55
A11: 新北市 | B11: 計 | C11: Total | D11: 996 | E11: 451 | F11: 545 | G11: 42 | H11: 32 | I11: 82 | J11: 43 | K11: 101 | L11: 72 | M11: 121 | N11: 68 | O11: 74 | P11: 169 | Q11: 31 | R11: 161
A12: New Taipei City | B12: 一般 | C12: General | D12: 914 | E12: 422 | F12: 492 | G12: 39 | H12: 27 | I12: 79 | J12: 38 | K12: 95 | L12: 63 | M12: 113 | N12: 63 | O12: 66 | P12: 146 | Q12: 30 | R12: 155
B13: 原住民 | C13: Indigenous | D13: 82 | E13: 29 | F13: 53 | G13: 3 | H13: 5 | I13: 3 | J13: 5 | K13: 6 | L13: 9 | M13: 8 | N13: 5 | O13: 8 | P13: 23 | Q13: 1 | R13: 6
A14: 臺北市 | B14: 計 | C14: Total | D14: 375 | E14: 161 | F14: 214 | G14: 21 | H14: 21 | I14: 31 | J14: 34 | K14: 42 | L14: 19 | M14: 31 | N14: 22 | O14: 21 | P14: 62 | Q14: 15 | R14: 56
A15: Taipei City | B15: 一般 | C15: General | D15: 364 | E15: 155 | F15: 209 | G15: 20 | H15: 21 | I15: 28 | J15: 33 | K15: 42 | L15: 18 | M15: 30 | N15: 22 | O15: 20 | P15: 61 | Q15: 15 | R15: 54
B16: 原住民 | C16: Indigenous | D16: 11 | E16: 6 | F16: 5 | G16: 1 | H16: 0 | I16: 3 | J16: 1 | K16: 0 | L16: 1 | M16: 1 | N16: 0 | O16: 1 | P16: 1 | Q16: 0 | R16: 2
A17: 桃園市 | B17: 計 | C17: Total | D17: 353 | E17: 153 | F17: 200 | G17: 22 | H17: 22 | I17: 32 | J17: 20 | K17: 37 | L17: 25 | M17: 39 | N17: 19 | O17: 20 | P17: 61 | Q17: 3 | R17: 53
A18: Taoyuan City | B18: 一般 | C18: General | D18: 282 | E18: 124 | F18: 158 | G18: 16 | H18: 13 | I18: 22 | J18: 14 | K18: 32 | L18: 20 | M18: 32 | N18: 15 | O18: 19 | P18: 55 | Q18: 3 | R18: 41
B19: 原住民 | C19: Indigenous | D19: 71 | E19: 29 | F19: 42 | G19: 6 | H19: 9 | I19: 10 | J19: 6 | K19: 5 | L19: 5 | M19: 7 | N19: 4 | O19: 1 | P19: 6 | Q19: 0 | R19: 12
A20: 臺中市 | B20: 計 | C20: Total | D20: 618 | E20: 305 | F20: 313 | G20: 53 | H20: 31 | I20: 43 | J20: 43 | K20: 78 | L20: 38 | M20: 58 | N20: 36 | O20: 55 | P20: 97 | Q20: 18 | R20: 68
A21: Taichung City | B21: 一般 | C21: General | D21: 592 | E21: 291 | F21: 301 | G21: 52 | H21: 29 | I21: 42 | J21: 42 | K21: 73 | L21: 36 | M21: 54 | N21: 36 | O21: 54 | P21: 92 | Q21: 16 | R21: 66
B22: 原住民 | C22: Indigenous | D22: 26 | E22: 14 | F22: 12 | G22: 1 | H22: 2 | I22: 1 | J22: 1 | K22: 5 | L22: 2 | M22: 4 | N22: 0 | O22: 1 | P22: 5 | Q22: 2 | R22: 2
A23: 臺南市 | B23: 計 | C23: Total | D23: 213 | E23: 99 | F23: 114 | G23: 17 | H23: 13 | I23: 23 | J23: 12 | K23: 21 | L23: 11 | M23: 16 | N23: 21 | O23: 17 | P23: 38 | Q23: 5 | R23: 19
A24: Tainan City | B24: 一般 | C24: General | D24: 206 | E24: 96 | F24: 110 | G24: 17 | H24: 13 | I24: 22 | J24: 12 | K24: 21 | L24: 11 | M24: 15 | N24: 20 | O24: 16 | P24: 37 | Q24: 5 | R24: 17
B25: 原住民 | C25: Indigenous | D25: 7 | E25: 3 | F25: 4 | G25: 0 | H25: 0 | I25: 1 | J25: 0 | K25: 0 | L25: 0 | M25: 1 | N25: 1 | O25: 1 | P25: 1 | Q25: 0 | R25: 2
A26: 高雄市 | B26: 計 | C26: Total | D26: 601 | E26: 290 | F26: 311 | G26: 57 | H26: 48 | I26: 61 | J26: 34 | K26: 61 | L26: 37 | M26: 72 | N26: 36 | O26: 28 | P26: 100 | Q26: 11 | R26: 56
A27: Kaohsiung City | B27: 一般 | C27: General | D27: 555 | E27: 272 | F27: 283 | G27: 54 | H27: 41 | I27: 59 | J27: 33 | K27: 53 | L27: 35 | M27: 67 | N27: 31 | O27: 28 | P27: 92 | Q27: 11 | R27: 51
B28: 原住民 | C28: Indigenous | D28: 46 | E28: 18 | F28: 28 | G28: 3 | H28: 7 | I28: 2 | J28: 1 | K28: 8 | L28: 2 | M28: 5 | N28: 5 | O28: 0 | P28: 8 | Q28: 0 | R28: 5
A29: 宜蘭縣 | B29: 計 | C29: Total | D29: 30 | E29: 3 | F29: 27 | G29: 2 | H29: 3 | I29: 0 | J29: 1 | K29: 0 | L29: 2 | M29: 0 | N29: 1 | O29: 0 | P29: 17 | Q29: 1 | R29: 3
A30: Yilan County | B30: 一般 | C30: General | D30: 28 | E30: 3 | F30: 25 | G30: 2 | H30: 3 | I30: 0 | J30: 1 | K30: 0 | L30: 2 | M30: 0 | N30: 1 | O30: 0 | P30: 16 | Q30: 1 | R30: 2
B31: 原住民 | C31: Indigenous | D31: 2 | E31: 0 | F31: 2 | G31: 0 | H31: 0 | I31: 0 | J31: 0 | K31: 0 | L31: 0 | M31: 0 | N31: 0 | O31: 0 | P31: 1 | Q31: 0 | R31: 1
A32: 新竹縣 | B32: 計 | C32: Total | D32: 178 | E32: 83 | F32: 95 | G32: 16 | H32: 12 | I32: 21 | J32: 15 | K32: 21 | L32: 11 | M32: 11 | N32: 12 | O32: 10 | P32: 26 | Q32: 4 | R32: 19
A33: Hsinchu County | B33: 一般 | C33: General | D33: 155 | E33: 71 | F33: 84 | G33: 15 | H33: 8 | I33: 17 | J33: 14 | K33: 19 | L33: 11 | M33: 8 | N33: 10 | O33: 8 | P33: 24 | Q33: 4 | R33: 17
B34: 原住民 | C34: Indigenous | D34: 23 | E34: 12 | F34: 11 | G34: 1 | H34: 4 | I34: 4 | J34: 1 | K34: 2 | L34: 0 | M34: 3 | N34: 2 | O34: 2 | P34: 2 | Q34: 0 | R34: 2
A35: 苗栗縣 | B35: 計 | C35: Total | D35: 91 | E35: 26 | F35: 65 | G35: 7 | H35: 6 | I35: 6 | J35: 7 | K35: 5 | L35: 3 | M35: 6 | N35: 10 | O35: 2 | P35: 19 | Q35: 0 | R35: 20
A36: Miaoli County | B36: 一般 | C36: General | D36: 83 | E36: 24 | F36: 59 | G36: 7 | H36: 4 | I36: 5 | J36: 7 | K36: 5 | L36: 3 | M36: 5 | N36: 10 | O36: 2 | P36: 17 | Q36: 0 | R36: 18
B37: 原住民 | C37: Indigenous | D37: 8 | E37: 2 | F37: 6 | G37: 0 | H37: 2 | I37: 1 | J37: 0 | K37: 0 | L37: 0 | M37: 1 | N37: 0 | O37: 0 | P37: 2 | Q37: 0 | R37: 2
A38: 彰化縣 | B38: 計 | C38: Total | D38: 150 | E38: 61 | F38: 89 | G38: 17 | H38: 7 | I38: 11 | J38: 12 | K38: 11 | L38: 11 | M38: 10 | N38: 2 | O38: 4 | P38: 33 | Q38: 8 | R38: 24
A39: Changhua County | B39: 一般 | C39: General | D39: 140 | E39: 57 | F39: 83 | G39: 16 | H39: 7 | I39: 11 | J39: 11 | K39: 11 | L39: 11 | M39: 10 | N39: 2 | O39: 4 | P39: 31 | Q39: 5 | R39: 21
B40: 原住民 | C40: Indigenous | D40: 10 | E40: 4 | F40: 6 | G40: 1 | H40: 0 | I40: 0 | J40: 1 | K40: 0 | L40: 0 | M40: 0 | N40: 0 | O40: 0 | P40: 2 | Q40: 3 | R40: 3
A41: 南投縣 | B41: 計 | C41: Total | D41: 83 | E41: 30 | F41: 53 | G41: 5 | H41: 1 | I41: 6 | J41: 4 | K41: 4 | L41: 8 | M41: 5 | N41: 9 | O41: 5 | P41: 18 | Q41: 5 | R41: 13
A42: Nantou County | B42: 一般 | C42: General | D42: 62 | E42: 24 | F42: 38 | G42: 4 | H42: 1 | I42: 5 | J42: 1 | K42: 3 | L42: 6 | M42: 2 | N42: 7 | O42: 5 | P42: 12 | Q42: 5 | R42: 11
B43: 原住民 | C43: Indigenous | D43: 21 | E43: 6 | F43: 15 | G43: 1 | H43: 0 | I43: 1 | J43: 3 | K43: 1 | L43: 2 | M43: 3 | N43: 2 | O43: 0 | P43: 6 | Q43: 0 | R43: 2
A44: 雲林縣 | B44: 計 | C44: Total | D44: 159 | E44: 68 | F44: 91 | G44: 18 | H44: 7 | I44: 15 | J44: 10 | K44: 14 | L44: 14 | M44: 7 | N44: 6 | O44: 10 | P44: 21 | Q44: 4 | R44: 33
A45: Yunlin County | B45: 一般 | C45: General | D45: 157 | E45: 68 | F45: 89 | G45: 18 | H45: 6 | I45: 15 | J45: 10 | K45: 14 | L45: 14 | M45: 7 | N45: 6 | O45: 10 | P45: 20 | Q45: 4 | R45: 33
B46: 原住民 | C46: Indigenous | D46: 2 | E46: 0 | F46: 2 | G46: 0 | H46: 1 | I46: 0 | J46: 0 | K46: 0 | L46: 0 | M46: 0 | N46: 0 | O46: 0 | P46: 1 | Q46: 0 | R46: 0
A47: 嘉義縣 | B47: 計 | C47: Total | D47: 88 | E47: 44 | F47: 44 | G47: 4 | H47: 9 | I47: 13 | J47: 2 | K47: 7 | L47: 5 | M47: 9 | N47: 7 | O47: 8 | P47: 12 | Q47: 3 | R47: 9
A48: Chiayi County | B48: 一般 | C48: General | D48: 83 | E48: 41 | F48: 42 | G48: 3 | H48: 9 | I48: 13 | J48: 2 | K48: 7 | L48: 5 | M48: 9 | N48: 7 | O48: 6 | P48: 10 | Q48: 3 | R48: 9
B49: 原住民 | C49: Indigenous | D49: 5 | E49: 3 | F49: 2 | G49: 1 | H49: 0 | I49: 0 | J49: 0 | K49: 0 | L49: 0 | M49: 0 | N49: 0 | O49: 2 | P49: 2 | Q49: 0 | R49: 0
A50: 屏東縣 | B50: 計 | C50: Total | D50: 176 | E50: 90 | F50: 86 | G50: 16 | H50: 8 | I50: 14 | J50: 9 | K50: 18 | L50: 11 | M50: 17 | N50: 11 | O50: 22 | P50: 28 | Q50: 3 | R50: 19
A51: Pingtung County | B51: 一般 | C51: General | D51: 155 | E51: 80 | F51: 75 | G51: 14 | H51: 7 | I51: 13 | J51: 9 | K51: 17 | L51: 9 | M51: 14 | N51: 9 | O51: 19 | P51: 26 | Q51: 3 | R51: 15
B52: 原住民 | C52: Indigenous | D52: 21 | E52: 10 | F52: 11 | G52: 2 | H52: 1 | I52: 1 | J52: 0 | K52: 1 | L52: 2 | M52: 3 | N52: 2 | O52: 3 | P52: 2 | Q52: 0 | R52: 4
A53: 臺東縣 | B53: 計 | C53: Total | D53: 42 | E53: 12 | F53: 30 | G53: 2 | H53: 4 | I53: 0 | J53: 3 | K53: 0 | L53: 2 | M53: 3 | N53: 4 | O53: 5 | P53: 11 | Q53: 2 | R53: 6
A54: Taitung County | B54: 一般 | C54: General | D54: 19 | E54: 8 | F54: 11 | G54: 2 | H54: 1 | I54: 0 | J54: 1 | K54: 0 | L54: 2 | M54: 1 | N54: 1 | O54: 4 | P54: 3 | Q54: 1 | R54: 3
B55: 原住民 | C55: Indigenous | D55: 23 | E55: 4 | F55: 19 | G55: 0 | H55: 3 | I55: 0 | J55: 2 | K55: 0 | L55: 0 | M55: 2 | N55: 3 | O55: 1 | P55: 8 | Q55: 1 | R55: 3
A56: 花蓮縣 | B56: 計 | C56: Total | D56: 135 | E56: 49 | F56: 86 | G56: 8 | H56: 5 | I56: 11 | J56: 12 | K56: 7 | L56: 18 | M56: 14 | N56: 8 | O56: 8 | P56: 26 | Q56: 1 | R56: 17
A57: Hualien County | B57: 一般 | C57: General | D57: 50 | E57: 21 | F57: 29 | G57: 2 | H57: 1 | I57: 5 | J57: 3 | K57: 3 | L57: 6 | M57: 8 | N57: 2 | O57: 2 | P57: 8 | Q57: 1 | R57: 9
B58: 原住民 | C58: Indigenous | D58: 85 | E58: 28 | F58: 57 | G58: 6 | H58: 4 | I58: 6 | J58: 9 | K58: 4 | L58: 12 | M58: 6 | N58: 6 | O58: 6 | P58: 18 | Q58: 0 | R58: 8
A59: 澎湖縣 | B59: 計 | C59: Total | D59: 7 | E59: 4 | F59: 3 | G59: 1 | H59: 0 | I59: 0 | J59: 0 | K59: 1 | L59: 0 | M59: 0 | N59: 1 | O59: 0 | P59: 1 | Q59: 2 | R59: 1
A60: Penghu County | B60: 一般 | C60: General | D60: 7 | E60: 4 | F60: 3 | G60: 1 | H60: 0 | I60: 0 | J60: 0 | K60: 1 | L60: 0 | M60: 0 | N60: 1 | O60: 0 | P60: 1 | Q60: 2 | R60: 1
B61: 原住民 | C61: Indigenous | D61: 0 | E61: 0 | F61: 0 | G61: 0 | H61: 0 | I61: 0 | J61: 0 | K61: 0 | L61: 0 | M61: 0 | N61: 0 | O61: 0 | P61: 0 | Q61: 0 | R61: 0
A62: 基隆市 | B62: 計 | C62: Total | D62: 96 | E62: 39 | F62: 57 | G62: 4 | H62: 4 | I62: 5 | J62: 2 | K62: 6 | L62: 3 | M62: 8 | N62: 6 | O62: 13 | P62: 19 | Q62: 3 | R62: 23
A63: Keelung City | B63: 一般 | C63: General | D63: 88 | E63: 36 | F63: 52 | G63: 3 | H63: 3 | I63: 5 | J63: 2 | K63: 5 | L63: 2 | M63: 8 | N63: 6 | O63: 12 | P63: 17 | Q63: 3 | R63: 22
B64: 原住民 | C64: Indigenous | D64: 8 | E64: 3 | F64: 5 | G64: 1 | H64: 1 | I64: 0 | J64: 0 | K64: 1 | L64: 1 | M64: 0 | N64: 0 | O64: 1 | P64: 2 | Q64: 0 | R64: 1
A65: 新竹市 | B65: 計 | C65: Total | D65: 71 | E65: 25 | F65: 46 | G65: 4 | H65: 2 | I65: 2 | J65: 7 | K65: 3 | L65: 9 | M65: 4 | N65: 3 | O65: 5 | P65: 10 | Q65: 7 | R65: 15
A66: Hsinchu City | B66: 一般 | C66: General | D66: 65 | E66: 24 | F66: 41 | G66: 3 | H66: 2 | I66: 2 | J66: 5 | K66: 3 | L66: 7 | M66: 4 | N66: 3 | O66: 5 | P66: 9 | Q66: 7 | R66: 15
B67: 原住民 | C67: Indigenous | D67: 6 | E67: 1 | F67: 5 | G67: 1 | H67: 0 | I67: 0 | J67: 2 | K67: 0 | L67: 2 | M67: 0 | N67: 0 | O67: 0 | P67: 1 | Q67: 0 | R67: 0
A68: 嘉義市 | B68: 計 | C68: Total | D68: 65 | E68: 28 | F68: 37 | G68: 9 | H68: 4 | I68: 3 | J68: 4 | K68: 7 | L68: 7 | M68: 3 | N68: 4 | O68: 3 | P68: 10 | Q68: 3 | R68: 8
A69: Chiayi City | B69: 一般 | C69: General | D69: 65 | E69: 28 | F69: 37 | G69: 9 | H69: 4 | I69: 3 | J69: 4 | K69: 7 | L69: 7 | M69: 3 | N69: 4 | O69: 3 | P69: 10 | Q69: 3 | R69: 8
B70: 原住民 | C70: Indigenous | D70: 0 | E70: 0 | F70: 0 | G70: 0 | H70: 0 | I70: 0 | J70: 0 | K70: 0 | L70: 0 | M70: 0 | N70: 0 | O70: 0 | P70: 0 | Q70: 0 | R70: 0
A71: 金門縣 | B71: 計 | C71: Total | D71: 18 | E71: 9 | F71: 9 | G71: 3 | H71: 2 | I71: 2 | J71: 2 | K71: 1 | L71: 1 | M71: 2 | N71: 0 | O71: 1 | P71: 3 | Q71: 0 | R71: 1
A72: Kinmen County | B72: 一般 | C72: General | D72: 14 | E72: 9 | F72: 5 | G72: 3 | H72: 0 | I72: 2 | J72: 2 | K72: 1 | L72: 0 | M72: 2 | N72: 0 | O72: 1 | P72: 2 | Q72: 0 | R72: 1
B73: 原住民 | C73: Indigenous | D73: 4 | E73: 0 | F73: 4 | G73: 0 | H73: 2 | I73: 0 | J73: 0 | K73: 0 | L73: 1 | M73: 0 | N73: 0 | O73: 0 | P73: 1 | Q73: 0 | R73: 0
A74: 連江縣 | B74: 計 | C74: Total | D74: 1 | E74: 0 | F74: 1 | G74: 0 | H74: 0 | I74: 0 | J74: 0 | K74: 0 | L74: 0 | M74: 0 | N74: 0 | O74: 0 | P74: 1 | Q74: 0 | R74: 0
A75: Lienchiang County | B75: 一般 | C75: General | D75: 1 | E75: 0 | F75: 1 | G75: 0 | H75: 0 | I75: 0 | J75: 0 | K75: 0 | L75: 0 | M75: 0 | N75: 0 | O75: 0 | P75: 1 | Q75: 0 | R75: 0
B76: 原住民 | C76: Indigenous | D76: 0 | E76: 0 | F76: 0 | G76: 0 | H76: 0 | I76: 0 | J76: 0 | K76: 0 | L76: 0 | M76: 0 | N76: 0 | O76: 0 | P76: 0 | Q76: 0 | R76: 0
A77: 資料來源：各直轄市、縣市政府。
A78: Source: County and Government.
A80: 更新日期：2026/03/31

Sheet Jan.-June, 2025
A1: 兒童及少年保護-受虐人數 Number of Abused Child and Youth
A2: 單位：人 Unit : Persons
A3: 民國114年1-6月 Jan.-June, 2025 | D3: =IF(D8=SUM(D11,D14,D17,D20,D23,D26,D29,D32,D35,D38,D41,D44,D47,D50,D53,D56,D59,D62,D65,D68,D71,D74,),"","*") | E3: =IF(E8=SUM(E11,E14,E17,E20,E23,E26,E29,E32,E35,E38,E41,E44,E47,E50,E53,E56,E59,E62,E65,E68,E71,E74,),"","*") | F3: =IF(F8=SUM(F11,F14,F17,F20,F23,F26,F29,F32,F35,F38,F41,F44,F47,F50,F53,F56,F59,F62,F65,F68,F71,F74,),"","*") | G3: =IF(G8=SUM(G11,G14,G17,G20,G23,G26,G29,G32,G35,G38,G41,G44,G47,G50,G53,G56,G59,G62,G65,G68,G71,G74,),"","*") | H3: =IF(H8=SUM(H11,H14,H17,H20,H23,H26,H29,H32,H35,H38,H41,H44,H47,H50,H53,H56,H59,H62,H65,H68,H71,H74,),"","*") | I3: =IF(I8=SUM(I11,I14,I17,I20,I23,I26,I29,I32,I35,I38,I41,I44,I47,I50,I53,I56,I59,I62,I65,I68,I71,I74,),"","*") | J3: =IF(J8=SUM(J11,J14,J17,J20,J23,J26,J29,J32,J35,J38,J41,J44,J47,J50,J53,J56,J59,J62,J65,J68,J71,J74,),"","*") | K3: =IF(K8=SUM(K11,K14,K17,K20,K23,K26,K29,K32,K35,K38,K41,K44,K47,K50,K53,K56,K59,K62,K65,K68,K71,K74,),"","*") | ... R3: =IF(R8=SUM(R11,R14,R17,R20,R23,R26,R29,R32,R35,R38,R41,R44,R47,R50,R53,R56,R59,R62,R65,R68,R71,R74,),"","*")
A4: 區域及特殊族群別 Locality & Ethnos | D4: 受虐兒童少年人數按年齡分(人) By Age
D5: 合計 Total | G5: 0-未滿3歲 Under 3 Years | I5: 3-未滿6歲 3-Under 6 Years | K5: 6-未滿9歲 6-Under 9 Years | M5: 9-未滿12歲 9-Under 12 Years | O5: 12-未滿15歲 12-Under 15 Years | Q5: 15-未滿18歲 15-Under 18 Years
D6: 計 Total | E6: 男 Male | F6: 女 Female | G6: 男 Male | H6: 女 Female | I6: 男 Male | J6: 女 Female | K6: 男 Male | L6: 女 Female | M6: 男 Male | N6: 女 Female | O6: 男 Male | P6: 女 Female | Q6: 男 Male | R6: 女 Female
A8: 總計 | B8: 計 | C8: Total | D8: 5352 | E8: 2421 | F8: 2931 | G8: 316 | H8: 237 | I8: 388 | J8: 275 | K8: 571 | L8: 383 | M8: 525 | N8: 377 | O8: 427 | P8: 919 | Q8: 194 | R8: 740
A9: Total | B9: 一般 | C9: General | D9: 4867 | E9: 2222 | F9: 2645 | G9: 298 | H9: 220 | I9: 344 | J9: 249 | K9: 522 | L9: 350 | M9: 485 | N9: 344 | O9: 393 | P9: 820 | Q9: 180 | R9: 662
B10: 原住民 | C10: Indigenous | D10: 485 | E10: 199 | F10: 286 | G10: 18 | H10: 17 | I10: 44 | J10: 26 | K10: 49 | L10: 33 | M10: 40 | N10: 33 | O10: 34 | P10: 99 | Q10: 14 | R10: 78
A11: 新北市 | B11: 計 | C11: Total | D11: 1151 | E11: 500 | F11: 651 | G11: 44 | H11: 18 | I11: 60 | J11: 37 | K11: 139 | L11: 94 | M11: 138 | N11: 108 | O11: 85 | P11: 214 | Q11: 34 | R11: 180
A12: New Taipei City | B12: 一般 | C12: General | D12: 1095 | E12: 480 | F12: 615 | G12: 44 | H12: 17 | I12: 56 | J12: 33 | K12: 135 | L12: 89 | M12: 129 | N12: 104 | O12: 83 | P12: 203 | Q12: 33 | R12: 169
B13: 原住民 | C13: Indigenous | D13: 56 | E13: 20 | F13: 36 | G13: 0 | H13: 1 | I13: 4 | J13: 4 | K13: 4 | L13: 5 | M13: 9 | N13: 4 | O13: 2 | P13: 11 | Q13: 1 | R13: 11
A14: 臺北市 | B14: 計 | C14: Total | D14: 519 | E14: 263 | F14: 256 | G14: 38 | H14: 31 | I14: 52 | J14: 27 | K14: 53 | L14: 37 | M14: 55 | N14: 24 | O14: 47 | P14: 78 | Q14: 18 | R14: 59
A15: Taipei City | B15: 一般 | C15: General | D15: 510 | E15: 258 | F15: 252 | G15: 38 | H15: 31 | I15: 50 | J15: 27 | K15: 51 | L15: 35 | M15: 54 | N15: 24 | O15: 47 | P15: 77 | Q15: 18 | R15: 58
B16: 原住民 | C16: Indigenous | D16: 9 | E16: 5 | F16: 4 | G16: 0 | H16: 0 | I16: 2 | J16: 0 | K16: 2 | L16: 2 | M16: 1 | N16: 0 | O16: 0 | P16: 1 | Q16: 0 | R16: 1
A17: 桃園市 | B17: 計 | C17: Total | D17: 424 | E17: 200 | F17: 224 | G17: 15 | H17: 8 | I17: 35 | J17: 18 | K17: 58 | L17: 33 | M17: 51 | N17: 38 | O17: 30 | P17: 66 | Q17: 11 | R17: 61
A18: Taoyuan City | B18: 一般 | C18: General | D18: 363 | E18: 172 | F18: 191 | G18: 12 | H18: 8 | I18: 27 | J18: 14 | K18: 47 | L18: 30 | M18: 47 | N18: 35 | O18: 28 | P18: 50 | Q18: 11 | R18: 54
B19: 原住民 | C19: Indigenous | D19: 61 | E19: 28 | F19: 33 | G19: 3 | H19: 0 | I19: 8 | J19: 4 | K19: 11 | L19: 3 | M19: 4 | N19: 3 | O19: 2 | P19: 16 | Q19: 0 | R19: 7
A20: 臺中市 | B20: 計 | C20: Total | D20: 709 | E20: 358 | F20: 351 | G20: 57 | H20: 41 | I20: 47 | J20: 32 | K20: 77 | L20: 46 | M20: 76 | N20: 42 | O20: 66 | P20: 110 | Q20: 35 | R20: 80
A21: Taichung City | B21: 一般 | C21: General | D21: 658 | E21: 330 | F21: 328 | G21: 54 | H21: 39 | I21: 44 | J21: 27 | K21: 69 | L21: 41 | M21: 72 | N21: 39 | O21: 61 | P21: 106 | Q21: 30 | R21: 76
B22: 原住民 | C22: Indigenous | D22: 51 | E22: 28 | F22: 23 | G22: 3 | H22: 2 | I22: 3 | J22: 5 | K22: 8 | L22: 5 | M22: 4 | N22: 3 | O22: 5 | P22: 4 | Q22: 5 | R22: 4
A23: 臺南市 | B23: 計 | C23: Total | D23: 319 | E23: 164 | F23: 155 | G23: 29 | H23: 19 | I23: 35 | J23: 19 | K23: 42 | L23: 26 | M23: 36 | N23: 15 | O23: 16 | P23: 52 | Q23: 6 | R23: 24
A24: Tainan City | B24: 一般 | C24: General | D24: 304 | E24: 153 | F24: 151 | G24: 27 | H24: 19 | I24: 32 | J24: 18 | K24: 40 | L24: 26 | M24: 32 | N24: 15 | O24: 16 | P24: 51 | Q24: 6 | R24: 22
B25: 原住民 | C25: Indigenous | D25: 15 | E25: 11 | F25: 4 | G25: 2 | H25: 0 | I25: 3 | J25: 1 | K25: 2 | L25: 0 | M25: 4 | N25: 0 | O25: 0 | P25: 1 | Q25: 0 | R25: 2
A26: 高雄市 | B26: 計 | C26: Total | D26: 682 | E26: 316 | F26: 366 | G26: 32 | H26: 28 | I26: 65 | J26: 44 | K26: 85 | L26: 48 | M26: 60 | N26: 50 | O26: 52 | P26: 116 | Q26: 22 | R26: 80
A27: Kaohsiung City | B27: 一般 | C27: General | D27: 636 | E27: 297 | F27: 339 | G27: 31 | H27: 26 | I27: 59 | J27: 40 | K27: 80 | L27: 47 | M27: 56 | N27: 48 | O27: 50 | P27: 106 | Q27: 21 | R27: 72
B28: 原住民 | C28: Indigenous | D28: 46 | E28: 19 | F28: 27 | G28: 1 | H28: 2 | I28: 6 | J28: 4 | K28: 5 | L28: 1 | M28: 4 | N28: 2 | O28: 2 | P28: 10 | Q28: 1 | R28: 8
A29: 宜蘭縣 | B29: 計 | C29: Total | D29: 35 | E29: 7 | F29: 28 | G29: 2 | H29: 7 | I29: 0 | J29: 0 | K29: 3 | L29: 3 | M29: 1 | N29: 1 | O29: 1 | P29: 9 | Q29: 0 | R29: 8
A30: Yilan County | B30: 一般 | C30: General | D30: 33 | E30: 7 | F30: 26 | G30: 2 | H30: 7 | I30: 0 | J30: 0 | K30: 3 | L30: 3 | M30: 1 | N30: 1 | O30: 1 | P30: 8 | Q30: 0 | R30: 7
B31: 原住民 | C31: Indigenous | D31: 2 | E31: 0 | F31: 2 | G31: 0 | H31: 0 | I31: 0 | J31: 0 | K31: 0 | L31: 0 | M31: 0 | N31: 0 | O31: 0 | P31: 1 | Q31: 0 | R31: 1
A32: 新竹縣 | B32: 計 | C32: Total | D32: 184 | E32: 80 | F32: 104 | G32: 18 | H32: 13 | I32: 14 | J32: 15 | K32: 19 | L32: 13 | M32: 11 | N32: 15 | O32: 15 | P32: 32 | Q32: 3 | R32: 16
A33: Hsinchu County | B33: 一般 | C33: General | D33: 148 | E33: 71 | F33: 77 | G33: 15 | H33: 8 | I33: 10 | J33: 13 | K33: 19 | L33: 9 | M33: 10 | N33: 9 | O33: 15 | P33: 25 | Q33: 2 | R33: 13
B34: 原住民 | C34: Indigenous | D34: 36 | E34: 9 | F34: 27 | G34: 3 | H34: 5 | I34: 4 | J34: 2 | K34: 0 | L34: 4 | M34: 1 | N34: 6 | O34: 0 | P34: 7 | Q34: 1 | R34: 3
A35: 苗栗縣 | B35: 計 | C35: Total | D35: 91 | E35: 23 | F35: 68 | G35: 4 | H35: 3 | I35: 4 | J35: 5 | K35: 4 | L35: 7 | M35: 6 | N35: 7 | O35: 2 | P35: 20 | Q35: 3 | R35: 26
A36: Miaoli County | B36: 一般 | C36: General | D36: 80 | E36: 21 | F36: 59 | G36: 4 | H36: 3 | I36: 3 | J36: 5 | K36: 3 | L36: 7 | M36: 6 | N36: 5 | O36: 2 | P36: 18 | Q36: 3 | R36: 21
B37: 原住民 | C37: Indigenous | D37: 11 | E37: 2 | F37: 9 | G37: 0 | H37: 0 | I37: 1 | J37: 0 | K37: 1 | L37: 0 | M37: 0 | N37: 2 | O37: 0 | P37: 2 | Q37: 0 | R37: 5
A38: 彰化縣 | B38: 計 | C38: Total | D38: 223 | E38: 100 | F38: 123 | G38: 17 | H38: 10 | I38: 9 | J38: 15 | K38: 18 | L38: 18 | M38: 19 | N38: 13 | O38: 23 | P38: 32 | Q38: 14 | R38: 35
A39: Changhua County | B39: 一般 | C39: General | D39: 217 | E39: 99 | F39: 118 | G39: 17 | H39: 9 | I39: 9 | J39: 15 | K39: 18 | L39: 18 | M39: 19 | N39: 13 | O39: 23 | P39: 28 | Q39: 13 | R39: 35
B40: 原住民 | C40: Indigenous | D40: 6 | E40: 1 | F40: 5 | G40: 0 | H40: 1 | I40: 0 | J40: 0 | K40: 0 | L40: 0 | M40: 0 | N40: 0 | O40: 0 | P40: 4 | Q40: 1 | R40: 0
A41: 南投縣 | B41: 計 | C41: Total | D41: 112 | E41: 42 | F41: 70 | G41: 5 | H41: 10 | I41: 7 | J41: 5 | K41: 15 | L41: 9 | M41: 6 | N41: 11 | O41: 5 | P41: 13 | Q41: 4 | R41: 22
A42: Nantou County | B42: 一般 | C42: General | D42: 86 | E42: 35 | F42: 51 | G42: 5 | H42: 8 | I42: 6 | J42: 5 | K42: 12 | L42: 6 | M42: 3 | N42: 7 | O42: 5 | P42: 7 | Q42: 4 | R42: 18
B43: 原住民 | C43: Indigenous | D43: 26 | E43: 7 | F43: 19 | G43: 0 | H43: 2 | I43: 1 | J43: 0 | K43: 3 | L43: 3 | M43: 3 | N43: 4 | O43: 0 | P43: 6 | Q43: 0 | R43: 4
A44: 雲林縣 | B44: 計 | C44: Total | D44: 145 | E44: 56 | F44: 89 | G44: 12 | H44: 9 | I44: 14 | J44: 10 | K44: 7 | L44: 9 | M44: 4 | N44: 6 | O44: 5 | P44: 34 | Q44: 14 | R44: 21
A45: Yunlin County | B45: 一般 | C45: General | D45: 141 | E45: 55 | F45: 86 | G45: 12 | H45: 9 | I45: 14 | J45: 10 | K45: 7 | L45: 9 | M45: 4 | N45: 6 | O45: 5 | P45: 31 | Q45: 13 | R45: 21
B46: 原住民 | C46: Indigenous | D46: 4 | E46: 1 | F46: 3 | G46: 0 | H46: 0 | I46: 0 | J46: 0 | K46: 0 | L46: 0 | M46: 0 | N46: 0 | O46: 0 | P46: 3 | Q46: 1 | R46: 0
A47: 嘉義縣 | B47: 計 | C47: Total | D47: 90 | E47: 37 | F47: 53 | G47: 6 | H47: 8 | I47: 8 | J47: 7 | K47: 5 | L47: 3 | M47: 7 | N47: 7 | O47: 5 | P47: 13 | Q47: 6 | R47: 15
A48: Chiayi County | B48: 一般 | C48: General | D48: 86 | E48: 33 | F48: 53 | G48: 6 | H48: 8 | I48: 8 | J48: 7 | K48: 5 | L48: 3 | M48: 6 | N48: 7 | O48: 3 | P48: 13 | Q48: 5 | R48: 15
B49: 原住民 | C49: Indigenous | D49: 4 | E49: 4 | F49: 0 | G49: 0 | H49: 0 | I49: 0 | J49: 0 | K49: 0 | L49: 0 | M49: 1 | N49: 0 | O49: 2 | P49: 0 | Q49: 1 | R49: 0
A50: 屏東縣 | B50: 計 | C50: Total | D50: 179 | E50: 58 | F50: 121 | G50: 8 | H50: 8 | I50: 7 | J50: 8 | K50: 12 | L50: 12 | M50: 17 | N50: 20 | O50: 9 | P50: 38 | Q50: 5 | R50: 35
A51: Pingtung County | B51: 一般 | C51: General | D51: 144 | E51: 49 | F51: 95 | G51: 8 | H51: 8 | I51: 5 | J51: 8 | K51: 8 | L51: 8 | M51: 15 | N51: 16 | O51: 8 | P51: 31 | Q51: 5 | R51: 24
B52: 原住民 | C52: Indigenous | D52: 35 | E52: 9 | F52: 26 | G52: 0 | H52: 0 | I52: 2 | J52: 0 | K52: 4 | L52: 4 | M52: 2 | N52: 4 | O52: 1 | P52: 7 | Q52: 0 | R52: 11
A53: 臺東縣 | B53: 計 | C53: Total | D53: 34 | E53: 8 | F53: 26 | G53: 0 | H53: 1 | I53: 0 | J53: 1 | K53: 0 | L53: 2 | M53: 2 | N53: 3 | O53: 6 | P53: 9 | Q53: 0 | R53: 10
A54: Taitung County | B54: 一般 | C54: General | D54: 13 | E54: 3 | F54: 10 | G54: 0 | H54: 1 | I54: 0 | J54: 1 | K54: 0 | L54: 0 | M54: 0 | N54: 0 | O54: 3 | P54: 4 | Q54: 0 | R54: 4
B55: 原住民 | C55: Indigenous | D55: 21 | E55: 5 | F55: 16 | G55: 0 | H55: 0 | I55: 0 | J55: 0 | K55: 0 | L55: 2 | M55: 2 | N55: 3 | O55: 3 | P55: 5 | Q55: 0 | R55: 6
A56: 花蓮縣 | B56: 計 | C56: Total | D56: 150 | E56: 74 | F56: 76 | G56: 10 | H56: 8 | I56: 20 | J56: 12 | K56: 7 | L56: 11 | M56: 7 | N56: 3 | O56: 25 | P56: 22 | Q56: 5 | R56: 20
A57: Hualien County | B57: 一般 | C57: General | D57: 69 | E57: 30 | F57: 39 | G57: 5 | H57: 5 | I57: 10 | J57: 7 | K57: 1 | L57: 7 | M57: 3 | N57: 2 | O57: 9 | P57: 9 | Q57: 2 | R57: 9
B58: 原住民 | C58: Indigenous | D58: 81 | E58: 44 | F58: 37 | G58: 5 | H58: 3 | I58: 10 | J58: 5 | K58: 6 | L58: 4 | M58: 4 | N58: 1 | O58: 16 | P58: 13 | Q58: 3 | R58: 11
A59: 澎湖縣 | B59: 計 | C59: Total | D59: 10 | E59: 4 | F59: 6 | G59: 0 | H59: 0 | I59: 0 | J59: 0 | K59: 2 | L59: 0 | M59: 1 | N59: 1 | O59: 0 | P59: 4 | Q59: 1 | R59: 1
A60: Penghu County | B60: 一般 | C60: General | D60: 10 | E60: 4 | F60: 6 | G60: 0 | H60: 0 | I60: 0 | J60: 0 | K60: 2 | L60: 0 | M60: 1 | N60: 1 | O60: 0 | P60: 4 | Q60: 1 | R60: 1
B61: 原住民 | C61: Indigenous | D61: 0 | E61: 0 | F61: 0 | G61: 0 | H61: 0 | I61: 0 | J61: 0 | K61: 0 | L61: 0 | M61: 0 | N61: 0 | O61: 0 | P61: 0 | Q61: 0 | R61: 0
A62: 基隆市 | B62: 計 | C62: Total | D62: 112 | E62: 45 | F62: 67 | G62: 6 | H62: 5 | I62: 7 | J62: 6 | K62: 7 | L62: 3 | M62: 8 | N62: 2 | O62: 10 | P62: 29 | Q62: 7 | R62: 22
A63: Keelung City | B63: 一般 | C63: General | D63: 103 | E63: 42 | F63: 61 | G63: 6 | H63: 5 | I63: 7 | J63: 6 | K63: 6 | L63: 3 | M63: 7 | N63: 2 | O63: 9 | P63: 24 | Q63: 7 | R63: 21
B64: 原住民 | C64: Indigenous | D64: 9 | E64: 3 | F64: 6 | G64: 0 | H64: 0 | I64: 0 | J64: 0 | K64: 1 | L64: 0 | M64: 1 | N64: 0 | O64: 1 | P64: 5 | Q64: 0 | R64: 1
A65: 新竹市 | B65: 計 | C65: Total | D65: 104 | E65: 45 | F65: 59 | G65: 6 | H65: 4 | I65: 4 | J65: 5 | K65: 12 | L65: 5 | M65: 9 | N65: 7 | O65: 10 | P65: 20 | Q65: 4 | R65: 18
A66: Hsinchu City | B66: 一般 | C66: General | D66: 92 | E66: 42 | F66: 50 | G66: 5 | H66: 3 | I66: 4 | J66: 4 | K66: 10 | L66: 5 | M66: 9 | N66: 6 | O66: 10 | P66: 17 | Q66: 4 | R66: 15
B67: 原住民 | C67: Indigenous | D67: 12 | E67: 3 | F67: 9 | G67: 1 | H67: 1 | I67: 0 | J67: 1 | K67: 2 | L67: 0 | M67: 0 | N67: 1 | O67: 0 | P67: 3 | Q67: 0 | R67: 3
A68: 嘉義市 | B68: 計 | C68: Total | D68: 58 | E68: 27 | F68: 31 | G68: 7 | H68: 6 | I68: 0 | J68: 9 | K68: 6 | L68: 3 | M68: 8 | N68: 1 | O68: 4 | P68: 5 | Q68: 2 | R68: 7
A69: Chiayi City | B69: 一般 | C69: General | D69: 58 | E69: 27 | F69: 31 | G69: 7 | H69: 6 | I69: 0 | J69: 9 | K69: 6 | L69: 3 | M69: 8 | N69: 1 | O69: 4 | P69: 5 | Q69: 2 | R69: 7
B70: 原住民 | C70: Indigenous | D70: 0 | E70: 0 | F70: 0 | G70: 0 | H70: 0 | I70: 0 | J70: 0 | K70: 0 | L70: 0 | M70: 0 | N70: 0 | O70: 0 | P70: 0 | Q70: 0 | R70: 0
A71: 金門縣 | B71: 計 | C71: Total | D71: 18 | E71: 12 | F71: 6 | G71: 0 | H71: 0 | I71: 0 | J71: 0 | K71: 0 | L71: 1 | M71: 2 | N71: 2 | O71: 10 | P71: 3 | Q71: 0 | R71: 0
A72: Kinmen County | B72: 一般 | C72: General | D72: 18 | E72: 12 | F72: 6 | G72: 0 | H72: 0 | I72: 0 | J72: 0 | K72: 0 | L72: 1 | M72: 2 | N72: 2 | O72: 10 | P72: 3 | Q72: 0 | R72: 0
B73: 原住民 | C73: Indigenous | D73: 0 | E73: 0 | F73: 0 | G73: 0 | H73: 0 | I73: 0 | J73: 0 | K73: 0 | L73: 0 | M73: 0 | N73: 0 | O73: 0 | P73: 0 | Q73: 0 | R73: 0
A74: 連江縣 | B74: 計 | C74: Total | D74: 3 | E74: 2 | F74: 1 | G74: 0 | H74: 0 | I74: 0 | J74: 0 | K74: 0 | L74: 0 | M74: 1 | N74: 1 | O74: 1 | P74: 0 | Q74: 0 | R74: 0
A75: Lienchiang County | B75: 一般 | C75: General | D75: 3 | E75: 2 | F75: 1 | G75: 0 | H75: 0 | I75: 0 | J75: 0 | K75: 0 | L75: 0 | M75: 1 | N75: 1 | O75: 1 | P75: 0 | Q75: 0 | R75: 0
B76: 原住民 | C76: Indigenous | D76: 0 | E76: 0 | F76: 0 | G76: 0 | H76: 0 | I76: 0 | J76: 0 | K76: 0 | L76: 0 | M76: 0 | N76: 0 | O76: 0 | P76: 0 | Q76: 0 | R76: 0
A77: 資料來源：各直轄市、縣市政府。
A78: Source: County and Government.
A80: 更新日期：2025/09/30
A82: 總計 | B82: 計 | C82: Total | D82: 5352 | E82: 2421 | F82: 2931 | G82: 316 | H82: 237 | I82: 388 | J82: 275 | K82: 571 | L82: 383 | M82: 525 | N82: 377 | O82: 427 | P82: 919 | Q82: 194 | R82: 740
A83: Total | B83: 一般 | C83: General | D83: 4867 | E83: 2222 | F83: 2645 | G83: 298 | H83: 220 | I83: 344 | J83: 249 | K83: 522 | L83: 350 | M83: 485 | N83: 344 | O83: 393 | P83: 820 | Q83: 180 | R83: 662
B84: 原住民 | C84: Indigenous | D84: 485 | E84: 199 | F84: 286 | G84: 18 | H84: 17 | I84: 44 | J84: 26 | K84: 49 | L84: 33 | M84: 40 | N84: 33 | O84: 34 | P84: 99 | Q84: 14 | R84: 78
A85: 新北市 | B85: 計 | C85: Total | D85: 1151 | E85: 500 | F85: 651 | G85: 44 | H85: 18 | I85: 60 | J85: 37 | K85: 139 | L85: 94 | M85: 138 | N85: 108 | O85: 85 | P85: 214 | Q85: 34 | R85: 180
A86: New Taipei City | B86: 一般 | C86: General | D86: 1095 | E86: 480 | F86: 615 | G86: 44 | H86: 17 | I86: 56 | J86: 33 | K86: 135 | L86: 89 | M86: 129 | N86: 104 | O86: 83 | P86: 203 | Q86: 33 | R86: 169
B87: 原住民 | C87: Indigenous | D87: 56 | E87: 20 | F87: 36 | G87: 0 | H87: 1 | I87: 4 | J87: 4 | K87: 4 | L87: 5 | M87: 9 | N87: 4 | O87: 2 | P87: 11 | Q87: 1 | R87: 11
A88: 臺北市 | B88: 計 | C88: Total | D88: 519 | E88: 263 | F88: 256 | G88: 38 | H88: 31 | I88: 52 | J88: 27 | K88: 53 | L88: 37 | M88: 55 | N88: 24 | O88: 47 | P88: 78 | Q88: 18 | R88: 59
A89: Taipei City | B89: 一般 | C89: General | D89: 510 | E89: 258 | F89: 252 | G89: 38 | H89: 31 | I89: 50 | J89: 27 | K89: 51 | L89: 35 | M89: 54 | N89: 24 | O89: 47 | P89: 77 | Q89: 18 | R89: 58
B90: 原住民 | C90: Indigenous | D90: 9 | E90: 5 | F90: 4 | G90: 0 | H90: 0 | I90: 2 | J90: 0 | K90: 2 | L90: 2 | M90: 1 | N90: 0 | O90: 0 | P90: 1 | Q90: 0 | R90: 1
A91: 桃園市 | B91: 計 | C91: Total | D91: 424 | E91: 200 | F91: 224 | G91: 15 | H91: 8 | I91: 35 | J91: 18 | K91: 58 | L91: 33 | M91: 51 | N91: 38 | O91: 30 | P91: 66 | Q91: 11 | R91: 61
A92: Taoyuan City | B92: 一般 | C92: General | D92: 363 | E92: 172 | F92: 191 | G92: 12 | H92: 8 | I92: 27 | J92: 14 | K92: 47 | L92: 30 | M92: 47 | N92: 35 | O92: 28 | P92: 50 | Q92: 11 | R92: 54
B93: 原住民 | C93: Indigenous | D93: 61 | E93: 28 | F93: 33 | G93: 3 | H93: 0 | I93: 8 | J93: 4 | K93: 11 | L93: 3 | M93: 4 | N93: 3 | O93: 2 | P93: 16 | Q93: 0 | R93: 7
A94: 臺中市 | B94: 計 | C94: Total | D94: 709 | E94: 358 | F94: 351 | G94: 57 | H94: 41 | I94: 47 | J94: 32 | K94: 77 | L94: 46 | M94: 76 | N94: 42 | O94: 66 | P94: 110 | Q94: 35 | R94: 80
A95: Taichung City | B95: 一般 | C95: General | D95: 658 | E95: 330 | F95: 328 | G95: 54 | H95: 39 | I95: 44 | J95: 27 | K95: 69 | L95: 41 | M95: 72 | N95: 39 | O95: 61 | P95: 106 | Q95: 30 | R95: 76
B96: 原住民 | C96: Indigenous | D96: 51 | E96: 28 | F96: 23 | G96: 3 | H96: 2 | I96: 3 | J96: 5 | K96: 8 | L96: 5 | M96: 4 | N96: 3 | O96: 5 | P96: 4 | Q96: 5 | R96: 4
A97: 臺南市 | B97: 計 | C97: Total | D97: 319 | E97: 164 | F97: 155 | G97: 29 | H97: 19 | I97: 35 | J97: 19 | K97: 42 | L97: 26 | M97: 36 | N97: 15 | O97: 16 | P97: 52 | Q97: 6 | R97: 24
A98: Tainan City | B98: 一般 | C98: General | D98: 304 | E98: 153 | F98: 151 | G98: 27 | H98: 19 | I98: 32 | J98: 18 | K98: 40 | L98: 26 | M98: 32 | N98: 15 | O98: 16 | P98: 51 | Q98: 6 | R98: 22
B99: 原住民 | C99: Indigenous | D99: 15 | E99: 11 | F99: 4 | G99: 2 | H99: 0 | I99: 3 | J99: 1 | K99: 2 | L99: 0 | M99: 4 | N99: 0 | O99: 0 | P99: 1 | Q99: 0 | R99: 2
A100: 高雄市 | B100: 計 | C100: Total | D100: 682 | E100: 316 | F100: 366 | G100: 32 | H100: 28 | I100: 65 | J100: 44 | K100: 85 | L100: 48 | M100: 60 | N100: 50 | O100: 52 | P100: 116 | Q100: 22 | R100: 80
A101: Kaohsiung City | B101: 一般 | C101: General | D101: 636 | E101: 297 | F101: 339 | G101: 31 | H101: 26 | I101: 59 | J101: 40 | K101: 80 | L101: 47 | M101: 56 | N101: 48 | O101: 50 | P101: 106 | Q101: 21 | R101: 72
B102: 原住民 | C102: Indigenous | D102: 46 | E102: 19 | F102: 27 | G102: 1 | H102: 2 | I102: 6 | J102: 4 | K102: 5 | L102: 1 | M102: 4 | N102: 2 | O102: 2 | P102: 10 | Q102: 1 | R102: 8
A103: 宜蘭縣 | B103: 計 | C103: Total | D103: 35 | E103: 7 | F103: 28 | G103: 2 | H103: 7 | I103: 0 | J103: 0 | K103: 3 | L103: 3 | M103: 1 | N103: 1 | O103: 1 | P103: 9 | Q103: 0 | R103: 8
...

Sheet 2024
A1: 兒童及少年保護-受虐人數 Number of Abused Child and Youth
A2: 單位：人 Unit : Persons
A3: 民國113年, 2024 | D3: =IF(D8=SUM(D11,D14,D17,D20,D23,D26,D29,D32,D35,D38,D41,D44,D47,D50,D53,D56,D59,D62,D65,D68,D71,D74,),"","*") | E3: =IF(E8=SUM(E11,E14,E17,E20,E23,E26,E29,E32,E35,E38,E41,E44,E47,E50,E53,E56,E59,E62,E65,E68,E71,E74,),"","*") | F3: =IF(F8=SUM(F11,F14,F17,F20,F23,F26,F29,F32,F35,F38,F41,F44,F47,F50,F53,F56,F59,F62,F65,F68,F71,F74,),"","*") | G3: =IF(G8=SUM(G11,G14,G17,G20,G23,G26,G29,G32,G35,G38,G41,G44,G47,G50,G53,G56,G59,G62,G65,G68,G71,G74,),"","*") | H3: =IF(H8=SUM(H11,H14,H17,H20,H23,H26,H29,H32,H35,H38,H41,H44,H47,H50,H53,H56,H59,H62,H65,H68,H71,H74,),"","*") | I3: =IF(I8=SUM(I11,I14,I17,I20,I23,I26,I29,I32,I35,I38,I41,I44,I47,I50,I53,I56,I59,I62,I65,I68,I71,I74,),"","*") | J3: =IF(J8=SUM(J11,J14,J17,J20,J23,J26,J29,J32,J35,J38,J41,J44,J47,J50,J53,J56,J59,J62,J65,J68,J71,J74,),"","*") | K3: =IF(K8=SUM(K11,K14,K17,K20,K23,K26,K29,K32,K35,K38,K41,K44,K47,K50,K53,K56,K59,K62,K65,K68,K71,K74,),"","*") | ... R3: =IF(R8=SUM(R11,R14,R17,R20,R23,R26,R29,R32,R35,R38,R41,R44,R47,R50,R53,R56,R59,R62,R65,R68,R71,R74,),"","*")
A4: 區域及特殊族群別 Locality & Ethnos | D4: 受虐兒童少年人數按年齡分(人) By Age
D5: 合計 Total | G5: 0-未滿3歲 Under 3 Years | I5: 3-未滿6歲 3-Under 6 Years | K5: 6-未滿9歲 6-Under 9 Years | M5: 9-未滿12歲 9-Under 12 Years | O5: 12-未滿15歲 12-Under 15 Years | Q5: 15-未滿18歲 15-Under 18 Years
D6: 計 Total | E6: 男 Male | F6: 女 Female | G6: 男 Male | H6: 女 Female | I6: 男 Male | J6: 女 Female | K6: 男 Male | L6: 女 Female | M6: 男 Male | N6: 女 Female | O6: 男 Male | P6: 女 Female | Q6: 男 Male | R6: 女 Female
A8: 總計 | B8: 計 | C8: Total | D8: 10810 | E8: 4836 | F8: 5974 | G8: 564 | H8: 437 | I8: 788 | J8: 664 | K8: 1202 | L8: 738 | M8: 1086 | N8: 797 | O8: 812 | P8: 1771 | Q8: 384 | R8: 1567
A9: Total | B9: 一般 | C9: General | D9: 9795 | E9: 4375 | F9: 5420 | G9: 509 | H9: 405 | I9: 701 | J9: 616 | K9: 1070 | L9: 675 | M9: 1003 | N9: 710 | O9: 747 | P9: 1585 | Q9: 345 | R9: 1429
B10: 原住民 | C10: Indigenous | D10: 1015 | E10: 461 | F10: 554 | G10: 55 | H10: 32 | I10: 87 | J10: 48 | K10: 132 | L10: 63 | M10: 83 | N10: 87 | O10: 65 | P10: 186 | Q10: 39 | R10: 138
A11: 新北市 | B11: 計 | C11: Total | D11: 2222 | E11: 974 | F11: 1248 | G11: 71 | H11: 47 | I11: 102 | J11: 96 | K11: 254 | L11: 160 | M11: 284 | N11: 189 | O11: 187 | P11: 380 | Q11: 76 | R11: 376
A12: New Taipei City | B12: 一般 | C12: General | D12: 2092 | E12: 917 | F12: 1175 | G12: 70 | H12: 45 | I12: 97 | J12: 90 | K12: 230 | L12: 150 | M12: 267 | N12: 180 | O12: 181 | P12: 348 | Q12: 72 | R12: 362
B13: 原住民 | C13: Indigenous | D13: 130 | E13: 57 | F13: 73 | G13: 1 | H13: 2 | I13: 5 | J13: 6 | K13: 24 | L13: 10 | M13: 17 | N13: 9 | O13: 6 | P13: 32 | Q13: 4 | R13: 14
A14: 臺北市 | B14: 計 | C14: Total | D14: 1077 | E14: 498 | F14: 579 | G14: 56 | H14: 46 | I14: 86 | J14: 110 | K14: 97 | L14: 67 | M14: 111 | N14: 61 | O14: 102 | P14: 159 | Q14: 46 | R14: 136
A15: Taipei City | B15: 一般 | C15: General | D15: 1051 | E15: 483 | F15: 568 | G15: 54 | H15: 44 | I15: 82 | J15: 107 | K15: 91 | L15: 66 | M15: 109 | N15: 60 | O15: 101 | P15: 158 | Q15: 46 | R15: 133
B16: 原住民 | C16: Indigenous | D16: 26 | E16: 15 | F16: 11 | G16: 2 | H16: 2 | I16: 4 | J16: 3 | K16: 6 | L16: 1 | M16: 2 | N16: 1 | O16: 1 | P16: 1 | Q16: 0 | R16: 3
A17: 桃園市 | B17: 計 | C17: Total | D17: 1050 | E17: 491 | F17: 559 | G17: 61 | H17: 56 | I17: 91 | J17: 38 | K17: 143 | L17: 58 | M17: 103 | N17: 84 | O17: 63 | P17: 182 | Q17: 30 | R17: 141
A18: Taoyuan City | B18: 一般 | C18: General | D18: 892 | E18: 409 | F18: 483 | G18: 51 | H18: 53 | I18: 76 | J18: 36 | K18: 116 | L18: 52 | M18: 87 | N18: 67 | O18: 56 | P18: 153 | Q18: 23 | R18: 122
B19: 原住民 | C19: Indigenous | D19: 158 | E19: 82 | F19: 76 | G19: 10 | H19: 3 | I19: 15 | J19: 2 | K19: 27 | L19: 6 | M19: 16 | N19: 17 | O19: 7 | P19: 29 | Q19: 7 | R19: 19
A20: 臺中市 | B20: 計 | C20: Total | D20: 1339 | E20: 654 | F20: 685 | G20: 78 | H20: 53 | I20: 102 | J20: 92 | K20: 163 | L20: 93 | M20: 164 | N20: 87 | O20: 93 | P20: 177 | Q20: 54 | R20: 183
A21: Taichung City | B21: 一般 | C21: General | D21: 1264 | E21: 619 | F21: 645 | G21: 75 | H21: 51 | I21: 96 | J21: 87 | K21: 157 | L21: 87 | M21: 155 | N21: 81 | O21: 86 | P21: 166 | Q21: 50 | R21: 173
B22: 原住民 | C22: Indigenous | D22: 75 | E22: 35 | F22: 40 | G22: 3 | H22: 2 | I22: 6 | J22: 5 | K22: 6 | L22: 6 | M22: 9 | N22: 6 | O22: 7 | P22: 11 | Q22: 4 | R22: 10
A23: 臺南市 | B23: 計 | C23: Total | D23: 572 | E23: 271 | F23: 301 | G23: 46 | H23: 27 | I23: 56 | J23: 42 | K23: 68 | L23: 43 | M23: 38 | N23: 40 | O23: 54 | P23: 75 | Q23: 9 | R23: 74
A24: Tainan City | B24: 一般 | C24: General | D24: 548 | E24: 260 | F24: 288 | G24: 43 | H24: 27 | I24: 55 | J24: 40 | K24: 62 | L24: 42 | M24: 38 | N24: 38 | O24: 53 | P24: 71 | Q24: 9 | R24: 70
B25: 原住民 | C25: Indigenous | D25: 24 | E25: 11 | F25: 13 | G25: 3 | H25: 0 | I25: 1 | J25: 2 | K25: 6 | L25: 1 | M25: 0 | N25: 2 | O25: 1 | P25: 4 | Q25: 0 | R25: 4
A26: 高雄市 | B26: 計 | C26: Total | D26: 1157 | E26: 542 | F26: 615 | G26: 66 | H26: 65 | I26: 68 | J26: 59 | K26: 157 | L26: 90 | M26: 119 | N26: 94 | O26: 94 | P26: 168 | Q26: 38 | R26: 139
A27: Kaohsiung City | B27: 一般 | C27: General | D27: 1084 | E27: 509 | F27: 575 | G27: 62 | H27: 63 | I27: 62 | J27: 54 | K27: 145 | L27: 83 | M27: 114 | N27: 86 | O27: 91 | P27: 159 | Q27: 35 | R27: 130
B28: 原住民 | C28: Indigenous | D28: 73 | E28: 33 | F28: 40 | G28: 4 | H28: 2 | I28: 6 | J28: 5 | K28: 12 | L28: 7 | M28: 5 | N28: 8 | O28: 3 | P28: 9 | Q28: 3 | R28: 9
A29: 宜蘭縣 | B29: 計 | C29: Total | D29: 141 | E29: 52 | F29: 89 | G29: 3 | H29: 8 | I29: 6 | J29: 9 | K29: 15 | L29: 9 | M29: 14 | N29: 8 | O29: 9 | P29: 25 | Q29: 5 | R29: 30
A30: Yilan County | B30: 一般 | C30: General | D30: 128 | E30: 45 | F30: 83 | G30: 3 | H30: 8 | I30: 6 | J30: 9 | K30: 14 | L30: 9 | M30: 13 | N30: 7 | O30: 6 | P30: 22 | Q30: 3 | R30: 28
B31: 原住民 | C31: Indigenous | D31: 13 | E31: 7 | F31: 6 | G31: 0 | H31: 0 | I31: 0 | J31: 0 | K31: 1 | L31: 0 | M31: 1 | N31: 1 | O31: 3 | P31: 3 | Q31: 2 | R31: 2
A32: 新竹縣 | B32: 計 | C32: Total | D32: 416 | E32: 181 | F32: 235 | G32: 31 | H32: 17 | I32: 31 | J32: 30 | K32: 40 | L32: 27 | M32: 32 | N32: 29 | O32: 39 | P32: 89 | Q32: 8 | R32: 43
A33: Hsinchu County | B33: 一般 | C33: General | D33: 345 | E33: 144 | F33: 201 | G33: 28 | H33: 11 | I33: 20 | J33: 24 | K33: 32 | L33: 25 | M33: 26 | N33: 23 | O33: 31 | P33: 80 | Q33: 7 | R33: 38
B34: 原住民 | C34: Indigenous | D34: 71 | E34: 37 | F34: 34 | G34: 3 | H34: 6 | I34: 11 | J34: 6 | K34: 8 | L34: 2 | M34: 6 | N34: 6 | O34: 8 | P34: 9 | Q34: 1 | R34: 5
A35: 苗栗縣 | B35: 計 | C35: Total | D35: 148 | E35: 46 | F35: 102 | G35: 5 | H35: 2 | I35: 4 | J35: 8 | K35: 11 | L35: 21 | M35: 12 | N35: 14 | O35: 8 | P35: 31 | Q35: 6 | R35: 26
A36: Miaoli County | B36: 一般 | C36: General | D36: 131 | E36: 41 | F36: 90 | G36: 5 | H36: 2 | I36: 3 | J36: 8 | K36: 10 | L36: 20 | M36: 11 | N36: 10 | O36: 6 | P36: 27 | Q36: 6 | R36: 23
B37: 原住民 | C37: Indigenous | D37: 17 | E37: 5 | F37: 12 | G37: 0 | H37: 0 | I37: 1 | J37: 0 | K37: 1 | L37: 1 | M37: 1 | N37: 4 | O37: 2 | P37: 4 | Q37: 0 | R37: 3
A38: 彰化縣 | B38: 計 | C38: Total | D38: 544 | E38: 226 | F38: 318 | G38: 31 | H38: 30 | I38: 57 | J38: 27 | K38: 58 | L38: 30 | M38: 39 | N38: 33 | O38: 26 | P38: 98 | Q38: 15 | R38: 100
A39: Changhua County | B39: 一般 | C39: General | D39: 517 | E39: 216 | F39: 301 | G39: 27 | H39: 28 | I39: 56 | J39: 26 | K39: 55 | L39: 30 | M39: 37 | N39: 30 | O39: 26 | P39: 95 | Q39: 15 | R39: 92
B40: 原住民 | C40: Indigenous | D40: 27 | E40: 10 | F40: 17 | G40: 4 | H40: 2 | I40: 1 | J40: 1 | K40: 3 | L40: 0 | M40: 2 | N40: 3 | O40: 0 | P40: 3 | Q40: 0 | R40: 8
A41: 南投縣 | B41: 計 | C41: Total | D41: 221 | E41: 101 | F41: 120 | G41: 9 | H41: 8 | I41: 17 | J41: 19 | K41: 23 | L41: 11 | M41: 26 | N41: 19 | O41: 17 | P41: 38 | Q41: 9 | R41: 25
A42: Nantou County | B42: 一般 | C42: General | D42: 194 | E42: 91 | F42: 103 | G42: 9 | H42: 7 | I42: 16 | J42: 18 | K42: 19 | L42: 9 | M42: 23 | N42: 17 | O42: 16 | P42: 33 | Q42: 8 | R42: 19
B43: 原住民 | C43: Indigenous | D43: 27 | E43: 10 | F43: 17 | G43: 0 | H43: 1 | I43: 1 | J43: 1 | K43: 4 | L43: 2 | M43: 3 | N43: 2 | O43: 1 | P43: 5 | Q43: 1 | R43: 6
A44: 雲林縣 | B44: 計 | C44: Total | D44: 324 | E44: 120 | F44: 204 | G44: 19 | H44: 18 | I44: 34 | J44: 23 | K44: 18 | L44: 28 | M44: 13 | N44: 18 | O44: 20 | P44: 60 | Q44: 16 | R44: 57
A45: Yunlin County | B45: 一般 | C45: General | D45: 317 | E45: 118 | F45: 199 | G45: 19 | H45: 18 | I45: 34 | J45: 22 | K45: 18 | L45: 26 | M45: 13 | N45: 18 | O45: 19 | P45: 60 | Q45: 15 | R45: 55
B46: 原住民 | C46: Indigenous | D46: 7 | E46: 2 | F46: 5 | G46: 0 | H46: 0 | I46: 0 | J46: 1 | K46: 0 | L46: 2 | M46: 0 | N46: 0 | O46: 1 | P46: 0 | Q46: 1 | R46: 2
A47: 嘉義縣 | B47: 計 | C47: Total | D47: 204 | E47: 98 | F47: 106 | G47: 19 | H47: 10 | I47: 26 | J47: 16 | K47: 15 | L47: 15 | M47: 13 | N47: 10 | O47: 17 | P47: 29 | Q47: 8 | R47: 26
A48: Chiayi County | B48: 一般 | C48: General | D48: 189 | E48: 90 | F48: 99 | G48: 16 | H48: 10 | I48: 26 | J48: 15 | K48: 15 | L48: 13 | M48: 13 | N48: 8 | O48: 12 | P48: 28 | Q48: 8 | R48: 25
B49: 原住民 | C49: Indigenous | D49: 15 | E49: 8 | F49: 7 | G49: 3 | H49: 0 | I49: 0 | J49: 1 | K49: 0 | L49: 2 | M49: 0 | N49: 2 | O49: 5 | P49: 1 | Q49: 0 | R49: 1
A50: 屏東縣 | B50: 計 | C50: Total | D50: 375 | E50: 163 | F50: 212 | G50: 12 | H50: 12 | I50: 27 | J50: 20 | K50: 46 | L50: 26 | M50: 37 | N50: 40 | O50: 25 | P50: 63 | Q50: 16 | R50: 51
A51: Pingtung County | B51: 一般 | C51: General | D51: 320 | E51: 144 | F51: 176 | G51: 12 | H51: 10 | I51: 22 | J51: 20 | K51: 39 | L51: 20 | M51: 36 | N51: 34 | O51: 22 | P51: 49 | Q51: 13 | R51: 43
B52: 原住民 | C52: Indigenous | D52: 55 | E52: 19 | F52: 36 | G52: 0 | H52: 2 | I52: 5 | J52: 0 | K52: 7 | L52: 6 | M52: 1 | N52: 6 | O52: 3 | P52: 14 | Q52: 3 | R52: 8
A53: 臺東縣 | B53: 計 | C53: Total | D53: 107 | E53: 40 | F53: 67 | G53: 6 | H53: 4 | I53: 3 | J53: 3 | K53: 9 | L53: 8 | M53: 3 | N53: 11 | O53: 8 | P53: 21 | Q53: 11 | R53: 20
A54: Taitung County | B54: 一般 | C54: General | D54: 39 | E54: 14 | F54: 25 | G54: 2 | H54: 2 | I54: 0 | J54: 2 | K54: 5 | L54: 2 | M54: 1 | N54: 3 | O54: 2 | P54: 7 | Q54: 4 | R54: 9
B55: 原住民 | C55: Indigenous | D55: 68 | E55: 26 | F55: 42 | G55: 4 | H55: 2 | I55: 3 | J55: 1 | K55: 4 | L55: 6 | M55: 2 | N55: 8 | O55: 6 | P55: 14 | Q55: 7 | R55: 11
A56: 花蓮縣 | B56: 計 | C56: Total | D56: 326 | E56: 138 | F56: 188 | G56: 27 | H56: 11 | I56: 32 | J56: 22 | K56: 29 | L56: 22 | M56: 26 | N56: 25 | O56: 19 | P56: 65 | Q56: 5 | R56: 43
A57: Hualien County | B57: 一般 | C57: General | D57: 125 | E57: 42 | F57: 83 | G57: 10 | H57: 3 | I57: 6 | J57: 9 | K57: 7 | L57: 15 | M57: 8 | N57: 14 | O57: 10 | P57: 26 | Q57: 1 | R57: 16
B58: 原住民 | C58: Indigenous | D58: 201 | E58: 96 | F58: 105 | G58: 17 | H58: 8 | I58: 26 | J58: 13 | K58: 22 | L58: 7 | M58: 18 | N58: 11 | O58: 9 | P58: 39 | Q58: 4 | R58: 27
A59: 澎湖縣 | B59: 計 | C59: Total | D59: 31 | E59: 6 | F59: 25 | G59: 0 | H59: 1 | I59: 1 | J59: 2 | K59: 2 | L59: 1 | M59: 1 | N59: 5 | O59: 1 | P59: 5 | Q59: 1 | R59: 11
A60: Penghu County | B60: 一般 | C60: General | D60: 29 | E60: 6 | F60: 23 | G60: 0 | H60: 1 | I60: 1 | J60: 2 | K60: 2 | L60: 0 | M60: 1 | N60: 5 | O60: 1 | P60: 5 | Q60: 1 | R60: 10
B61: 原住民 | C61: Indigenous | D61: 2 | E61: 0 | F61: 2 | G61: 0 | H61: 0 | I61: 0 | J61: 0 | K61: 0 | L61: 1 | M61: 0 | N61: 0 | O61: 0 | P61: 0 | Q61: 0 | R61: 1
A62: 基隆市 | B62: 計 | C62: Total | D62: 149 | E62: 53 | F62: 96 | G62: 7 | H62: 6 | I62: 9 | J62: 7 | K62: 11 | L62: 8 | M62: 11 | N62: 2 | O62: 4 | P62: 39 | Q62: 11 | R62: 34
A63: Keelung City | B63: 一般 | C63: General | D63: 138 | E63: 50 | F63: 88 | G63: 7 | H63: 6 | I63: 8 | J63: 7 | K63: 10 | L63: 8 | M63: 11 | N63: 2 | O63: 4 | P63: 35 | Q63: 10 | R63: 30
B64: 原住民 | C64: Indigenous | D64: 11 | E64: 3 | F64: 8 | G64: 0 | H64: 0 | I64: 1 | J64: 0 | K64: 1 | L64: 0 | M64: 0 | N64: 0 | O64: 0 | P64: 4 | Q64: 1 | R64: 4
A65: 新竹市 | B65: 計 | C65: Total | D65: 219 | E65: 92 | F65: 127 | G65: 8 | H65: 8 | I65: 18 | J65: 16 | K65: 19 | L65: 13 | M65: 20 | N65: 20 | O65: 17 | P65: 32 | Q65: 10 | R65: 38
A66: Hsinchu City | B66: 一般 | C66: General | D66: 207 | E66: 87 | F66: 120 | G66: 7 | H66: 8 | I66: 17 | J66: 15 | K66: 19 | L66: 10 | M66: 20 | N66: 19 | O66: 15 | P66: 31 | Q66: 9 | R66: 37
B67: 原住民 | C67: Indigenous | D67: 12 | E67: 5 | F67: 7 | G67: 1 | H67: 0 | I67: 1 | J67: 1 | K67: 0 | L67: 3 | M67: 0 | N67: 1 | O67: 2 | P67: 1 | Q67: 1 | R67: 1
A68: 嘉義市 | B68: 計 | C68: Total | D68: 127 | E68: 60 | F68: 67 | G68: 5 | H68: 7 | I68: 16 | J68: 17 | K68: 16 | L68: 8 | M68: 10 | N68: 5 | O68: 6 | P68: 24 | Q68: 7 | R68: 6
A69: Chiayi City | B69: 一般 | C69: General | D69: 127 | E69: 60 | F69: 67 | G69: 5 | H69: 7 | I69: 16 | J69: 17 | K69: 16 | L69: 8 | M69: 10 | N69: 5 | O69: 6 | P69: 24 | Q69: 7 | R69: 6
B70: 原住民 | C70: Indigenous | D70: 0 | E70: 0 | F70: 0 | G70: 0 | H70: 0 | I70: 0 | J70: 0 | K70: 0 | L70: 0 | M70: 0 | N70: 0 | O70: 0 | P70: 0 | Q70: 0 | R70: 0
A71: 金門縣 | B71: 計 | C71: Total | D71: 46 | E71: 24 | F71: 22 | G71: 4 | H71: 1 | I71: 2 | J71: 8 | K71: 6 | L71: 0 | M71: 7 | N71: 1 | O71: 3 | P71: 4 | Q71: 2 | R71: 8
A72: Kinmen County | B72: 一般 | C72: General | D72: 46 | E72: 24 | F72: 22 | G72: 4 | H72: 1 | I72: 2 | J72: 8 | K72: 6 | L72: 0 | M72: 7 | N72: 1 | O72: 3 | P72: 4 | Q72: 2 | R72: 8
B73: 原住民 | C73: Indigenous | D73: 0 | E73: 0 | F73: 0 | G73: 0 | H73: 0 | I73: 0 | J73: 0 | K73: 0 | L73: 0 | M73: 0 | N73: 0 | O73: 0 | P73: 0 | Q73: 0 | R73: 0
A74: 連江縣 | B74: 計 | C74: Total | D74: 15 | E74: 6 | F74: 9 | G74: 0 | H74: 0 | I74: 0 | J74: 0 | K74: 2 | L74: 0 | M74: 3 | N74: 2 | O74: 0 | P74: 7 | Q74: 1 | R74: 0
A75: Lienchiang County | B75: 一般 | C75: General | D75: 12 | E75: 6 | F75: 6 | G75: 0 | H75: 0 | I75: 0 | J75: 0 | K75: 2 | L75: 0 | M75: 3 | N75: 2 | O75: 0 | P75: 4 | Q75: 1 | R75: 0
B76: 原住民 | C76: Indigenous | D76: 3 | E76: 0 | F76: 3 | G76: 0 | H76: 0 | I76: 0 | J76: 0 | K76: 0 | L76: 0 | M76: 0 | N76: 0 | O76: 0 | P76: 3 | Q76: 0 | R76: 0
A77: 資料來源：各直轄市、縣市政府。
A78: Source: County and Government.
A80: 更新日期：2025/03/31

Sheet July-Dec., 2024
A1: 兒童及少年保護-受虐人數 Number of Abused Child and Youth
A2: 單位：人 Unit : Persons
A3: 民國113年7-12月, July-Dec., 2024 | D3: =IF(D8=SUM(D11,D14,D17,D20,D23,D26,D29,D32,D35,D38,D41,D44,D47,D50,D53,D56,D59,D62,D65,D68,D71,D74,),"","*") | E3: =IF(E8=SUM(E11,E14,E17,E20,E23,E26,E29,E32,E35,E38,E41,E44,E47,E50,E53,E56,E59,E62,E65,E68,E71,E74,),"","*") | F3: =IF(F8=SUM(F11,F14,F17,F20,F23,F26,F29,F32,F35,F38,F41,F44,F47,F50,F53,F56,F59,F62,F65,F68,F71,F74,),"","*") | G3: =IF(G8=SUM(G11,G14,G17,G20,G23,G26,G29,G32,G35,G38,G41,G44,G47,G50,G53,G56,G59,G62,G65,G68,G71,G74,),"","*") | H3: =IF(H8=SUM(H11,H14,H17,H20,H23,H26,H29,H32,H35,H38,H41,H44,H47,H50,H53,H56,H59,H62,H65,H68,H71,H74,),"","*") | I3: =IF(I8=SUM(I11,I14,I17,I20,I23,I26,I29,I32,I35,I38,I41,I44,I47,I50,I53,I56,I59,I62,I65,I68,I71,I74,),"","*") | J3: =IF(J8=SUM(J11,J14,J17,J20,J23,J26,J29,J32,J35,J38,J41,J44,J47,J50,J53,J56,J59,J62,J65,J68,J71,J74,),"","*") | K3: =IF(K8=SUM(K11,K14,K17,K20,K23,K26,K29,K32,K35,K38,K41,K44,K47,K50,K53,K56,K59,K62,K65,K68,K71,K74,),"","*") | ... R3: =IF(R8=SUM(R11,R14,R17,R20,R23,R26,R29,R32,R35,R38,R41,R44,R47,R50,R53,R56,R59,R62,R65,R68,R71,R74,),"","*")
A4: 區域及特殊族群別 Locality & Ethnos | D4: 受虐兒童少年人數按年齡分(人) By Age
D5: 合計 Total | G5: 0-未滿3歲 Under 3 Years | I5: 3-未滿6歲 3-Under 6 Years | K5: 6-未滿9歲 6-Under 9 Years | M5: 9-未滿12歲 9-Under 12 Years | O5: 12-未滿15歲 12-Under 15 Years | Q5: 15-未滿18歲 15-Under 18 Years
D6: 計 Total | E6: 男 Male | F6: 女 Female | G6: 男 Male | H6: 女 Female | I6: 男 Male | J6: 女 Female | K6: 男 Male | L6: 女 Female | M6: 男 Male | N6: 女 Female | O6: 男 Male | P6: 女 Female | Q6: 男 Male | R6: 女 Female
A8: 總計 | B8: 計 | C8: Total | D8: 5039 | E8: 2315 | F8: 2724 | G8: 307 | H8: 225 | I8: 370 | J8: 333 | K8: 566 | L8: 330 | M8: 486 | N8: 344 | O8: 403 | P8: 819 | Q8: 183 | R8: 673
A9: Total | B9: 一般 | C9: General | D9: 4540 | E9: 2086 | F9: 2454 | G9: 271 | H9: 211 | I9: 325 | J9: 306 | K9: 502 | L9: 293 | M9: 458 | N9: 298 | O9: 369 | P9: 742 | Q9: 161 | R9: 604
B10: 原住民 | C10: Indigenous | D10: 499 | E10: 229 | F10: 270 | G10: 36 | H10: 14 | I10: 45 | J10: 27 | K10: 64 | L10: 37 | M10: 28 | N10: 46 | O10: 34 | P10: 77 | Q10: 22 | R10: 69
A11: 新北市 | B11: 計 | C11: Total | D11: 1014 | E11: 463 | F11: 551 | G11: 33 | H11: 20 | I11: 45 | J11: 48 | K11: 113 | L11: 72 | M11: 145 | N11: 82 | O11: 87 | P11: 176 | Q11: 40 | R11: 153
A12: New Taipei City | B12: 一般 | C12: General | D12: 960 | E12: 444 | F12: 516 | G12: 33 | H12: 19 | I12: 41 | J12: 44 | K12: 105 | L12: 67 | M12: 141 | N12: 78 | O12: 86 | P12: 161 | Q12: 38 | R12: 147
B13: 原住民 | C13: Indigenous | D13: 54 | E13: 19 | F13: 35 | G13: 0 | H13: 1 | I13: 4 | J13: 4 | K13: 8 | L13: 5 | M13: 4 | N13: 4 | O13: 1 | P13: 15 | Q13: 2 | R13: 6
A14: 臺北市 | B14: 計 | C14: Total | D14: 506 | E14: 246 | F14: 260 | G14: 38 | H14: 25 | I14: 49 | J14: 61 | K14: 45 | L14: 36 | M14: 41 | N14: 19 | O14: 52 | P14: 71 | Q14: 21 | R14: 48
A15: Taipei City | B15: 一般 | C15: General | D15: 500 | E15: 243 | F15: 257 | G15: 38 | H15: 24 | I15: 48 | J15: 61 | K15: 43 | L15: 35 | M15: 41 | N15: 19 | O15: 52 | P15: 70 | Q15: 21 | R15: 48
B16: 原住民 | C16: Indigenous | D16: 6 | E16: 3 | F16: 3 | G16: 0 | H16: 1 | I16: 1 | J16: 0 | K16: 2 | L16: 1 | M16: 0 | N16: 0 | O16: 0 | P16: 1 | Q16: 0 | R16: 0
A17: 桃園市 | B17: 計 | C17: Total | D17: 545 | E17: 259 | F17: 286 | G17: 36 | H17: 35 | I17: 45 | J17: 16 | K17: 71 | L17: 23 | M17: 54 | N17: 39 | O17: 36 | P17: 97 | Q17: 17 | R17: 76
A18: Taoyuan City | B18: 一般 | C18: General | D18: 447 | E18: 205 | F18: 242 | G18: 27 | H18: 34 | I18: 37 | J18: 15 | K18: 52 | L18: 20 | M18: 44 | N18: 27 | O18: 32 | P18: 83 | Q18: 13 | R18: 63
B19: 原住民 | C19: Indigenous | D19: 98 | E19: 54 | F19: 44 | G19: 9 | H19: 1 | I19: 8 | J19: 1 | K19: 19 | L19: 3 | M19: 10 | N19: 12 | O19: 4 | P19: 14 | Q19: 4 | R19: 13
A20: 臺中市 | B20: 計 | C20: Total | D20: 622 | E20: 315 | F20: 307 | G20: 44 | H20: 18 | I20: 46 | J20: 53 | K20: 85 | L20: 39 | M20: 74 | N20: 42 | O20: 44 | P20: 89 | Q20: 22 | R20: 66
A21: Taichung City | B21: 一般 | C21: General | D21: 589 | E21: 303 | F21: 286 | G21: 43 | H21: 17 | I21: 44 | J21: 49 | K21: 84 | L21: 34 | M21: 72 | N21: 41 | O21: 40 | P21: 82 | Q21: 20 | R21: 63
B22: 原住民 | C22: Indigenous | D22: 33 | E22: 12 | F22: 21 | G22: 1 | H22: 1 | I22: 2 | J22: 4 | K22: 1 | L22: 5 | M22: 2 | N22: 1 | O22: 4 | P22: 7 | Q22: 2 | R22: 3
A23: 臺南市 | B23: 計 | C23: Total | D23: 263 | E23: 128 | F23: 135 | G23: 26 | H23: 10 | I23: 22 | J23: 21 | K23: 40 | L23: 17 | M23: 12 | N23: 18 | O23: 25 | P23: 34 | Q23: 3 | R23: 35
A24: Tainan City | B24: 一般 | C24: General | D24: 248 | E24: 118 | F24: 130 | G24: 24 | H24: 10 | I24: 21 | J24: 21 | K24: 34 | L24: 16 | M24: 12 | N24: 18 | O24: 24 | P24: 32 | Q24: 3 | R24: 33
B25: 原住民 | C25: Indigenous | D25: 15 | E25: 10 | F25: 5 | G25: 2 | H25: 0 | I25: 1 | J25: 0 | K25: 6 | L25: 1 | M25: 0 | N25: 0 | O25: 1 | P25: 2 | Q25: 0 | R25: 2
A26: 高雄市 | B26: 計 | C26: Total | D26: 553 | E26: 259 | F26: 294 | G26: 38 | H26: 39 | I26: 27 | J26: 27 | K26: 73 | L26: 42 | M26: 54 | N26: 42 | O26: 50 | P26: 77 | Q26: 17 | R26: 67
A27: Kaohsiung City | B27: 一般 | C27: General | D27: 516 | E27: 244 | F27: 272 | G27: 36 | H27: 39 | I27: 25 | J27: 24 | K27: 69 | L27: 38 | M27: 52 | N27: 37 | O27: 47 | P27: 71 | Q27: 15 | R27: 63
B28: 原住民 | C28: Indigenous | D28: 37 | E28: 15 | F28: 22 | G28: 2 | H28: 0 | I28: 2 | J28: 3 | K28: 4 | L28: 4 | M28: 2 | N28: 5 | O28: 3 | P28: 6 | Q28: 2 | R28: 4
A29: 宜蘭縣 | B29: 計 | C29: Total | D29: 47 | E29: 21 | F29: 26 | G29: 2 | H29: 4 | I29: 3 | J29: 0 | K29: 6 | L29: 4 | M29: 4 | N29: 0 | O29: 5 | P29: 9 | Q29: 1 | R29: 9
A30: Yilan County | B30: 一般 | C30: General | D30: 44 | E30: 19 | F30: 25 | G30: 2 | H30: 4 | I30: 3 | J30: 0 | K30: 6 | L30: 4 | M30: 4 | N30: 0 | O30: 3 | P30: 9 | Q30: 1 | R30: 8
B31: 原住民 | C31: Indigenous | D31: 3 | E31: 2 | F31: 1 | G31: 0 | H31: 0 | I31: 0 | J31: 0 | K31: 0 | L31: 0 | M31: 0 | N31: 0 | O31: 2 | P31: 0 | Q31: 0 | R31: 1
A32: 新竹縣 | B32: 計 | C32: Total | D32: 212 | E32: 95 | F32: 117 | G32: 17 | H32: 9 | I32: 17 | J32: 16 | K32: 26 | L32: 15 | M32: 11 | N32: 14 | O32: 21 | P32: 41 | Q32: 3 | R32: 22
A33: Hsinchu County | B33: 一般 | C33: General | D33: 175 | E33: 77 | F33: 98 | G33: 15 | H33: 6 | I33: 8 | J33: 14 | K33: 22 | L33: 13 | M33: 10 | N33: 11 | O33: 19 | P33: 36 | Q33: 3 | R33: 18
B34: 原住民 | C34: Indigenous | D34: 37 | E34: 18 | F34: 19 | G34: 2 | H34: 3 | I34: 9 | J34: 2 | K34: 4 | L34: 2 | M34: 1 | N34: 3 | O34: 2 | P34: 5 | Q34: 0 | R34: 4
A35: 苗栗縣 | B35: 計 | C35: Total | D35: 75 | E35: 25 | F35: 50 | G35: 3 | H35: 0 | I35: 2 | J35: 3 | K35: 5 | L35: 6 | M35: 8 | N35: 9 | O35: 3 | P35: 19 | Q35: 4 | R35: 13
A36: Miaoli County | B36: 一般 | C36: General | D36: 66 | E36: 22 | F36: 44 | G36: 3 | H36: 0 | I36: 2 | J36: 3 | K36: 4 | L36: 6 | M36: 7 | N36: 5 | O36: 2 | P36: 17 | Q36: 4 | R36: 13
B37: 原住民 | C37: Indigenous | D37: 9 | E37: 3 | F37: 6 | G37: 0 | H37: 0 | I37: 0 | J37: 0 | K37: 1 | L37: 0 | M37: 1 | N37: 4 | O37: 1 | P37: 2 | Q37: 0 | R37: 0
A38: 彰化縣 | B38: 計 | C38: Total | D38: 260 | E38: 107 | F38: 153 | G38: 17 | H38: 18 | I38: 27 | J38: 12 | K38: 23 | L38: 11 | M38: 20 | N38: 14 | O38: 10 | P38: 55 | Q38: 10 | R38: 43
A39: Changhua County | B39: 一般 | C39: General | D39: 242 | E39: 103 | F39: 139 | G39: 15 | H39: 16 | I39: 26 | J39: 11 | K39: 22 | L39: 11 | M39: 20 | N39: 11 | O39: 10 | P39: 53 | Q39: 10 | R39: 37
B40: 原住民 | C40: Indigenous | D40: 18 | E40: 4 | F40: 14 | G40: 2 | H40: 2 | I40: 1 | J40: 1 | K40: 1 | L40: 0 | M40: 0 | N40: 3 | O40: 0 | P40: 2 | Q40: 0 | R40: 6
A41: 南投縣 | B41: 計 | C41: Total | D41: 107 | E41: 50 | F41: 57 | G41: 5 | H41: 5 | I41: 12 | J41: 13 | K41: 13 | L41: 8 | M41: 7 | N41: 5 | O41: 6 | P41: 18 | Q41: 7 | R41: 8
A42: Nantou County | B42: 一般 | C42: General | D42: 95 | E42: 45 | F42: 50 | G42: 5 | H42: 5 | I42: 12 | J42: 12 | K42: 10 | L42: 7 | M42: 6 | N42: 5 | O42: 6 | P42: 16 | Q42: 6 | R42: 5
B43: 原住民 | C43: Indigenous | D43: 12 | E43: 5 | F43: 7 | G43: 0 | H43: 0 | I43: 0 | J43: 1 | K43: 3 | L43: 1 | M43: 1 | N43: 0 | O43: 0 | P43: 2 | Q43: 1 | R43: 3
A44: 雲林縣 | B44: 計 | C44: Total | D44: 142 | E44: 50 | F44: 92 | G44: 5 | H44: 10 | I44: 20 | J44: 15 | K44: 6 | L44: 12 | M44: 3 | N44: 4 | O44: 10 | P44: 26 | Q44: 6 | R44: 25
A45: Yunlin County | B45: 一般 | C45: General | D45: 137 | E45: 48 | F45: 89 | G45: 5 | H45: 10 | I45: 20 | J45: 15 | K45: 6 | L45: 11 | M45: 3 | N45: 4 | O45: 9 | P45: 26 | Q45: 5 | R45: 23
B46: 原住民 | C46: Indigenous | D46: 5 | E46: 2 | F46: 3 | G46: 0 | H46: 0 | I46: 0 | J46: 0 | K46: 0 | L46: 1 | M46: 0 | N46: 0 | O46: 1 | P46: 0 | Q46: 1 | R46: 2
A47: 嘉義縣 | B47: 計 | C47: Total | D47: 78 | E47: 36 | F47: 42 | G47: 6 | H47: 4 | I47: 10 | J47: 5 | K47: 6 | L47: 6 | M47: 3 | N47: 3 | O47: 9 | P47: 10 | Q47: 2 | R47: 14
A48: Chiayi County | B48: 一般 | C48: General | D48: 68 | E48: 29 | F48: 39 | G48: 4 | H48: 4 | I48: 10 | J48: 4 | K48: 6 | L48: 4 | M48: 3 | N48: 3 | O48: 4 | P48: 10 | Q48: 2 | R48: 14
B49: 原住民 | C49: Indigenous | D49: 10 | E49: 7 | F49: 3 | G49: 2 | H49: 0 | I49: 0 | J49: 1 | K49: 0 | L49: 2 | M49: 0 | N49: 0 | O49: 5 | P49: 0 | Q49: 0 | R49: 0
A50: 屏東縣 | B50: 計 | C50: Total | D50: 165 | E50: 67 | F50: 98 | G50: 6 | H50: 5 | I50: 11 | J50: 9 | K50: 11 | L50: 15 | M50: 18 | N50: 21 | O50: 12 | P50: 20 | Q50: 9 | R50: 28
A51: Pingtung County | B51: 一般 | C51: General | D51: 149 | E51: 63 | F51: 86 | G51: 6 | H51: 5 | I51: 11 | J51: 9 | K51: 10 | L51: 12 | M51: 18 | N51: 17 | O51: 12 | P51: 20 | Q51: 6 | R51: 23
B52: 原住民 | C52: Indigenous | D52: 16 | E52: 4 | F52: 12 | G52: 0 | H52: 0 | I52: 0 | J52: 0 | K52: 1 | L52: 3 | M52: 0 | N52: 4 | O52: 0 | P52: 0 | Q52: 3 | R52: 5
A53: 臺東縣 | B53: 計 | C53: Total | D53: 42 | E53: 15 | F53: 27 | G53: 2 | H53: 2 | I53: 0 | J53: 2 | K53: 4 | L53: 3 | M53: 1 | N53: 7 | O53: 3 | P53: 6 | Q53: 5 | R53: 7
A54: Taitung County | B54: 一般 | C54: General | D54: 12 | E54: 4 | F54: 8 | G54: 0 | H54: 1 | I54: 0 | J54: 1 | K54: 2 | L54: 0 | M54: 0 | N54: 2 | O54: 1 | P54: 3 | Q54: 1 | R54: 1
B55: 原住民 | C55: Indigenous | D55: 30 | E55: 11 | F55: 19 | G55: 2 | H55: 1 | I55: 0 | J55: 1 | K55: 2 | L55: 3 | M55: 1 | N55: 5 | O55: 2 | P55: 3 | Q55: 4 | R55: 6
A56: 花蓮縣 | B56: 計 | C56: Total | D56: 151 | E56: 68 | F56: 83 | G56: 17 | H56: 6 | I56: 19 | J56: 12 | K56: 13 | L56: 13 | M56: 9 | N56: 11 | O56: 9 | P56: 25 | Q56: 1 | R56: 16
A57: Hualien County | B57: 一般 | C57: General | D57: 52 | E57: 15 | F57: 37 | G57: 4 | H57: 2 | I57: 3 | J57: 4 | K57: 2 | L57: 8 | M57: 3 | N57: 7 | O57: 3 | P57: 11 | Q57: 0 | R57: 5
B58: 原住民 | C58: Indigenous | D58: 99 | E58: 53 | F58: 46 | G58: 13 | H58: 4 | I58: 16 | J58: 8 | K58: 11 | L58: 5 | M58: 6 | N58: 4 | O58: 6 | P58: 14 | Q58: 1 | R58: 11
A59: 澎湖縣 | B59: 計 | C59: Total | D59: 6 | E59: 2 | F59: 4 | G59: 0 | H59: 1 | I59: 1 | J59: 1 | K59: 1 | L59: 0 | M59: 0 | N59: 0 | O59: 0 | P59: 1 | Q59: 0 | R59: 1
A60: Penghu County | B60: 一般 | C60: General | D60: 6 | E60: 2 | F60: 4 | G60: 0 | H60: 1 | I60: 1 | J60: 1 | K60: 1 | L60: 0 | M60: 0 | N60: 0 | O60: 0 | P60: 1 | Q60: 0 | R60: 1
B61: 原住民 | C61: Indigenous | D61: 0 | E61: 0 | F61: 0 | G61: 0 | H61: 0 | I61: 0 | J61: 0 | K61: 0 | L61: 0 | M61: 0 | N61: 0 | O61: 0 | P61: 0 | Q61: 0 | R61: 0
A62: 基隆市 | B62: 計 | C62: Total | D62: 62 | E62: 25 | F62: 37 | G62: 2 | H62: 3 | I62: 4 | J62: 3 | K62: 8 | L62: 4 | M62: 4 | N62: 0 | O62: 2 | P62: 13 | Q62: 5 | R62: 14
A63: Keelung City | B63: 一般 | C63: General | D63: 57 | E63: 23 | F63: 34 | G63: 2 | H63: 3 | I63: 4 | J63: 3 | K63: 7 | L63: 4 | M63: 4 | N63: 0 | O63: 2 | P63: 12 | Q63: 4 | R63: 12
B64: 原住民 | C64: Indigenous | D64: 5 | E64: 2 | F64: 3 | G64: 0 | H64: 0 | I64: 0 | J64: 0 | K64: 1 | L64: 0 | M64: 0 | N64: 0 | O64: 0 | P64: 1 | Q64: 1 | R64: 2
A65: 新竹市 | B65: 計 | C65: Total | D65: 101 | E65: 40 | F65: 61 | G65: 4 | H65: 4 | I65: 2 | J65: 5 | K65: 5 | L65: 3 | M65: 10 | N65: 13 | O65: 13 | P65: 17 | Q65: 6 | R65: 19
A66: Hsinchu City | B66: 一般 | C66: General | D66: 91 | E66: 35 | F66: 56 | G66: 3 | H66: 4 | I66: 1 | J66: 4 | K66: 5 | L66: 2 | M66: 10 | N66: 12 | O66: 11 | P66: 16 | Q66: 5 | R66: 18
B67: 原住民 | C67: Indigenous | D67: 10 | E67: 5 | F67: 5 | G67: 1 | H67: 0 | I67: 1 | J67: 1 | K67: 0 | L67: 1 | M67: 0 | N67: 1 | O67: 2 | P67: 1 | Q67: 1 | R67: 1
A68: 嘉義市 | B68: 計 | C68: Total | D68: 55 | E68: 29 | F68: 26 | G68: 3 | H68: 6 | I68: 7 | J68: 8 | K68: 8 | L68: 1 | M68: 3 | N68: 0 | O68: 4 | P68: 8 | Q68: 4 | R68: 3
A69: Chiayi City | B69: 一般 | C69: General | D69: 55 | E69: 29 | F69: 26 | G69: 3 | H69: 6 | I69: 7 | J69: 8 | K69: 8 | L69: 1 | M69: 3 | N69: 0 | O69: 4 | P69: 8 | Q69: 4 | R69: 3
B70: 原住民 | C70: Indigenous | D70: 0 | E70: 0 | F70: 0 | G70: 0 | H70: 0 | I70: 0 | J70: 0 | K70: 0 | L70: 0 | M70: 0 | N70: 0 | O70: 0 | P70: 0 | Q70: 0 | R70: 0
A71: 金門縣 | B71: 計 | C71: Total | D71: 26 | E71: 11 | F71: 15 | G71: 3 | H71: 1 | I71: 1 | J71: 3 | K71: 2 | L71: 0 | M71: 3 | N71: 1 | O71: 2 | P71: 4 | Q71: 0 | R71: 6
A72: Kinmen County | B72: 一般 | C72: General | D72: 26 | E72: 11 | F72: 15 | G72: 3 | H72: 1 | I72: 1 | J72: 3 | K72: 2 | L72: 0 | M72: 3 | N72: 1 | O72: 2 | P72: 4 | Q72: 0 | R72: 6
B73: 原住民 | C73: Indigenous | D73: 0 | E73: 0 | F73: 0 | G73: 0 | H73: 0 | I73: 0 | J73: 0 | K73: 0 | L73: 0 | M73: 0 | N73: 0 | O73: 0 | P73: 0 | Q73: 0 | R73: 0
A74: 連江縣 | B74: 計 | C74: Total | D74: 7 | E74: 4 | F74: 3 | G74: 0 | H74: 0 | I74: 0 | J74: 0 | K74: 2 | L74: 0 | M74: 2 | N74: 0 | O74: 0 | P74: 3 | Q74: 0 | R74: 0
A75: Lienchiang County | B75: 一般 | C75: General | D75: 5 | E75: 4 | F75: 1 | G75: 0 | H75: 0 | I75: 0 | J75: 0 | K75: 2 | L75: 0 | M75: 2 | N75: 0 | O75: 0 | P75: 1 | Q75: 0 | R75: 0
B76: 原住民 | C76: Indigenous | D76: 2 | E76: 0 | F76: 2 | G76: 0 | H76: 0 | I76: 0 | J76: 0 | K76: 0 | L76: 0 | M76: 0 | N76: 0 | O76: 0 | P76: 2 | Q76: 0 | R76: 0
A77: 資料來源：各直轄市、縣市政府。
A78: Source: County and Government.
A80: 更新日期：2025/03/31

Sheet Jan.-June, 2024
A1: 兒童及少年保護-受虐人數 Number of Abused Child and Youth
A2: 單位：人 Unit : Persons
A3: 民國113年1-6月,Jan.-June, 2024 | D3: =IF(D8=SUM(D11,D14,D17,D20,D23,D26,D29,D32,D35,D38,D41,D44,D47,D50,D53,D56,D59,D62,D65,D68,D71,D74,),"","*") | E3: =IF(E8=SUM(E11,E14,E17,E20,E23,E26,E29,E32,E35,E38,E41,E44,E47,E50,E53,E56,E59,E62,E65,E68,E71,E74,),"","*") | F3: =IF(F8=SUM(F11,F14,F17,F20,F23,F26,F29,F32,F35,F38,F41,F44,F47,F50,F53,F56,F59,F62,F65,F68,F71,F74,),"","*") | G3: =IF(G8=SUM(G11,G14,G17,G20,G23,G26,G29,G32,G35,G38,G41,G44,G47,G50,G53,G56,G59,G62,G65,G68,G71,G74,),"","*") | H3: =IF(H8=SUM(H11,H14,H17,H20,H23,H26,H29,H32,H35,H38,H41,H44,H47,H50,H53,H56,H59,H62,H65,H68,H71,H74,),"","*") | I3: =IF(I8=SUM(I11,I14,I17,I20,I23,I26,I29,I32,I35,I38,I41,I44,I47,I50,I53,I56,I59,I62,I65,I68,I71,I74,),"","*") | J3: =IF(J8=SUM(J11,J14,J17,J20,J23,J26,J29,J32,J35,J38,J41,J44,J47,J50,J53,J56,J59,J62,J65,J68,J71,J74,),"","*") | K3: =IF(K8=SUM(K11,K14,K17,K20,K23,K26,K29,K32,K35,K38,K41,K44,K47,K50,K53,K56,K59,K62,K65,K68,K71,K74,),"","*") | ... R3: =IF(R8=SUM(R11,R14,R17,R20,R23,R26,R29,R32,R35,R38,R41,R44,R47,R50,R53,R56,R59,R62,R65,R68,R71,R74,),"","*")
A4: 區域及特殊族群別 Locality & Ethnos | D4: 受虐兒童少年人數按年齡分(人) By Age
D5: 合計 Total | G5: 0-未滿3歲 Under 3 Years | I5: 3-未滿6歲 3-Under 6 Years | K5: 6-未滿9歲 6-Under 9 Years | M5: 9-未滿12歲 9-Under 12 Years | O5: 12-未滿15歲 12-Under 15 Years | Q5: 15-未滿18歲 15-Under 18 Years
D6: 計 Total | E6: 男 Male | F6: 女 Female | G6: 男 Male | H6: 女 Female | I6: 男 Male | J6: 女 Female | K6: 男 Male | L6: 女 Female | M6: 男 Male | N6: 女 Female | O6: 男 Male | P6: 女 Female | Q6: 男 Male | R6: 女 Female
A8: 總計 | B8: 計 | C8: Total | D8: 5771 | E8: 2521 | F8: 3250 | G8: 257 | H8: 212 | I8: 418 | J8: 331 | K8: 636 | L8: 408 | M8: 600 | N8: 453 | O8: 409 | P8: 952 | Q8: 201 | R8: 894
A9: Total | B9: 一般 | C9: General | D9: 5255 | E9: 2289 | F9: 2966 | G9: 238 | H9: 194 | I9: 376 | J9: 310 | K9: 568 | L9: 382 | M9: 545 | N9: 412 | O9: 378 | P9: 843 | Q9: 184 | R9: 825
B10: 原住民 | C10: Indigenous | D10: 516 | E10: 232 | F10: 284 | G10: 19 | H10: 18 | I10: 42 | J10: 21 | K10: 68 | L10: 26 | M10: 55 | N10: 41 | O10: 31 | P10: 109 | Q10: 17 | R10: 69
A11: 新北市 | B11: 計 | C11: Total | D11: 1208 | E11: 511 | F11: 697 | G11: 38 | H11: 27 | I11: 57 | J11: 48 | K11: 141 | L11: 88 | M11: 139 | N11: 107 | O11: 100 | P11: 204 | Q11: 36 | R11: 223
A12: New Taipei City | B12: 一般 | C12: General | D12: 1132 | E12: 473 | F12: 659 | G12: 37 | H12: 26 | I12: 56 | J12: 46 | K12: 125 | L12: 83 | M12: 126 | N12: 102 | O12: 95 | P12: 187 | Q12: 34 | R12: 215
B13: 原住民 | C13: Indigenous | D13: 76 | E13: 38 | F13: 38 | G13: 1 | H13: 1 | I13: 1 | J13: 2 | K13: 16 | L13: 5 | M13: 13 | N13: 5 | O13: 5 | P13: 17 | Q13: 2 | R13: 8
A14: 臺北市 | B14: 計 | C14: Total | D14: 571 | E14: 252 | F14: 319 | G14: 18 | H14: 21 | I14: 37 | J14: 49 | K14: 52 | L14: 31 | M14: 70 | N14: 42 | O14: 50 | P14: 88 | Q14: 25 | R14: 88
A15: Taipei City | B15: 一般 | C15: General | D15: 551 | E15: 240 | F15: 311 | G15: 16 | H15: 20 | I15: 34 | J15: 46 | K15: 48 | L15: 31 | M15: 68 | N15: 41 | O15: 49 | P15: 88 | Q15: 25 | R15: 85
B16: 原住民 | C16: Indigenous | D16: 20 | E16: 12 | F16: 8 | G16: 2 | H16: 1 | I16: 3 | J16: 3 | K16: 4 | L16: 0 | M16: 2 | N16: 1 | O16: 1 | P16: 0 | Q16: 0 | R16: 3
A17: 桃園市 | B17: 計 | C17: Total | D17: 505 | E17: 232 | F17: 273 | G17: 25 | H17: 21 | I17: 46 | J17: 22 | K17: 72 | L17: 35 | M17: 49 | N17: 45 | O17: 27 | P17: 85 | Q17: 13 | R17: 65
A18: Taoyuan City | B18: 一般 | C18: General | D18: 445 | E18: 204 | F18: 241 | G18: 24 | H18: 19 | I18: 39 | J18: 21 | K18: 64 | L18: 32 | M18: 43 | N18: 40 | O18: 24 | P18: 70 | Q18: 10 | R18: 59
B19: 原住民 | C19: Indigenous | D19: 60 | E19: 28 | F19: 32 | G19: 1 | H19: 2 | I19: 7 | J19: 1 | K19: 8 | L19: 3 | M19: 6 | N19: 5 | O19: 3 | P19: 15 | Q19: 3 | R19: 6
A20: 臺中市 | B20: 計 | C20: Total | D20: 717 | E20: 339 | F20: 378 | G20: 34 | H20: 35 | I20: 56 | J20: 39 | K20: 78 | L20: 54 | M20: 90 | N20: 45 | O20: 49 | P20: 88 | Q20: 32 | R20: 117
A21: Taichung City | B21: 一般 | C21: General | D21: 675 | E21: 316 | F21: 359 | G21: 32 | H21: 34 | I21: 52 | J21: 38 | K21: 73 | L21: 53 | M21: 83 | N21: 40 | O21: 46 | P21: 84 | Q21: 30 | R21: 110
B22: 原住民 | C22: Indigenous | D22: 42 | E22: 23 | F22: 19 | G22: 2 | H22: 1 | I22: 4 | J22: 1 | K22: 5 | L22: 1 | M22: 7 | N22: 5 | O22: 3 | P22: 4 | Q22: 2 | R22: 7
A23: 臺南市 | B23: 計 | C23: Total | D23: 309 | E23: 143 | F23: 166 | G23: 20 | H23: 17 | I23: 34 | J23: 21 | K23: 28 | L23: 26 | M23: 26 | N23: 22 | O23: 29 | P23: 41 | Q23: 6 | R23: 39
A24: Tainan City | B24: 一般 | C24: General | D24: 300 | E24: 142 | F24: 158 | G24: 19 | H24: 17 | I24: 34 | J24: 19 | K24: 28 | L24: 26 | M24: 26 | N24: 20 | O24: 29 | P24: 39 | Q24: 6 | R24: 37
B25: 原住民 | C25: Indigenous | D25: 9 | E25: 1 | F25: 8 | G25: 1 | H25: 0 | I25: 0 | J25: 2 | K25: 0 | L25: 0 | M25: 0 | N25: 2 | O25: 0 | P25: 2 | Q25: 0 | R25: 2
A26: 高雄市 | B26: 計 | C26: Total | D26: 604 | E26: 283 | F26: 321 | G26: 28 | H26: 26 | I26: 41 | J26: 32 | K26: 84 | L26: 48 | M26: 65 | N26: 52 | O26: 44 | P26: 91 | Q26: 21 | R26: 72
A27: Kaohsiung City | B27: 一般 | C27: General | D27: 568 | E27: 265 | F27: 303 | G27: 26 | H27: 24 | I27: 37 | J27: 30 | K27: 76 | L27: 45 | M27: 62 | N27: 49 | O27: 44 | P27: 88 | Q27: 20 | R27: 67
B28: 原住民 | C28: Indigenous | D28: 36 | E28: 18 | F28: 18 | G28: 2 | H28: 2 | I28: 4 | J28: 2 | K28: 8 | L28: 3 | M28: 3 | N28: 3 | O28: 0 | P28: 3 | Q28: 1 | R28: 5
A29: 宜蘭縣 | B29: 計 | C29: Total | D29: 94 | E29: 31 | F29: 63 | G29: 1 | H29: 4 | I29: 3 | J29: 9 | K29: 9 | L29: 5 | M29: 10 | N29: 8 | O29: 4 | P29: 16 | Q29: 4 | R29: 21
A30: Yilan County | B30: 一般 | C30: General | D30: 84 | E30: 26 | F30: 58 | G30: 1 | H30: 4 | I30: 3 | J30: 9 | K30: 8 | L30: 5 | M30: 9 | N30: 7 | O30: 3 | P30: 13 | Q30: 2 | R30: 20
B31: 原住民 | C31: Indigenous | D31: 10 | E31: 5 | F31: 5 | G31: 0 | H31: 0 | I31: 0 | J31: 0 | K31: 1 | L31: 0 | M31: 1 | N31: 1 | O31: 1 | P31: 3 | Q31: 2 | R31: 1
A32: 新竹縣 | B32: 計 | C32: Total | D32: 204 | E32: 86 | F32: 118 | G32: 14 | H32: 8 | I32: 14 | J32: 14 | K32: 14 | L32: 12 | M32: 21 | N32: 15 | O32: 18 | P32: 48 | Q32: 5 | R32: 21
A33: Hsinchu County | B33: 一般 | C33: General | D33: 170 | E33: 67 | F33: 103 | G33: 13 | H33: 5 | I33: 12 | J33: 10 | K33: 10 | L33: 12 | M33: 16 | N33: 12 | O33: 12 | P33: 44 | Q33: 4 | R33: 20
B34: 原住民 | C34: Indigenous | D34: 34 | E34: 19 | F34: 15 | G34: 1 | H34: 3 | I34: 2 | J34: 4 | K34: 4 | L34: 0 | M34: 5 | N34: 3 | O34: 6 | P34: 4 | Q34: 1 | R34: 1
A35: 苗栗縣 | B35: 計 | C35: Total | D35: 73 | E35: 21 | F35: 52 | G35: 2 | H35: 2 | I35: 2 | J35: 5 | K35: 6 | L35: 15 | M35: 4 | N35: 5 | O35: 5 | P35: 12 | Q35: 2 | R35: 13
A36: Miaoli County | B36: 一般 | C36: General | D36: 65 | E36: 19 | F36: 46 | G36: 2 | H36: 2 | I36: 1 | J36: 5 | K36: 6 | L36: 14 | M36: 4 | N36: 5 | O36: 4 | P36: 10 | Q36: 2 | R36: 10
B37: 原住民 | C37: Indigenous | D37: 8 | E37: 2 | F37: 6 | G37: 0 | H37: 0 | I37: 1 | J37: 0 | K37: 0 | L37: 1 | M37: 0 | N37: 0 | O37: 1 | P37: 2 | Q37: 0 | R37: 3
A38: 彰化縣 | B38: 計 | C38: Total | D38: 284 | E38: 119 | F38: 165 | G38: 14 | H38: 12 | I38: 30 | J38: 15 | K38: 35 | L38: 19 | M38: 19 | N38: 19 | O38: 16 | P38: 43 | Q38: 5 | R38: 57
A39: Changhua County | B39: 一般 | C39: General | D39: 275 | E39: 113 | F39: 162 | G39: 12 | H39: 12 | I39: 30 | J39: 15 | K39: 33 | L39: 19 | M39: 17 | N39: 19 | O39: 16 | P39: 42 | Q39: 5 | R39: 55
B40: 原住民 | C40: Indigenous | D40: 9 | E40: 6 | F40: 3 | G40: 2 | H40: 0 | I40: 0 | J40: 0 | K40: 2 | L40: 0 | M40: 2 | N40: 0 | O40: 0 | P40: 1 | Q40: 0 | R40: 2
A41: 南投縣 | B41: 計 | C41: Total | D41: 114 | E41: 51 | F41: 63 | G41: 4 | H41: 3 | I41: 5 | J41: 6 | K41: 10 | L41: 3 | M41: 19 | N41: 14 | O41: 11 | P41: 20 | Q41: 2 | R41: 17
A42: Nantou County | B42: 一般 | C42: General | D42: 99 | E42: 46 | F42: 53 | G42: 4 | H42: 2 | I42: 4 | J42: 6 | K42: 9 | L42: 2 | M42: 17 | N42: 12 | O42: 10 | P42: 17 | Q42: 2 | R42: 14
B43: 原住民 | C43: Indigenous | D43: 15 | E43: 5 | F43: 10 | G43: 0 | H43: 1 | I43: 1 | J43: 0 | K43: 1 | L43: 1 | M43: 2 | N43: 2 | O43: 1 | P43: 3 | Q43: 0 | R43: 3
A44: 雲林縣 | B44: 計 | C44: Total | D44: 182 | E44: 70 | F44: 112 | G44: 14 | H44: 8 | I44: 14 | J44: 8 | K44: 12 | L44: 16 | M44: 10 | N44: 14 | O44: 10 | P44: 34 | Q44: 10 | R44: 32
A45: Yunlin County | B45: 一般 | C45: General | D45: 180 | E45: 70 | F45: 110 | G45: 14 | H45: 8 | I45: 14 | J45: 7 | K45: 12 | L45: 15 | M45: 10 | N45: 14 | O45: 10 | P45: 34 | Q45: 10 | R45: 32
B46: 原住民 | C46: Indigenous | D46: 2 | E46: 0 | F46: 2 | G46: 0 | H46: 0 | I46: 0 | J46: 1 | K46: 0 | L46: 1 | M46: 0 | N46: 0 | O46: 0 | P46: 0 | Q46: 0 | R46: 0
A47: 嘉義縣 | B47: 計 | C47: Total | D47: 126 | E47: 62 | F47: 64 | G47: 13 | H47: 6 | I47: 16 | J47: 11 | K47: 9 | L47: 9 | M47: 10 | N47: 7 | O47: 8 | P47: 19 | Q47: 6 | R47: 12
A48: Chiayi County | B48: 一般 | C48: General | D48: 121 | E48: 61 | F48: 60 | G48: 12 | H48: 6 | I48: 16 | J48: 11 | K48: 9 | L48: 9 | M48: 10 | N48: 5 | O48: 8 | P48: 18 | Q48: 6 | R48: 11
B49: 原住民 | C49: Indigenous | D49: 5 | E49: 1 | F49: 4 | G49: 1 | H49: 0 | I49: 0 | J49: 0 | K49: 0 | L49: 0 | M49: 0 | N49: 2 | O49: 0 | P49: 1 | Q49: 0 | R49: 1
A50: 屏東縣 | B50: 計 | C50: Total | D50: 210 | E50: 96 | F50: 114 | G50: 6 | H50: 7 | I50: 16 | J50: 11 | K50: 35 | L50: 11 | M50: 19 | N50: 19 | O50: 13 | P50: 43 | Q50: 7 | R50: 23
A51: Pingtung County | B51: 一般 | C51: General | D51: 171 | E51: 81 | F51: 90 | G51: 6 | H51: 5 | I51: 11 | J51: 11 | K51: 29 | L51: 8 | M51: 18 | N51: 17 | O51: 10 | P51: 29 | Q51: 7 | R51: 20
B52: 原住民 | C52: Indigenous | D52: 39 | E52: 15 | F52: 24 | G52: 0 | H52: 2 | I52: 5 | J52: 0 | K52: 6 | L52: 3 | M52: 1 | N52: 2 | O52: 3 | P52: 14 | Q52: 0 | R52: 3
A53: 臺東縣 | B53: 計 | C53: Total | D53: 65 | E53: 25 | F53: 40 | G53: 4 | H53: 2 | I53: 3 | J53: 1 | K53: 5 | L53: 5 | M53: 2 | N53: 4 | O53: 5 | P53: 15 | Q53: 6 | R53: 13
A54: Taitung County | B54: 一般 | C54: General | D54: 27 | E54: 10 | F54: 17 | G54: 2 | H54: 1 | I54: 0 | J54: 1 | K54: 3 | L54: 2 | M54: 1 | N54: 1 | O54: 1 | P54: 4 | Q54: 3 | R54: 8
B55: 原住民 | C55: Indigenous | D55: 38 | E55: 15 | F55: 23 | G55: 2 | H55: 1 | I55: 3 | J55: 0 | K55: 2 | L55: 3 | M55: 1 | N55: 3 | O55: 4 | P55: 11 | Q55: 3 | R55: 5
A56: 花蓮縣 | B56: 計 | C56: Total | D56: 175 | E56: 70 | F56: 105 | G56: 10 | H56: 5 | I56: 13 | J56: 10 | K56: 16 | L56: 9 | M56: 17 | N56: 14 | O56: 10 | P56: 40 | Q56: 4 | R56: 27
A57: Hualien County | B57: 一般 | C57: General | D57: 73 | E57: 27 | F57: 46 | G57: 6 | H57: 1 | I57: 3 | J57: 5 | K57: 5 | L57: 7 | M57: 5 | N57: 7 | O57: 7 | P57: 15 | Q57: 1 | R57: 11
B58: 原住民 | C58: Indigenous | D58: 102 | E58: 43 | F58: 59 | G58: 4 | H58: 4 | I58: 10 | J58: 5 | K58: 11 | L58: 2 | M58: 12 | N58: 7 | O58: 3 | P58: 25 | Q58: 3 | R58: 16
A59: 澎湖縣 | B59: 計 | C59: Total | D59: 25 | E59: 4 | F59: 21 | G59: 0 | H59: 0 | I59: 0 | J59: 1 | K59: 1 | L59: 1 | M59: 1 | N59: 5 | O59: 1 | P59: 4 | Q59: 1 | R59: 10
A60: Penghu County | B60: 一般 | C60: General | D60: 23 | E60: 4 | F60: 19 | G60: 0 | H60: 0 | I60: 0 | J60: 1 | K60: 1 | L60: 0 | M60: 1 | N60: 5 | O60: 1 | P60: 4 | Q60: 1 | R60: 9
B61: 原住民 | C61: Indigenous | D61: 2 | E61: 0 | F61: 2 | G61: 0 | H61: 0 | I61: 0 | J61: 0 | K61: 0 | L61: 1 | M61: 0 | N61: 0 | O61: 0 | P61: 0 | Q61: 0 | R61: 1
A62: 基隆市 | B62: 計 | C62: Total | D62: 87 | E62: 28 | F62: 59 | G62: 5 | H62: 3 | I62: 5 | J62: 4 | K62: 3 | L62: 4 | M62: 7 | N62: 2 | O62: 2 | P62: 26 | Q62: 6 | R62: 20
A63: Keelung City | B63: 一般 | C63: General | D63: 81 | E63: 27 | F63: 54 | G63: 5 | H63: 3 | I63: 4 | J63: 4 | K63: 3 | L63: 4 | M63: 7 | N63: 2 | O63: 2 | P63: 23 | Q63: 6 | R63: 18
B64: 原住民 | C64: Indigenous | D64: 6 | E64: 1 | F64: 5 | G64: 0 | H64: 0 | I64: 1 | J64: 0 | K64: 0 | L64: 0 | M64: 0 | N64: 0 | O64: 0 | P64: 3 | Q64: 0 | R64: 2
A65: 新竹市 | B65: 計 | C65: Total | D65: 118 | E65: 52 | F65: 66 | G65: 4 | H65: 4 | I65: 16 | J65: 11 | K65: 14 | L65: 10 | M65: 10 | N65: 7 | O65: 4 | P65: 15 | Q65: 4 | R65: 19
A66: Hsinchu City | B66: 一般 | C66: General | D66: 116 | E66: 52 | F66: 64 | G66: 4 | H66: 4 | I66: 16 | J66: 11 | K66: 14 | L66: 8 | M66: 10 | N66: 7 | O66: 4 | P66: 15 | Q66: 4 | R66: 19
B67: 原住民 | C67: Indigenous | D67: 2 | E67: 0 | F67: 2 | G67: 0 | H67: 0 | I67: 0 | J67: 0 | K67: 0 | L67: 2 | M67: 0 | N67: 0 | O67: 0 | P67: 0 | Q67: 0 | R67: 0
A68: 嘉義市 | B68: 計 | C68: Total | D68: 72 | E68: 31 | F68: 41 | G68: 2 | H68: 1 | I68: 9 | J68: 9 | K68: 8 | L68: 7 | M68: 7 | N68: 5 | O68: 2 | P68: 16 | Q68: 3 | R68: 3
A69: Chiayi City | B69: 一般 | C69: General | D69: 72 | E69: 31 | F69: 41 | G69: 2 | H69: 1 | I69: 9 | J69: 9 | K69: 8 | L69: 7 | M69: 7 | N69: 5 | O69: 2 | P69: 16 | Q69: 3 | R69: 3
B70: 原住民 | C70: Indigenous | D70: 0 | E70: 0 | F70: 0 | G70: 0 | H70: 0 | I70: 0 | J70: 0 | K70: 0 | L70: 0 | M70: 0 | N70: 0 | O70: 0 | P70: 0 | Q70: 0 | R70: 0
A71: 金門縣 | B71: 計 | C71: Total | D71: 20 | E71: 13 | F71: 7 | G71: 1 | H71: 0 | I71: 1 | J71: 5 | K71: 4 | L71: 0 | M71: 4 | N71: 0 | O71: 1 | P71: 0 | Q71: 2 | R71: 2
A72: Kinmen County | B72: 一般 | C72: General | D72: 20 | E72: 13 | F72: 7 | G72: 1 | H72: 0 | I72: 1 | J72: 5 | K72: 4 | L72: 0 | M72: 4 | N72: 0 | O72: 1 | P72: 0 | Q72: 2 | R72: 2
B73: 原住民 | C73: Indigenous | D73: 0 | E73: 0 | F73: 0 | G73: 0 | H73: 0 | I73: 0 | J73: 0 | K73: 0 | L73: 0 | M73: 0 | N73: 0 | O73: 0 | P73: 0 | Q73: 0 | R73: 0
A74: 連江縣 | B74: 計 | C74: Total | D74: 8 | E74: 2 | F74: 6 | G74: 0 | H74: 0 | I74: 0 | J74: 0 | K74: 0 | L74: 0 | M74: 1 | N74: 2 | O74: 0 | P74: 4 | Q74: 1 | R74: 0
A75: Lienchiang County | B75: 一般 | C75: General | D75: 7 | E75: 2 | F75: 5 | G75: 0 | H75: 0 | I75: 0 | J75: 0 | K75: 0 | L75: 0 | M75: 1 | N75: 2 | O75: 0 | P75: 3 | Q75: 1 | R75: 0
B76: 原住民 | C76: Indigenous | D76: 1 | E76: 0 | F76: 1 | G76: 0 | H76: 0 | I76: 0 | J76: 0 | K76: 0 | L76: 0 | M76: 0 | N76: 0 | O76: 0 | P76: 1 | Q76: 0 | R76: 0
A77: 資料來源：各直轄市、縣市政府。
A78: Source: County and Government.
A80: 更新日期：2024/09/30
A82: 總計 | B82: 計 | C82: Total | D82: 5648 | E82: 2454 | F82: 3194 | G82: 299 | H82: 228 | I82: 367 | J82: 300 | K82: 455 | L82: 322 | M82: 487 | N82: 371 | O82: 474 | P82: 991 | Q82: 372 | R82: 982
A83: Total | B83: 一般 | C83: General | D83: 5051 | E83: 2211 | F83: 2840 | G83: 272 | H83: 203 | I83: 320 | J83: 257 | K83: 409 | L83: 281 | M83: 429 | N83: 318 | O83: 430 | P83: 878 | Q83: 351 | R83: 903
B84: 原住民 | C84: Indigenous | D84: 597 | E84: 243 | F84: 354 | G84: 27 | H84: 25 | I84: 47 | J84: 43 | K84: 46 | L84: 41 | M84: 58 | N84: 53 | O84: 44 | P84: 113 | Q84: 21 | R84: 79
A85: 新北市 | B85: 計 | C85: Total | D85: 1050 | E85: 466 | F85: 584 | G85: 33 | H85: 22 | I85: 50 | J85: 28 | K85: 84 | L85: 59 | M85: 117 | N85: 68 | O85: 110 | P85: 231 | Q85: 72 | R85: 176
A86: New Taipei City | B86: 一般 | C86: General | D86: 980 | E86: 439 | F86: 541 | G86: 32 | H86: 20 | I86: 47 | J86: 25 | K86: 82 | L86: 50 | M86: 110 | N86: 63 | O86: 100 | P86: 215 | Q86: 68 | R86: 168
B87: 原住民 | C87: Indigenous | D87: 70 | E87: 27 | F87: 43 | G87: 1 | H87: 2 | I87: 3 | J87: 3 | K87: 2 | L87: 9 | M87: 7 | N87: 5 | O87: 10 | P87: 16 | Q87: 4 | R87: 8
A88: 臺北市 | B88: 計 | C88: Total | D88: 444 | E88: 191 | F88: 253 | G88: 9 | H88: 14 | I88: 26 | J88: 26 | K88: 45 | L88: 25 | M88: 36 | N88: 36 | O88: 48 | P88: 75 | Q88: 27 | R88: 77
A89: Taipei City | B89: 一般 | C89: General | D89: 434 | E89: 188 | F89: 246 | G89: 9 | H89: 13 | I89: 24 | J89: 25 | K89: 44 | L89: 25 | M89: 36 | N89: 35 | O89: 48 | P89: 72 | Q89: 27 | R89: 76
B90: 原住民 | C90: Indigenous | D90: 10 | E90: 3 | F90: 7 | G90: 0 | H90: 1 | I90: 2 | J90: 1 | K90: 1 | L90: 0 | M90: 0 | N90: 1 | O90: 0 | P90: 3 | Q90: 0 | R90: 1
A91: 桃園市 | B91: 計 | C91: Total | D91: 666 | E91: 282 | F91: 384 | G91: 47 | H91: 27 | I91: 44 | J91: 46 | K91: 55 | L91: 41 | M91: 49 | N91: 36 | O91: 49 | P91: 120 | Q91: 38 | R91: 114
A92: Taoyuan City | B92: 一般 | C92: General | D92: 546 | E92: 235 | F92: 311 | G92: 37 | H92: 23 | I92: 36 | J92: 33 | K92: 44 | L92: 35 | M92: 43 | N92: 26 | O92: 41 | P92: 98 | Q92: 34 | R92: 96
B93: 原住民 | C93: Indigenous | D93: 120 | E93: 47 | F93: 73 | G93: 10 | H93: 4 | I93: 8 | J93: 13 | K93: 11 | L93: 6 | M93: 6 | N93: 10 | O93: 8 | P93: 22 | Q93: 4 | R93: 18
A94: 臺中市 | B94: 計 | C94: Total | D94: 942 | E94: 445 | F94: 497 | G94: 78 | H94: 61 | I94: 102 | J94: 80 | K94: 86 | L94: 48 | M94: 74 | N94: 55 | O94: 53 | P94: 107 | Q94: 52 | R94: 146
A95: Taichung City | B95: 一般 | C95: General | D95: 900 | E95: 423 | F95: 477 | G95: 74 | H95: 60 | I95: 98 | J95: 72 | K95: 81 | L95: 48 | M95: 69 | N95: 51 | O95: 52 | P95: 104 | Q95: 49 | R95: 142
B96: 原住民 | C96: Indigenous | D96: 42 | E96: 22 | F96: 20 | G96: 4 | H96: 1 | I96: 4 | J96: 8 | K96: 5 | L96: 0 | M96: 5 | N96: 4 | O96: 1 | P96: 3 | Q96: 3 | R96: 4
A97: 臺南市 | B97: 計 | C97: Total | D97: 341 | E97: 173 | F97: 168 | G97: 19 | H97: 6 | I97: 27 | J97: 17 | K97: 32 | L97: 19 | M97: 40 | N97: 20 | O97: 28 | P97: 63 | Q97: 27 | R97: 43
A98: Tainan City | B98: 一般 | C98: General | D98: 330 | E98: 168 | F98: 162 | G98: 18 | H98: 6 | I98: 27 | J98: 15 | K98: 30 | L98: 18 | M98: 40 | N98: 19 | O98: 26 | P98: 62 | Q98: 27 | R98: 42
B99: 原住民 | C99: Indigenous | D99: 11 | E99: 5 | F99: 6 | G99: 1 | H99: 0 | I99: 0 | J99: 2 | K99: 2 | L99: 1 | M99: 0 | N99: 1 | O99: 2 | P99: 1 | Q99: 0 | R99: 1
A100: 高雄市 | B100: 計 | C100: Total | D100: 603 | E100: 258 | F100: 345 | G100: 35 | H100: 35 | I100: 31 | J100: 26 | K100: 45 | L100: 40 | M100: 49 | N100: 38 | O100: 54 | P100: 92 | Q100: 44 | R100: 114
A101: Kaohsiung City | B101: 一般 | C101: General | D101: 555 | E101: 238 | F101: 317 | G101: 30 | H101: 30 | I101: 25 | J101: 23 | K101: 41 | L101: 35 | M101: 49 | N101: 36 | O101: 50 | P101: 85 | Q101: 43 | R101: 108
B102: 原住民 | C102: Indigenous | D102: 48 | E102: 20 | F102: 28 | G102: 5 | H102: 5 | I102: 6 | J102: 3 | K102: 4 | L102: 5 | M102: 0 | N102: 2 | O102: 4 | P102: 7 | Q102: 1 | R102: 6
A103: 宜蘭縣 | B103: 計 | C103: Total | D103: 67 | E103: 21 | F103: 46 | G103: 5 | H103: 2 | I103: 3 | J103: 2 | K103: 4 | L103: 3 | M103: 0 | N103: 9 | O103: 4 | P103: 16 | Q103: 5 | R103: 14
...

Sheet 2023
A1: 兒童及少年保護-受虐人數 Number of Abused Child and Youth
A2: 單位：人 Unit : Persons
A3: 民國112年, 2023 | D3: =IF(D8=SUM(D11,D14,D17,D20,D23,D26,D29,D32,D35,D38,D41,D44,D47,D50,D53,D56,D59,D62,D65,D68,D71,D74,),"","*") | E3: =IF(E8=SUM(E11,E14,E17,E20,E23,E26,E29,E32,E35,E38,E41,E44,E47,E50,E53,E56,E59,E62,E65,E68,E71,E74,),"","*") | F3: =IF(F8=SUM(F11,F14,F17,F20,F23,F26,F29,F32,F35,F38,F41,F44,F47,F50,F53,F56,F59,F62,F65,F68,F71,F74,),"","*") | G3: =IF(G8=SUM(G11,G14,G17,G20,G23,G26,G29,G32,G35,G38,G41,G44,G47,G50,G53,G56,G59,G62,G65,G68,G71,G74,),"","*") | H3: =IF(H8=SUM(H11,H14,H17,H20,H23,H26,H29,H32,H35,H38,H41,H44,H47,H50,H53,H56,H59,H62,H65,H68,H71,H74,),"","*") | I3: =IF(I8=SUM(I11,I14,I17,I20,I23,I26,I29,I32,I35,I38,I41,I44,I47,I50,I53,I56,I59,I62,I65,I68,I71,I74,),"","*") | J3: =IF(J8=SUM(J11,J14,J17,J20,J23,J26,J29,J32,J35,J38,J41,J44,J47,J50,J53,J56,J59,J62,J65,J68,J71,J74,),"","*") | K3: =IF(K8=SUM(K11,K14,K17,K20,K23,K26,K29,K32,K35,K38,K41,K44,K47,K50,K53,K56,K59,K62,K65,K68,K71,K74,),"","*") | ... R3: =IF(R8=SUM(R11,R14,R17,R20,R23,R26,R29,R32,R35,R38,R41,R44,R47,R50,R53,R56,R59,R62,R65,R68,R71,R74,),"","*")
A4: 區域及特殊族群別 Locality & Ethnos | D4: 受虐兒童少年人數按年齡分(人) By Age
D5: 合計 Total | G5: 0-未滿3歲 Under 3 Years | I5: 3-未滿6歲 3-Under 6 Years | K5: 6-未滿9歲 6-Under 9 Years | M5: 9-未滿12歲 9-Under 12 Years | O5: 12-未滿15歲 12-Under 15 Years | Q5: 15-未滿18歲 15-Under 18 Years
D6: 計 Total | E6: 男 Male | F6: 女 Female | G6: 男 Male | H6: 女 Female | I6: 男 Male | J6: 女 Female | K6: 男 Male | L6: 女 Female | M6: 男 Male | N6: 女 Female | O6: 男 Male | P6: 女 Female | Q6: 男 Male | R6: 女 Female
A8: 總計 | B8: 計 | C8: Total | D8: 12646 | E8: 5649 | F8: 6997 | G8: 668 | H8: 534 | I8: 968 | J8: 698 | K8: 1178 | L8: 825 | M8: 1196 | N8: 944 | O8: 987 | P8: 2178 | Q8: 652 | R8: 1818
A9: Total | B9: 一般 | C9: General | D9: 11345 | E9: 5102 | F9: 6243 | G9: 591 | H9: 491 | I9: 866 | J9: 627 | K9: 1052 | L9: 734 | M9: 1087 | N9: 826 | O9: 901 | P9: 1906 | Q9: 605 | R9: 1659
B10: 原住民 | C10: Indigenous | D10: 1301 | E10: 547 | F10: 754 | G10: 77 | H10: 43 | I10: 102 | J10: 71 | K10: 126 | L10: 91 | M10: 109 | N10: 118 | O10: 86 | P10: 272 | Q10: 47 | R10: 159
A11: 新北市 | B11: 計 | C11: Total | D11: 1936 | E11: 821 | F11: 1115 | G11: 42 | H11: 37 | I11: 120 | J11: 92 | K11: 198 | L11: 110 | M11: 196 | N11: 179 | O11: 174 | P11: 364 | Q11: 91 | R11: 333
A12: New Taipei City | B12: 一般 | C12: General | D12: 1836 | E12: 784 | F12: 1052 | G12: 41 | H12: 37 | I12: 113 | J12: 89 | K12: 183 | L12: 107 | M12: 190 | N12: 169 | O12: 170 | P12: 330 | Q12: 87 | R12: 320
B13: 原住民 | C13: Indigenous | D13: 100 | E13: 37 | F13: 63 | G13: 1 | H13: 0 | I13: 7 | J13: 3 | K13: 15 | L13: 3 | M13: 6 | N13: 10 | O13: 4 | P13: 34 | Q13: 4 | R13: 13
A14: 臺北市 | B14: 計 | C14: Total | D14: 1068 | E14: 473 | F14: 595 | G14: 47 | H14: 47 | I14: 85 | J14: 75 | K14: 75 | L14: 51 | M14: 107 | N14: 63 | O14: 93 | P14: 198 | Q14: 66 | R14: 161
A15: Taipei City | B15: 一般 | C15: General | D15: 1032 | E15: 460 | F15: 572 | G15: 47 | H15: 46 | I15: 76 | J15: 74 | K15: 73 | L15: 50 | M15: 106 | N15: 63 | O15: 93 | P15: 184 | Q15: 65 | R15: 155
B16: 原住民 | C16: Indigenous | D16: 36 | E16: 13 | F16: 23 | G16: 0 | H16: 1 | I16: 9 | J16: 1 | K16: 2 | L16: 1 | M16: 1 | N16: 0 | O16: 0 | P16: 14 | Q16: 1 | R16: 6
A17: 桃園市 | B17: 計 | C17: Total | D17: 1521 | E17: 721 | F17: 800 | G17: 95 | H17: 53 | I17: 140 | J17: 84 | K17: 188 | L17: 131 | M17: 152 | N17: 97 | O17: 96 | P17: 256 | Q17: 50 | R17: 179
A18: Taoyuan City | B18: 一般 | C18: General | D18: 1265 | E18: 604 | F18: 661 | G18: 76 | H18: 47 | I18: 115 | J18: 67 | K18: 157 | L18: 99 | M18: 135 | N18: 75 | O18: 81 | P18: 219 | Q18: 40 | R18: 154
B19: 原住民 | C19: Indigenous | D19: 256 | E19: 117 | F19: 139 | G19: 19 | H19: 6 | I19: 25 | J19: 17 | K19: 31 | L19: 32 | M19: 17 | N19: 22 | O19: 15 | P19: 37 | Q19: 10 | R19: 25
A20: 臺中市 | B20: 計 | C20: Total | D20: 2074 | E20: 996 | F20: 1078 | G20: 132 | H20: 124 | I20: 203 | J20: 134 | K20: 197 | L20: 138 | M20: 208 | N20: 150 | O20: 146 | P20: 274 | Q20: 110 | R20: 258
A21: Taichung City | B21: 一般 | C21: General | D21: 1957 | E21: 940 | F21: 1017 | G21: 121 | H21: 118 | I21: 194 | J21: 127 | K21: 188 | L21: 136 | M21: 193 | N21: 140 | O21: 141 | P21: 248 | Q21: 103 | R21: 248
B22: 原住民 | C22: Indigenous | D22: 117 | E22: 56 | F22: 61 | G22: 11 | H22: 6 | I22: 9 | J22: 7 | K22: 9 | L22: 2 | M22: 15 | N22: 10 | O22: 5 | P22: 26 | Q22: 7 | R22: 10
A23: 臺南市 | B23: 計 | C23: Total | D23: 804 | E23: 351 | F23: 453 | G23: 53 | H23: 52 | I23: 61 | J23: 42 | K23: 58 | L23: 67 | M23: 81 | N23: 68 | O23: 66 | P23: 114 | Q23: 32 | R23: 110
A24: Tainan City | B24: 一般 | C24: General | D24: 777 | E24: 340 | F24: 437 | G24: 52 | H24: 51 | I24: 60 | J24: 40 | K24: 57 | L24: 66 | M24: 76 | N24: 65 | O24: 65 | P24: 107 | Q24: 30 | R24: 108
B25: 原住民 | C25: Indigenous | D25: 27 | E25: 11 | F25: 16 | G25: 1 | H25: 1 | I25: 1 | J25: 2 | K25: 1 | L25: 1 | M25: 5 | N25: 3 | O25: 1 | P25: 7 | Q25: 2 | R25: 2
A26: 高雄市 | B26: 計 | C26: Total | D26: 1489 | E26: 717 | F26: 772 | G26: 90 | H26: 66 | I26: 113 | J26: 73 | K26: 146 | L26: 90 | M26: 162 | N26: 106 | O26: 116 | P26: 246 | Q26: 90 | R26: 191
A27: Kaohsiung City | B27: 一般 | C27: General | D27: 1397 | E27: 678 | F27: 719 | G27: 89 | H27: 62 | I27: 106 | J27: 68 | K27: 138 | L27: 87 | M27: 147 | N27: 100 | O27: 111 | P27: 224 | Q27: 87 | R27: 178
B28: 原住民 | C28: Indigenous | D28: 92 | E28: 39 | F28: 53 | G28: 1 | H28: 4 | I28: 7 | J28: 5 | K28: 8 | L28: 3 | M28: 15 | N28: 6 | O28: 5 | P28: 22 | Q28: 3 | R28: 13
A29: 宜蘭縣 | B29: 計 | C29: Total | D29: 170 | E29: 63 | F29: 107 | G29: 7 | H29: 5 | I29: 10 | J29: 4 | K29: 9 | L29: 13 | M29: 14 | N29: 16 | O29: 10 | P29: 43 | Q29: 13 | R29: 26
A30: Yilan County | B30: 一般 | C30: General | D30: 158 | E30: 57 | F30: 101 | G30: 7 | H30: 5 | I30: 9 | J30: 4 | K30: 7 | L30: 11 | M30: 13 | N30: 15 | O30: 8 | P30: 42 | Q30: 13 | R30: 24
B31: 原住民 | C31: Indigenous | D31: 12 | E31: 6 | F31: 6 | G31: 0 | H31: 0 | I31: 1 | J31: 0 | K31: 2 | L31: 2 | M31: 1 | N31: 1 | O31: 2 | P31: 1 | Q31: 0 | R31: 2
A32: 新竹縣 | B32: 計 | C32: Total | D32: 307 | E32: 133 | F32: 174 | G32: 15 | H32: 20 | I32: 16 | J32: 15 | K32: 26 | L32: 25 | M32: 32 | N32: 28 | O32: 32 | P32: 48 | Q32: 12 | R32: 38
A33: Hsinchu County | B33: 一般 | C33: General | D33: 255 | E33: 117 | F33: 138 | G33: 14 | H33: 16 | I33: 15 | J33: 13 | K33: 24 | L33: 18 | M33: 27 | N33: 22 | O33: 25 | P33: 38 | Q33: 12 | R33: 31
B34: 原住民 | C34: Indigenous | D34: 52 | E34: 16 | F34: 36 | G34: 1 | H34: 4 | I34: 1 | J34: 2 | K34: 2 | L34: 7 | M34: 5 | N34: 6 | O34: 7 | P34: 10 | Q34: 0 | R34: 7
A35: 苗栗縣 | B35: 計 | C35: Total | D35: 160 | E35: 53 | F35: 107 | G35: 7 | H35: 6 | I35: 10 | J35: 1 | K35: 17 | L35: 9 | M35: 4 | N35: 13 | O35: 10 | P35: 43 | Q35: 5 | R35: 35
A36: Miaoli County | B36: 一般 | C36: General | D36: 142 | E36: 41 | F36: 101 | G36: 6 | H36: 6 | I36: 4 | J36: 1 | K36: 12 | L36: 9 | M36: 4 | N36: 12 | O36: 10 | P36: 39 | Q36: 5 | R36: 34
B37: 原住民 | C37: Indigenous | D37: 18 | E37: 12 | F37: 6 | G37: 1 | H37: 0 | I37: 6 | J37: 0 | K37: 5 | L37: 0 | M37: 0 | N37: 1 | O37: 0 | P37: 4 | Q37: 0 | R37: 1
A38: 彰化縣 | B38: 計 | C38: Total | D38: 577 | E38: 247 | F38: 330 | G38: 39 | H38: 20 | I38: 40 | J38: 28 | K38: 53 | L38: 43 | M38: 37 | N38: 29 | O38: 48 | P38: 110 | Q38: 30 | R38: 100
A39: Changhua County | B39: 一般 | C39: General | D39: 559 | E39: 239 | F39: 320 | G39: 39 | H39: 20 | I39: 40 | J39: 26 | K39: 53 | L39: 43 | M39: 37 | N39: 28 | O39: 41 | P39: 105 | Q39: 29 | R39: 98
B40: 原住民 | C40: Indigenous | D40: 18 | E40: 8 | F40: 10 | G40: 0 | H40: 0 | I40: 0 | J40: 2 | K40: 0 | L40: 0 | M40: 0 | N40: 1 | O40: 7 | P40: 5 | Q40: 1 | R40: 2
A41: 南投縣 | B41: 計 | C41: Total | D41: 299 | E41: 112 | F41: 187 | G41: 13 | H41: 18 | I41: 22 | J41: 27 | K41: 24 | L41: 19 | M41: 23 | N41: 25 | O41: 15 | P41: 53 | Q41: 15 | R41: 45
A42: Nantou County | B42: 一般 | C42: General | D42: 210 | E42: 80 | F42: 130 | G42: 7 | H42: 12 | I42: 15 | J42: 17 | K42: 12 | L42: 13 | M42: 19 | N42: 12 | O42: 12 | P42: 43 | Q42: 15 | R42: 33
B43: 原住民 | C43: Indigenous | D43: 89 | E43: 32 | F43: 57 | G43: 6 | H43: 6 | I43: 7 | J43: 10 | K43: 12 | L43: 6 | M43: 4 | N43: 13 | O43: 3 | P43: 10 | Q43: 0 | R43: 12
A44: 雲林縣 | B44: 計 | C44: Total | D44: 309 | E44: 123 | F44: 186 | G44: 14 | H44: 10 | I44: 31 | J44: 24 | K44: 18 | L44: 14 | M44: 19 | N44: 15 | O44: 25 | P44: 62 | Q44: 16 | R44: 61
A45: Yunlin County | B45: 一般 | C45: General | D45: 307 | E45: 122 | F45: 185 | G45: 14 | H45: 10 | I45: 31 | J45: 24 | K45: 17 | L45: 14 | M45: 19 | N45: 15 | O45: 25 | P45: 62 | Q45: 16 | R45: 60
B46: 原住民 | C46: Indigenous | D46: 2 | E46: 1 | F46: 1 | G46: 0 | H46: 0 | I46: 0 | J46: 0 | K46: 1 | L46: 0 | M46: 0 | N46: 0 | O46: 0 | P46: 0 | Q46: 0 | R46: 1
A47: 嘉義縣 | B47: 計 | C47: Total | D47: 248 | E47: 124 | F47: 124 | G47: 15 | H47: 7 | I47: 18 | J47: 11 | K47: 16 | L47: 9 | M47: 22 | N47: 24 | O47: 27 | P47: 41 | Q47: 26 | R47: 32
A48: Chiayi County | B48: 一般 | C48: General | D48: 232 | E48: 120 | F48: 112 | G48: 14 | H48: 7 | I48: 18 | J48: 9 | K48: 16 | L48: 9 | M48: 22 | N48: 23 | O48: 24 | P48: 34 | Q48: 26 | R48: 30
B49: 原住民 | C49: Indigenous | D49: 16 | E49: 4 | F49: 12 | G49: 1 | H49: 0 | I49: 0 | J49: 2 | K49: 0 | L49: 0 | M49: 0 | N49: 1 | O49: 3 | P49: 7 | Q49: 0 | R49: 2
A50: 屏東縣 | B50: 計 | C50: Total | D50: 482 | E50: 205 | F50: 277 | G50: 19 | H50: 23 | I50: 23 | J50: 40 | K50: 57 | L50: 29 | M50: 43 | N50: 39 | O50: 37 | P50: 89 | Q50: 26 | R50: 57
A51: Pingtung County | B51: 一般 | C51: General | D51: 409 | E51: 177 | F51: 232 | G51: 16 | H51: 23 | I51: 22 | J51: 33 | K51: 49 | L51: 25 | M51: 35 | N51: 33 | O51: 31 | P51: 72 | Q51: 24 | R51: 46
B52: 原住民 | C52: Indigenous | D52: 73 | E52: 28 | F52: 45 | G52: 3 | H52: 0 | I52: 1 | J52: 7 | K52: 8 | L52: 4 | M52: 8 | N52: 6 | O52: 6 | P52: 17 | Q52: 2 | R52: 11
A53: 臺東縣 | B53: 計 | C53: Total | D53: 193 | E53: 82 | F53: 111 | G53: 18 | H53: 9 | I53: 12 | J53: 6 | K53: 13 | L53: 9 | M53: 14 | N53: 24 | O53: 16 | P53: 39 | Q53: 9 | R53: 24
A54: Taitung County | B54: 一般 | C54: General | D54: 68 | E54: 33 | F54: 35 | G54: 8 | H54: 4 | I54: 4 | J54: 1 | K54: 7 | L54: 3 | M54: 4 | N54: 5 | O54: 8 | P54: 12 | Q54: 2 | R54: 10
B55: 原住民 | C55: Indigenous | D55: 125 | E55: 49 | F55: 76 | G55: 10 | H55: 5 | I55: 8 | J55: 5 | K55: 6 | L55: 6 | M55: 10 | N55: 19 | O55: 8 | P55: 27 | Q55: 7 | R55: 14
A56: 花蓮縣 | B56: 計 | C56: Total | D56: 309 | E56: 133 | F56: 176 | G56: 29 | H56: 10 | I56: 25 | J56: 10 | K56: 20 | L56: 28 | M56: 26 | N56: 19 | O56: 22 | P56: 55 | Q56: 11 | R56: 54
A57: Hualien County | B57: 一般 | C57: General | D57: 109 | E57: 44 | F57: 65 | G57: 13 | H57: 3 | I57: 8 | J57: 4 | K57: 4 | L57: 9 | M57: 10 | N57: 8 | O57: 5 | P57: 18 | Q57: 4 | R57: 23
B58: 原住民 | C58: Indigenous | D58: 200 | E58: 89 | F58: 111 | G58: 16 | H58: 7 | I58: 17 | J58: 6 | K58: 16 | L58: 19 | M58: 16 | N58: 11 | O58: 17 | P58: 37 | Q58: 7 | R58: 31
A59: 澎湖縣 | B59: 計 | C59: Total | D59: 25 | E59: 7 | F59: 18 | G59: 0 | H59: 1 | I59: 1 | J59: 0 | K59: 2 | L59: 1 | M59: 2 | N59: 3 | O59: 2 | P59: 6 | Q59: 0 | R59: 7
A60: Penghu County | B60: 一般 | C60: General | D60: 22 | E60: 6 | F60: 16 | G60: 0 | H60: 1 | I60: 1 | J60: 0 | K60: 2 | L60: 1 | M60: 2 | N60: 3 | O60: 1 | P60: 5 | Q60: 0 | R60: 6
B61: 原住民 | C61: Indigenous | D61: 3 | E61: 1 | F61: 2 | G61: 0 | H61: 0 | I61: 0 | J61: 0 | K61: 0 | L61: 0 | M61: 0 | N61: 0 | O61: 1 | P61: 1 | Q61: 0 | R61: 1
A62: 基隆市 | B62: 計 | C62: Total | D62: 267 | E62: 100 | F62: 167 | G62: 9 | H62: 7 | I62: 11 | J62: 13 | K62: 18 | L62: 9 | M62: 17 | N62: 21 | O62: 25 | P62: 72 | Q62: 20 | R62: 45
A63: Keelung City | B63: 一般 | C63: General | D63: 230 | E63: 88 | F63: 142 | G63: 8 | H63: 5 | I63: 10 | J63: 12 | K63: 14 | L63: 7 | M63: 16 | N63: 14 | O63: 23 | P63: 61 | Q63: 17 | R63: 43
B64: 原住民 | C64: Indigenous | D64: 37 | E64: 12 | F64: 25 | G64: 1 | H64: 2 | I64: 1 | J64: 1 | K64: 4 | L64: 2 | M64: 1 | N64: 7 | O64: 2 | P64: 11 | Q64: 3 | R64: 2
A65: 新竹市 | B65: 計 | C65: Total | D65: 233 | E65: 110 | F65: 123 | G65: 16 | H65: 10 | I65: 16 | J65: 12 | K65: 21 | L65: 17 | M65: 27 | N65: 17 | O65: 14 | P65: 29 | Q65: 16 | R65: 38
A66: Hsinchu City | B66: 一般 | C66: General | D66: 209 | E66: 97 | F66: 112 | G66: 11 | H66: 9 | I66: 16 | J66: 11 | K66: 17 | L66: 14 | M66: 23 | N66: 16 | O66: 14 | P66: 28 | Q66: 16 | R66: 34
B67: 原住民 | C67: Indigenous | D67: 24 | E67: 13 | F67: 11 | G67: 5 | H67: 1 | I67: 0 | J67: 1 | K67: 4 | L67: 3 | M67: 4 | N67: 1 | O67: 0 | P67: 1 | Q67: 0 | R67: 4
A68: 嘉義市 | B68: 計 | C68: Total | D68: 119 | E68: 56 | F68: 63 | G68: 6 | H68: 6 | I68: 9 | J68: 5 | K68: 14 | L68: 10 | M68: 7 | N68: 7 | O68: 9 | P68: 20 | Q68: 11 | R68: 15
A69: Chiayi City | B69: 一般 | C69: General | D69: 117 | E69: 54 | F69: 63 | G69: 6 | H69: 6 | I69: 7 | J69: 5 | K69: 14 | L69: 10 | M69: 7 | N69: 7 | O69: 9 | P69: 20 | Q69: 11 | R69: 15
B70: 原住民 | C70: Indigenous | D70: 2 | E70: 2 | F70: 0 | G70: 0 | H70: 0 | I70: 2 | J70: 0 | K70: 0 | L70: 0 | M70: 0 | N70: 0 | O70: 0 | P70: 0 | Q70: 0 | R70: 0
A71: 金門縣 | B71: 計 | C71: Total | D71: 50 | E71: 21 | F71: 29 | G71: 2 | H71: 3 | I71: 1 | J71: 2 | K71: 8 | L71: 3 | M71: 3 | N71: 1 | O71: 4 | P71: 12 | Q71: 3 | R71: 8
A72: Kinmen County | B72: 一般 | C72: General | D72: 48 | E72: 20 | F72: 28 | G72: 2 | H72: 3 | I72: 1 | J72: 2 | K72: 8 | L72: 3 | M72: 2 | N72: 1 | O72: 4 | P72: 11 | Q72: 3 | R72: 8
B73: 原住民 | C73: Indigenous | D73: 2 | E73: 1 | F73: 1 | G73: 0 | H73: 0 | I73: 0 | J73: 0 | K73: 0 | L73: 0 | M73: 1 | N73: 0 | O73: 0 | P73: 1 | Q73: 0 | R73: 0
A74: 連江縣 | B74: 計 | C74: Total | D74: 6 | E74: 1 | F74: 5 | G74: 0 | H74: 0 | I74: 1 | J74: 0 | K74: 0 | L74: 0 | M74: 0 | N74: 0 | O74: 0 | P74: 4 | Q74: 0 | R74: 1
A75: Lienchiang County | B75: 一般 | C75: General | D75: 6 | E75: 1 | F75: 5 | G75: 0 | H75: 0 | I75: 1 | J75: 0 | K75: 0 | L75: 0 | M75: 0 | N75: 0 | O75: 0 | P75: 4 | Q75: 0 | R75: 1
B76: 原住民 | C76: Indigenous | D76: 0 | E76: 0 | F76: 0 | G76: 0 | H76: 0 | I76: 0 | J76: 0 | K76: 0 | L76: 0 | M76: 0 | N76: 0 | O76: 0 | P76: 0 | Q76: 0 | R76: 0
A77: 資料來源：各直轄市、縣市政府。
A78: Source: County and Government.
A80: 更新日期：2024/04/01

Sheet 2022
A1: 兒童及少年保護-受虐人數 Number of Abused Child and Youth
A2: 單位：人 Unit : Persons
A3: 民國111年, 2022 | D3: =IF(D8=SUM(D11,D14,D17,D20,D23,D26,D29,D32,D35,D38,D41,D44,D47,D50,D53,D56,D59,D62,D65,D68,D71,D74,),"","*") | E3: =IF(E8=SUM(E11,E14,E17,E20,E23,E26,E29,E32,E35,E38,E41,E44,E47,E50,E53,E56,E59,E62,E65,E68,E71,E74,),"","*") | F3: =IF(F8=SUM(F11,F14,F17,F20,F23,F26,F29,F32,F35,F38,F41,F44,F47,F50,F53,F56,F59,F62,F65,F68,F71,F74,),"","*") | G3: =IF(G8=SUM(G11,G14,G17,G20,G23,G26,G29,G32,G35,G38,G41,G44,G47,G50,G53,G56,G59,G62,G65,G68,G71,G74,),"","*") | H3: =IF(H8=SUM(H11,H14,H17,H20,H23,H26,H29,H32,H35,H38,H41,H44,H47,H50,H53,H56,H59,H62,H65,H68,H71,H74,),"","*") | I3: =IF(I8=SUM(I11,I14,I17,I20,I23,I26,I29,I32,I35,I38,I41,I44,I47,I50,I53,I56,I59,I62,I65,I68,I71,I74,),"","*") | J3: =IF(J8=SUM(J11,J14,J17,J20,J23,J26,J29,J32,J35,J38,J41,J44,J47,J50,J53,J56,J59,J62,J65,J68,J71,J74,),"","*") | K3: =IF(K8=SUM(K11,K14,K17,K20,K23,K26,K29,K32,K35,K38,K41,K44,K47,K50,K53,K56,K59,K62,K65,K68,K71,K74,),"","*") | ... R3: =IF(R8=SUM(R11,R14,R17,R20,R23,R26,R29,R32,R35,R38,R41,R44,R47,R50,R53,R56,R59,R62,R65,R68,R71,R74,),"","*")
A4: 區域及特殊族群別 Locality & Ethnos | D4: 受虐兒童少年人數按年齡分(人) By Age
D5: 合計 Total | G5: 0-未滿3歲 Under 3 Years | I5: 3-未滿6歲 3-Under 6 Years | K5: 6-未滿9歲 6-Under 9 Years | M5: 9-未滿12歲 9-Under 12 Years | O5: 12-未滿15歲 12-Under 15 Years | Q5: 15-未滿18歲 15-Under 18 Years
D6: 計 Total | E6: 男 Male | F6: 女 Female | G6: 男 Male | H6: 女 Female | I6: 男 Male | J6: 女 Female | K6: 男 Male | L6: 女 Female | M6: 男 Male | N6: 女 Female | O6: 男 Male | P6: 女 Female | Q6: 男 Male | R6: 女 Female
A8: 總計 | B8: 計 | C8: Total | D8: 11950 | E8: 5281 | F8: 6669 | G8: 655 | H8: 497 | I8: 812 | J8: 695 | K8: 1025 | L8: 683 | M8: 1026 | N8: 783 | O8: 985 | P8: 2088 | Q8: 778 | R8: 1923
A9: Total | B9: 一般 | C9: General | D9: 10620 | E9: 4726 | F9: 5894 | G9: 583 | H9: 453 | I9: 717 | J9: 600 | K9: 926 | L9: 591 | M9: 901 | N9: 680 | O9: 871 | P9: 1815 | Q9: 728 | R9: 1755
B10: 原住民 | C10: Indigenous | D10: 1330 | E10: 555 | F10: 775 | G10: 72 | H10: 44 | I10: 95 | J10: 95 | K10: 99 | L10: 92 | M10: 125 | N10: 103 | O10: 114 | P10: 273 | Q10: 50 | R10: 168
A11: 新北市 | B11: 計 | C11: Total | D11: 2142 | E11: 894 | F11: 1248 | G11: 61 | H11: 47 | I11: 93 | J11: 81 | K11: 192 | L11: 125 | M11: 200 | N11: 145 | O11: 213 | P11: 483 | Q11: 135 | R11: 367
A12: New Taipei City | B12: 一般 | C12: General | D12: 2020 | E12: 853 | F12: 1167 | G12: 58 | H12: 45 | I12: 88 | J12: 74 | K12: 187 | L12: 113 | M12: 193 | N12: 133 | O12: 198 | P12: 453 | Q12: 129 | R12: 349
B13: 原住民 | C13: Indigenous | D13: 122 | E13: 41 | F13: 81 | G13: 3 | H13: 2 | I13: 5 | J13: 7 | K13: 5 | L13: 12 | M13: 7 | N13: 12 | O13: 15 | P13: 30 | Q13: 6 | R13: 18
A14: 臺北市 | B14: 計 | C14: Total | D14: 911 | E14: 391 | F14: 520 | G14: 27 | H14: 25 | I14: 51 | J14: 50 | K14: 92 | L14: 54 | M14: 80 | N14: 81 | O14: 97 | P14: 151 | Q14: 44 | R14: 159
A15: Taipei City | B15: 一般 | C15: General | D15: 893 | E15: 385 | F15: 508 | G15: 27 | H15: 24 | I15: 48 | J15: 48 | K15: 90 | L15: 54 | M15: 79 | N15: 80 | O15: 97 | P15: 146 | Q15: 44 | R15: 156
B16: 原住民 | C16: Indigenous | D16: 18 | E16: 6 | F16: 12 | G16: 0 | H16: 1 | I16: 3 | J16: 2 | K16: 2 | L16: 0 | M16: 1 | N16: 1 | O16: 0 | P16: 5 | Q16: 0 | R16: 3
A17: 桃園市 | B17: 計 | C17: Total | D17: 1395 | E17: 622 | F17: 773 | G17: 97 | H17: 52 | I17: 104 | J17: 114 | K17: 123 | L17: 82 | M17: 127 | N17: 82 | O17: 96 | P17: 232 | Q17: 75 | R17: 211
A18: Taoyuan City | B18: 一般 | C18: General | D18: 1144 | E18: 517 | F18: 627 | G18: 79 | H18: 46 | I18: 81 | J18: 82 | K18: 104 | L18: 64 | M18: 109 | N18: 63 | O18: 75 | P18: 190 | Q18: 69 | R18: 182
B19: 原住民 | C19: Indigenous | D19: 251 | E19: 105 | F19: 146 | G19: 18 | H19: 6 | I19: 23 | J19: 32 | K19: 19 | L19: 18 | M19: 18 | N19: 19 | O19: 21 | P19: 42 | Q19: 6 | R19: 29
A20: 臺中市 | B20: 計 | C20: Total | D20: 2023 | E20: 1018 | F20: 1005 | G20: 163 | H20: 130 | I20: 201 | J20: 161 | K20: 227 | L20: 106 | M20: 189 | N20: 108 | O20: 134 | P20: 229 | Q20: 104 | R20: 271
A21: Taichung City | B21: 一般 | C21: General | D21: 1915 | E21: 957 | F21: 958 | G21: 153 | H21: 128 | I21: 192 | J21: 149 | K21: 211 | L21: 104 | M21: 174 | N21: 101 | O21: 128 | P21: 216 | Q21: 99 | R21: 260
B22: 原住民 | C22: Indigenous | D22: 108 | E22: 61 | F22: 47 | G22: 10 | H22: 2 | I22: 9 | J22: 12 | K22: 16 | L22: 2 | M22: 15 | N22: 7 | O22: 6 | P22: 13 | Q22: 5 | R22: 11
A23: 臺南市 | B23: 計 | C23: Total | D23: 707 | E23: 329 | F23: 378 | G23: 36 | H23: 23 | I23: 51 | J23: 37 | K23: 54 | L23: 38 | M23: 71 | N23: 49 | O23: 60 | P23: 128 | Q23: 57 | R23: 103
A24: Tainan City | B24: 一般 | C24: General | D24: 687 | E24: 321 | F24: 366 | G24: 35 | H24: 23 | I24: 50 | J24: 34 | K24: 51 | L24: 37 | M24: 70 | N24: 47 | O24: 58 | P24: 125 | Q24: 57 | R24: 100
B25: 原住民 | C25: Indigenous | D25: 20 | E25: 8 | F25: 12 | G25: 1 | H25: 0 | I25: 1 | J25: 3 | K25: 3 | L25: 1 | M25: 1 | N25: 2 | O25: 2 | P25: 3 | Q25: 0 | R25: 3
A26: 高雄市 | B26: 計 | C26: Total | D26: 1278 | E26: 568 | F26: 710 | G26: 79 | H26: 73 | I26: 73 | J26: 64 | K26: 95 | L26: 76 | M26: 103 | N26: 91 | O26: 105 | P26: 191 | Q26: 113 | R26: 215
A27: Kaohsiung City | B27: 一般 | C27: General | D27: 1192 | E27: 534 | F27: 658 | G27: 73 | H27: 64 | I27: 65 | J27: 57 | K27: 88 | L27: 71 | M27: 100 | N27: 88 | O27: 96 | P27: 178 | Q27: 112 | R27: 200
B28: 原住民 | C28: Indigenous | D28: 86 | E28: 34 | F28: 52 | G28: 6 | H28: 9 | I28: 8 | J28: 7 | K28: 7 | L28: 5 | M28: 3 | N28: 3 | O28: 9 | P28: 13 | Q28: 1 | R28: 15
A29: 宜蘭縣 | B29: 計 | C29: Total | D29: 140 | E29: 49 | F29: 91 | G29: 6 | H29: 6 | I29: 4 | J29: 5 | K29: 11 | L29: 7 | M29: 3 | N29: 12 | O29: 16 | P29: 30 | Q29: 9 | R29: 31
A30: Yilan County | B30: 一般 | C30: General | D30: 111 | E30: 39 | F30: 72 | G30: 5 | H30: 6 | I30: 2 | J30: 5 | K30: 11 | L30: 5 | M30: 2 | N30: 11 | O30: 13 | P30: 23 | Q30: 6 | R30: 22
B31: 原住民 | C31: Indigenous | D31: 29 | E31: 10 | F31: 19 | G31: 1 | H31: 0 | I31: 2 | J31: 0 | K31: 0 | L31: 2 | M31: 1 | N31: 1 | O31: 3 | P31: 7 | Q31: 3 | R31: 9
A32: 新竹縣 | B32: 計 | C32: Total | D32: 284 | E32: 112 | F32: 172 | G32: 13 | H32: 14 | I32: 19 | J32: 16 | K32: 18 | L32: 25 | M32: 26 | N32: 14 | O32: 12 | P32: 68 | Q32: 24 | R32: 35
A33: Hsinchu County | B33: 一般 | C33: General | D33: 217 | E33: 83 | F33: 134 | G33: 11 | H33: 13 | I33: 14 | J33: 11 | K33: 9 | L33: 21 | M33: 21 | N33: 10 | O33: 8 | P33: 51 | Q33: 20 | R33: 28
B34: 原住民 | C34: Indigenous | D34: 67 | E34: 29 | F34: 38 | G34: 2 | H34: 1 | I34: 5 | J34: 5 | K34: 9 | L34: 4 | M34: 5 | N34: 4 | O34: 4 | P34: 17 | Q34: 4 | R34: 7
A35: 苗栗縣 | B35: 計 | C35: Total | D35: 141 | E35: 41 | F35: 100 | G35: 3 | H35: 6 | I35: 13 | J35: 5 | K35: 9 | L35: 10 | M35: 5 | N35: 11 | O35: 4 | P35: 30 | Q35: 7 | R35: 38
A36: Miaoli County | B36: 一般 | C36: General | D36: 127 | E36: 36 | F36: 91 | G36: 2 | H36: 4 | I36: 12 | J36: 5 | K36: 7 | L36: 10 | M36: 4 | N36: 11 | O36: 4 | P36: 24 | Q36: 7 | R36: 37
B37: 原住民 | C37: Indigenous | D37: 14 | E37: 5 | F37: 9 | G37: 1 | H37: 2 | I37: 1 | J37: 0 | K37: 2 | L37: 0 | M37: 1 | N37: 0 | O37: 0 | P37: 6 | Q37: 0 | R37: 1
A38: 彰化縣 | B38: 計 | C38: Total | D38: 467 | E38: 204 | F38: 263 | G38: 30 | H38: 22 | I38: 33 | J38: 23 | K38: 46 | L38: 27 | M38: 28 | N38: 40 | O38: 34 | P38: 65 | Q38: 33 | R38: 86
A39: Changhua County | B39: 一般 | C39: General | D39: 450 | E39: 198 | F39: 252 | G39: 29 | H39: 19 | I39: 31 | J39: 21 | K39: 46 | L39: 25 | M39: 26 | N39: 38 | O39: 34 | P39: 65 | Q39: 32 | R39: 84
B40: 原住民 | C40: Indigenous | D40: 17 | E40: 6 | F40: 11 | G40: 1 | H40: 3 | I40: 2 | J40: 2 | K40: 0 | L40: 2 | M40: 2 | N40: 2 | O40: 0 | P40: 0 | Q40: 1 | R40: 2
A41: 南投縣 | B41: 計 | C41: Total | D41: 273 | E41: 124 | F41: 149 | G41: 16 | H41: 6 | I41: 11 | J41: 12 | K41: 20 | L41: 18 | M41: 25 | N41: 15 | O41: 22 | P41: 62 | Q41: 30 | R41: 36
A42: Nantou County | B42: 一般 | C42: General | D42: 190 | E42: 81 | F42: 109 | G42: 15 | H42: 5 | I42: 4 | J42: 9 | K42: 15 | L42: 15 | M42: 9 | N42: 12 | O42: 13 | P42: 43 | Q42: 25 | R42: 25
B43: 原住民 | C43: Indigenous | D43: 83 | E43: 43 | F43: 40 | G43: 1 | H43: 1 | I43: 7 | J43: 3 | K43: 5 | L43: 3 | M43: 16 | N43: 3 | O43: 9 | P43: 19 | Q43: 5 | R43: 11
A44: 雲林縣 | B44: 計 | C44: Total | D44: 309 | E44: 133 | F44: 176 | G44: 16 | H44: 14 | I44: 24 | J44: 26 | K44: 17 | L44: 17 | M44: 13 | N44: 14 | O44: 39 | P44: 58 | Q44: 24 | R44: 47
A45: Yunlin County | B45: 一般 | C45: General | D45: 305 | E45: 129 | F45: 176 | G45: 16 | H45: 14 | I45: 23 | J45: 26 | K45: 17 | L45: 17 | M45: 13 | N45: 14 | O45: 36 | P45: 58 | Q45: 24 | R45: 47
B46: 原住民 | C46: Indigenous | D46: 4 | E46: 4 | F46: 0 | G46: 0 | H46: 0 | I46: 1 | J46: 0 | K46: 0 | L46: 0 | M46: 0 | N46: 0 | O46: 3 | P46: 0 | Q46: 0 | R46: 0
A47: 嘉義縣 | B47: 計 | C47: Total | D47: 204 | E47: 91 | F47: 113 | G47: 15 | H47: 3 | I47: 17 | J47: 13 | K47: 9 | L47: 7 | M47: 8 | N47: 16 | O47: 26 | P47: 34 | Q47: 16 | R47: 40
A48: Chiayi County | B48: 一般 | C48: General | D48: 200 | E48: 90 | F48: 110 | G48: 14 | H48: 3 | I48: 17 | J48: 12 | K48: 9 | L48: 7 | M48: 8 | N48: 16 | O48: 26 | P48: 33 | Q48: 16 | R48: 39
B49: 原住民 | C49: Indigenous | D49: 4 | E49: 1 | F49: 3 | G49: 1 | H49: 0 | I49: 0 | J49: 1 | K49: 0 | L49: 0 | M49: 0 | N49: 0 | O49: 0 | P49: 1 | Q49: 0 | R49: 1
A50: 屏東縣 | B50: 計 | C50: Total | D50: 445 | E50: 187 | F50: 258 | G50: 21 | H50: 10 | I50: 32 | J50: 31 | K50: 33 | L50: 25 | M50: 27 | N50: 26 | O50: 45 | P50: 82 | Q50: 29 | R50: 84
A51: Pingtung County | B51: 一般 | C51: General | D51: 385 | E51: 167 | F51: 218 | G51: 19 | H51: 9 | I51: 31 | J51: 26 | K51: 30 | L51: 21 | M51: 20 | N51: 20 | O51: 40 | P51: 72 | Q51: 27 | R51: 70
B52: 原住民 | C52: Indigenous | D52: 60 | E52: 20 | F52: 40 | G52: 2 | H52: 1 | I52: 1 | J52: 5 | K52: 3 | L52: 4 | M52: 7 | N52: 6 | O52: 5 | P52: 10 | Q52: 2 | R52: 14
A53: 臺東縣 | B53: 計 | C53: Total | D53: 278 | E53: 134 | F53: 144 | G53: 19 | H53: 8 | I53: 16 | J53: 9 | K53: 12 | L53: 28 | M53: 39 | N53: 27 | O53: 36 | P53: 45 | Q53: 12 | R53: 27
A54: Taitung County | B54: 一般 | C54: General | D54: 98 | E54: 54 | F54: 44 | G54: 3 | H54: 5 | I54: 11 | J54: 5 | K54: 4 | L54: 6 | M54: 23 | N54: 4 | O54: 7 | P54: 7 | Q54: 6 | R54: 17
B55: 原住民 | C55: Indigenous | D55: 180 | E55: 80 | F55: 100 | G55: 16 | H55: 3 | I55: 5 | J55: 4 | K55: 8 | L55: 22 | M55: 16 | N55: 23 | O55: 29 | P55: 38 | Q55: 6 | R55: 10
A56: 花蓮縣 | B56: 計 | C56: Total | D56: 306 | E56: 128 | F56: 178 | G56: 19 | H56: 14 | I56: 25 | J56: 11 | K56: 24 | L56: 21 | M56: 39 | N56: 19 | O56: 9 | P56: 80 | Q56: 12 | R56: 33
A57: Hualien County | B57: 一般 | C57: General | D57: 93 | E57: 37 | F57: 56 | G57: 10 | H57: 2 | I57: 5 | J57: 4 | K57: 5 | L57: 5 | M57: 11 | N57: 7 | O57: 3 | P57: 25 | Q57: 3 | R57: 13
B58: 原住民 | C58: Indigenous | D58: 213 | E58: 91 | F58: 122 | G58: 9 | H58: 12 | I58: 20 | J58: 7 | K58: 19 | L58: 16 | M58: 28 | N58: 12 | O58: 6 | P58: 55 | Q58: 9 | R58: 20
A59: 澎湖縣 | B59: 計 | C59: Total | D59: 31 | E59: 8 | F59: 23 | G59: 0 | H59: 3 | I59: 3 | J59: 1 | K59: 2 | L59: 0 | M59: 0 | N59: 6 | O59: 3 | P59: 5 | Q59: 0 | R59: 8
A60: Penghu County | B60: 一般 | C60: General | D60: 29 | E60: 8 | F60: 21 | G60: 0 | H60: 3 | I60: 3 | J60: 1 | K60: 2 | L60: 0 | M60: 0 | N60: 6 | O60: 3 | P60: 4 | Q60: 0 | R60: 7
B61: 原住民 | C61: Indigenous | D61: 2 | E61: 0 | F61: 2 | G61: 0 | H61: 0 | I61: 0 | J61: 0 | K61: 0 | L61: 0 | M61: 0 | N61: 0 | O61: 0 | P61: 1 | Q61: 0 | R61: 1
A62: 基隆市 | B62: 計 | C62: Total | D62: 230 | E62: 89 | F62: 141 | G62: 5 | H62: 15 | I62: 14 | J62: 9 | K62: 14 | L62: 4 | M62: 20 | N62: 7 | O62: 13 | P62: 50 | Q62: 23 | R62: 56
A63: Keelung City | B63: 一般 | C63: General | D63: 195 | E63: 79 | F63: 116 | G63: 5 | H63: 15 | I63: 12 | J63: 7 | K63: 13 | L63: 3 | M63: 17 | N63: 5 | O63: 11 | P63: 43 | Q63: 21 | R63: 43
B64: 原住民 | C64: Indigenous | D64: 35 | E64: 10 | F64: 25 | G64: 0 | H64: 0 | I64: 2 | J64: 2 | K64: 1 | L64: 1 | M64: 3 | N64: 2 | O64: 2 | P64: 7 | Q64: 2 | R64: 13
A65: 新竹市 | B65: 計 | C65: Total | D65: 190 | E65: 68 | F65: 122 | G65: 11 | H65: 15 | I65: 4 | J65: 9 | K65: 9 | L65: 5 | M65: 14 | N65: 14 | O65: 11 | P65: 29 | Q65: 19 | R65: 50
A66: Hsinchu City | B66: 一般 | C66: General | D66: 177 | E66: 67 | F66: 110 | G66: 11 | H66: 14 | I66: 4 | J66: 7 | K66: 9 | L66: 5 | M66: 13 | N66: 10 | O66: 11 | P66: 24 | Q66: 19 | R66: 50
B67: 原住民 | C67: Indigenous | D67: 13 | E67: 1 | F67: 12 | G67: 0 | H67: 1 | I67: 0 | J67: 2 | K67: 0 | L67: 0 | M67: 1 | N67: 4 | O67: 0 | P67: 5 | Q67: 0 | R67: 0
A68: 嘉義市 | B68: 計 | C68: Total | D68: 146 | E68: 74 | F68: 72 | G68: 17 | H68: 7 | I68: 21 | J68: 14 | K68: 16 | L68: 4 | M68: 7 | N68: 4 | O68: 6 | P68: 24 | Q68: 7 | R68: 19
A69: Chiayi City | B69: 一般 | C69: General | D69: 145 | E69: 74 | F69: 71 | G69: 17 | H69: 7 | I69: 21 | J69: 13 | K69: 16 | L69: 4 | M69: 7 | N69: 4 | O69: 6 | P69: 24 | Q69: 7 | R69: 19
B70: 原住民 | C70: Indigenous | D70: 1 | E70: 0 | F70: 1 | G70: 0 | H70: 0 | I70: 0 | J70: 1 | K70: 0 | L70: 0 | M70: 0 | N70: 0 | O70: 0 | P70: 0 | Q70: 0 | R70: 0
A71: 金門縣 | B71: 計 | C71: Total | D71: 41 | E71: 15 | F71: 26 | G71: 1 | H71: 4 | I71: 3 | J71: 3 | K71: 2 | L71: 4 | M71: 2 | N71: 0 | O71: 3 | P71: 10 | Q71: 4 | R71: 5
A72: Kinmen County | B72: 一般 | C72: General | D72: 41 | E72: 15 | F72: 26 | G72: 1 | H72: 4 | I72: 3 | J72: 3 | K72: 2 | L72: 4 | M72: 2 | N72: 0 | O72: 3 | P72: 10 | Q72: 4 | R72: 5
B73: 原住民 | C73: Indigenous | D73: 0 | E73: 0 | F73: 0 | G73: 0 | H73: 0 | I73: 0 | J73: 0 | K73: 0 | L73: 0 | M73: 0 | N73: 0 | O73: 0 | P73: 0 | Q73: 0 | R73: 0
A74: 連江縣 | B74: 計 | C74: Total | D74: 9 | E74: 2 | F74: 7 | G74: 0 | H74: 0 | I74: 0 | J74: 1 | K74: 0 | L74: 0 | M74: 0 | N74: 2 | O74: 1 | P74: 2 | Q74: 1 | R74: 2
A75: Lienchiang County | B75: 一般 | C75: General | D75: 6 | E75: 2 | F75: 4 | G75: 0 | H75: 0 | I75: 0 | J75: 1 | K75: 0 | L75: 0 | M75: 0 | N75: 0 | O75: 1 | P75: 1 | Q75: 1 | R75: 2
B76: 原住民 | C76: Indigenous | D76: 3 | E76: 0 | F76: 3 | G76: 0 | H76: 0 | I76: 0 | J76: 0 | K76: 0 | L76: 0 | M76: 0 | N76: 2 | O76: 0 | P76: 1 | Q76: 0 | R76: 0
A77: 資料來源：各直轄市、縣市政府。
A78: Source: County and Government.
A80: 更新日期：2023/3/31

Sheet 2021
A1: 兒童及少年保護-受虐人數 Number of Abused Child and Youth
A2: 單位：人 Unit : Persons
A3: 民國110年, 2021 | D3: =IF(D8=SUM(D11,D14,D17,D20,D23,D26,D29,D32,D35,D38,D41,D44,D47,D50,D53,D56,D59,D62,D65,D68,D71,D74,),"","*") | E3: =IF(E8=SUM(E11,E14,E17,E20,E23,E26,E29,E32,E35,E38,E41,E44,E47,E50,E53,E56,E59,E62,E65,E68,E71,E74,),"","*") | F3: =IF(F8=SUM(F11,F14,F17,F20,F23,F26,F29,F32,F35,F38,F41,F44,F47,F50,F53,F56,F59,F62,F65,F68,F71,F74,),"","*") | G3: =IF(G8=SUM(G11,G14,G17,G20,G23,G26,G29,G32,G35,G38,G41,G44,G47,G50,G53,G56,G59,G62,G65,G68,G71,G74,),"","*") | H3: =IF(H8=SUM(H11,H14,H17,H20,H23,H26,H29,H32,H35,H38,H41,H44,H47,H50,H53,H56,H59,H62,H65,H68,H71,H74,),"","*") | I3: =IF(I8=SUM(I11,I14,I17,I20,I23,I26,I29,I32,I35,I38,I41,I44,I47,I50,I53,I56,I59,I62,I65,I68,I71,I74,),"","*") | J3: =IF(J8=SUM(J11,J14,J17,J20,J23,J26,J29,J32,J35,J38,J41,J44,J47,J50,J53,J56,J59,J62,J65,J68,J71,J74,),"","*") | K3: =IF(K8=SUM(K11,K14,K17,K20,K23,K26,K29,K32,K35,K38,K41,K44,K47,K50,K53,K56,K59,K62,K65,K68,K71,K74,),"","*") | ... R3: =IF(R8=SUM(R11,R14,R17,R20,R23,R26,R29,R32,R35,R38,R41,R44,R47,R50,R53,R56,R59,R62,R65,R68,R71,R74,),"","*")
A4: 區域及特殊族群別 Locality & Ethnos | D4: 受虐兒童少年人數按年齡分(人) By Age
D5: 合計 Total | G5: 0-未滿3歲 Under 3 Years | I5: 3-未滿6歲 3-Under 6 Years | K5: 6-未滿9歲 6-Under 9 Years | M5: 9-未滿12歲 9-Under 12 Years | O5: 12-未滿15歲 12-Under 15 Years | Q5: 15-未滿18歲 15-Under 18 Years
D6: 計 Total | E6: 男 Male | F6: 女 Female | G6: 男 Male | H6: 女 Female | I6: 男 Male | J6: 女 Female | K6: 男 Male | L6: 女 Female | M6: 男 Male | N6: 女 Female | O6: 男 Male | P6: 女 Female | Q6: 男 Male | R6: 女 Female
A8: 總計 | B8: 計 | C8: Total | D8: 11523 | E8: 5108 | F8: 6415 | G8: 595 | H8: 482 | I8: 774 | J8: 615 | K8: 1022 | L8: 760 | M8: 937 | N8: 779 | O8: 953 | P8: 1920 | Q8: 827 | R8: 1859
A9: Total | B9: 一般 | C9: General | D9: 10227 | E9: 4555 | F9: 5672 | G9: 520 | H9: 405 | I9: 675 | J9: 536 | K9: 906 | L9: 668 | M9: 831 | N9: 682 | O9: 864 | P9: 1676 | Q9: 759 | R9: 1705
B10: 原住民 | C10: Indigenous | D10: 1296 | E10: 553 | F10: 743 | G10: 75 | H10: 77 | I10: 99 | J10: 79 | K10: 116 | L10: 92 | M10: 106 | N10: 97 | O10: 89 | P10: 244 | Q10: 68 | R10: 154
A11: 新北市 | B11: 計 | C11: Total | D11: 2018 | E11: 842 | F11: 1176 | G11: 76 | H11: 37 | I11: 78 | J11: 72 | K11: 202 | L11: 133 | M11: 182 | N11: 174 | O11: 171 | P11: 383 | Q11: 133 | R11: 377
A12: New Taipei City | B12: 一般 | C12: General | D12: 1903 | E12: 802 | F12: 1101 | G12: 72 | H12: 36 | I12: 70 | J12: 68 | K12: 190 | L12: 122 | M12: 175 | N12: 165 | O12: 164 | P12: 360 | Q12: 131 | R12: 350
B13: 原住民 | C13: Indigenous | D13: 115 | E13: 40 | F13: 75 | G13: 4 | H13: 1 | I13: 8 | J13: 4 | K13: 12 | L13: 11 | M13: 7 | N13: 9 | O13: 7 | P13: 23 | Q13: 2 | R13: 27
A14: 臺北市 | B14: 計 | C14: Total | D14: 984 | E14: 454 | F14: 530 | G14: 45 | H14: 35 | I14: 70 | J14: 51 | K14: 93 | L14: 55 | M14: 82 | N14: 62 | O14: 105 | P14: 152 | Q14: 59 | R14: 175
A15: Taipei City | B15: 一般 | C15: General | D15: 959 | E15: 444 | F15: 515 | G15: 44 | H15: 35 | I15: 67 | J15: 50 | K15: 92 | L15: 54 | M15: 81 | N15: 62 | O15: 103 | P15: 148 | Q15: 57 | R15: 166
B16: 原住民 | C16: Indigenous | D16: 25 | E16: 10 | F16: 15 | G16: 1 | H16: 0 | I16: 3 | J16: 1 | K16: 1 | L16: 1 | M16: 1 | N16: 0 | O16: 2 | P16: 4 | Q16: 2 | R16: 9
A17: 桃園市 | B17: 計 | C17: Total | D17: 1288 | E17: 561 | F17: 727 | G17: 64 | H17: 56 | I17: 84 | J17: 68 | K17: 128 | L17: 86 | M17: 107 | N17: 87 | O17: 93 | P17: 210 | Q17: 85 | R17: 220
A18: Taoyuan City | B18: 一般 | C18: General | D18: 1051 | E18: 462 | F18: 589 | G18: 56 | H18: 38 | I18: 73 | J18: 49 | K18: 104 | L18: 72 | M18: 84 | N18: 71 | O18: 76 | P18: 168 | Q18: 69 | R18: 191
B19: 原住民 | C19: Indigenous | D19: 237 | E19: 99 | F19: 138 | G19: 8 | H19: 18 | I19: 11 | J19: 19 | K19: 24 | L19: 14 | M19: 23 | N19: 16 | O19: 17 | P19: 42 | Q19: 16 | R19: 29
A20: 臺中市 | B20: 計 | C20: Total | D20: 1401 | E20: 662 | F20: 739 | G20: 84 | H20: 62 | I20: 138 | J20: 92 | K20: 113 | L20: 96 | M20: 140 | N20: 76 | O20: 101 | P20: 211 | Q20: 86 | R20: 202
A21: Taichung City | B21: 一般 | C21: General | D21: 1294 | E21: 617 | F21: 677 | G21: 79 | H21: 52 | I21: 120 | J21: 86 | K21: 109 | L21: 89 | M21: 131 | N21: 68 | O21: 95 | P21: 193 | Q21: 83 | R21: 189
B22: 原住民 | C22: Indigenous | D22: 107 | E22: 45 | F22: 62 | G22: 5 | H22: 10 | I22: 18 | J22: 6 | K22: 4 | L22: 7 | M22: 9 | N22: 8 | O22: 6 | P22: 18 | Q22: 3 | R22: 13
A23: 臺南市 | B23: 計 | C23: Total | D23: 753 | E23: 309 | F23: 444 | G23: 42 | H23: 29 | I23: 41 | J23: 44 | K23: 56 | L23: 62 | M23: 51 | N23: 44 | O23: 58 | P23: 142 | Q23: 61 | R23: 123
A24: Tainan City | B24: 一般 | C24: General | D24: 710 | E24: 290 | F24: 420 | G24: 37 | H24: 29 | I24: 38 | J24: 38 | K24: 55 | L24: 59 | M24: 48 | N24: 43 | O24: 56 | P24: 133 | Q24: 56 | R24: 118
B25: 原住民 | C25: Indigenous | D25: 43 | E25: 19 | F25: 24 | G25: 5 | H25: 0 | I25: 3 | J25: 6 | K25: 1 | L25: 3 | M25: 3 | N25: 1 | O25: 2 | P25: 9 | Q25: 5 | R25: 5
A26: 高雄市 | B26: 計 | C26: Total | D26: 1622 | E26: 805 | F26: 817 | G26: 109 | H26: 89 | I26: 137 | J26: 101 | K26: 148 | L26: 111 | M26: 127 | N26: 86 | O26: 151 | P26: 219 | Q26: 133 | R26: 211
A27: Kaohsiung City | B27: 一般 | C27: General | D27: 1517 | E27: 764 | F27: 753 | G27: 104 | H27: 79 | I27: 126 | J27: 96 | K27: 134 | L27: 96 | M27: 121 | N27: 83 | O27: 147 | P27: 198 | Q27: 132 | R27: 201
B28: 原住民 | C28: Indigenous | D28: 105 | E28: 41 | F28: 64 | G28: 5 | H28: 10 | I28: 11 | J28: 5 | K28: 14 | L28: 15 | M28: 6 | N28: 3 | O28: 4 | P28: 21 | Q28: 1 | R28: 10
A29: 宜蘭縣 | B29: 計 | C29: Total | D29: 163 | E29: 62 | F29: 101 | G29: 4 | H29: 2 | I29: 8 | J29: 7 | K29: 10 | L29: 3 | M29: 6 | N29: 11 | O29: 21 | P29: 44 | Q29: 13 | R29: 34
A30: Yilan County | B30: 一般 | C30: General | D30: 139 | E30: 49 | F30: 90 | G30: 4 | H30: 2 | I30: 6 | J30: 6 | K30: 8 | L30: 3 | M30: 4 | N30: 9 | O30: 14 | P30: 38 | Q30: 13 | R30: 32
B31: 原住民 | C31: Indigenous | D31: 24 | E31: 13 | F31: 11 | G31: 0 | H31: 0 | I31: 2 | J31: 1 | K31: 2 | L31: 0 | M31: 2 | N31: 2 | O31: 7 | P31: 6 | Q31: 0 | R31: 2
A32: 新竹縣 | B32: 計 | C32: Total | D32: 239 | E32: 103 | F32: 136 | G32: 17 | H32: 8 | I32: 16 | J32: 10 | K32: 15 | L32: 23 | M32: 16 | N32: 9 | O32: 26 | P32: 54 | Q32: 13 | R32: 32
A33: Hsinchu County | B33: 一般 | C33: General | D33: 193 | E33: 79 | F33: 114 | G33: 12 | H33: 8 | I33: 12 | J33: 9 | K33: 12 | L33: 19 | M33: 12 | N33: 8 | O33: 22 | P33: 40 | Q33: 9 | R33: 30
B34: 原住民 | C34: Indigenous | D34: 46 | E34: 24 | F34: 22 | G34: 5 | H34: 0 | I34: 4 | J34: 1 | K34: 3 | L34: 4 | M34: 4 | N34: 1 | O34: 4 | P34: 14 | Q34: 4 | R34: 2
A35: 苗栗縣 | B35: 計 | C35: Total | D35: 165 | E35: 53 | F35: 112 | G35: 8 | H35: 10 | I35: 9 | J35: 7 | K35: 9 | L35: 12 | M35: 5 | N35: 14 | O35: 9 | P35: 33 | Q35: 13 | R35: 36
A36: Miaoli County | B36: 一般 | C36: General | D36: 143 | E36: 45 | F36: 98 | G36: 7 | H36: 8 | I36: 7 | J36: 7 | K36: 6 | L36: 11 | M36: 3 | N36: 13 | O36: 9 | P36: 31 | Q36: 13 | R36: 28
B37: 原住民 | C37: Indigenous | D37: 22 | E37: 8 | F37: 14 | G37: 1 | H37: 2 | I37: 2 | J37: 0 | K37: 3 | L37: 1 | M37: 2 | N37: 1 | O37: 0 | P37: 2 | Q37: 0 | R37: 8
A38: 彰化縣 | B38: 計 | C38: Total | D38: 448 | E38: 194 | F38: 254 | G38: 27 | H38: 22 | I38: 45 | J38: 33 | K38: 44 | L38: 27 | M38: 35 | N38: 33 | O38: 16 | P38: 61 | Q38: 27 | R38: 78
A39: Changhua County | B39: 一般 | C39: General | D39: 444 | E39: 194 | F39: 250 | G39: 27 | H39: 22 | I39: 45 | J39: 33 | K39: 44 | L39: 25 | M39: 35 | N39: 33 | O39: 16 | P39: 59 | Q39: 27 | R39: 78
B40: 原住民 | C40: Indigenous | D40: 4 | E40: 0 | F40: 4 | G40: 0 | H40: 0 | I40: 0 | J40: 0 | K40: 0 | L40: 2 | M40: 0 | N40: 0 | O40: 0 | P40: 2 | Q40: 0 | R40: 0
A41: 南投縣 | B41: 計 | C41: Total | D41: 309 | E41: 139 | F41: 170 | G41: 13 | H41: 10 | I41: 11 | J41: 22 | K41: 36 | L41: 20 | M41: 32 | N41: 35 | O41: 16 | P41: 56 | Q41: 31 | R41: 27
A42: Nantou County | B42: 一般 | C42: General | D42: 233 | E42: 111 | F42: 122 | G42: 11 | H42: 9 | I42: 8 | J42: 18 | K42: 26 | L42: 14 | M42: 23 | N42: 24 | O42: 14 | P42: 36 | Q42: 29 | R42: 21
B43: 原住民 | C43: Indigenous | D43: 76 | E43: 28 | F43: 48 | G43: 2 | H43: 1 | I43: 3 | J43: 4 | K43: 10 | L43: 6 | M43: 9 | N43: 11 | O43: 2 | P43: 20 | Q43: 2 | R43: 6
A44: 雲林縣 | B44: 計 | C44: Total | D44: 295 | E44: 128 | F44: 167 | G44: 6 | H44: 13 | I44: 20 | J44: 15 | K44: 23 | L44: 17 | M44: 17 | N44: 22 | O44: 32 | P44: 49 | Q44: 30 | R44: 51
A45: Yunlin County | B45: 一般 | C45: General | D45: 287 | E45: 124 | F45: 163 | G45: 6 | H45: 13 | I45: 20 | J45: 15 | K45: 23 | L45: 16 | M45: 15 | N45: 21 | O45: 31 | P45: 49 | Q45: 29 | R45: 49
B46: 原住民 | C46: Indigenous | D46: 8 | E46: 4 | F46: 4 | G46: 0 | H46: 0 | I46: 0 | J46: 0 | K46: 0 | L46: 1 | M46: 2 | N46: 1 | O46: 1 | P46: 0 | Q46: 1 | R46: 2
A47: 嘉義縣 | B47: 計 | C47: Total | D47: 168 | E47: 54 | F47: 114 | G47: 7 | H47: 12 | I47: 14 | J47: 13 | K47: 3 | L47: 16 | M47: 11 | N47: 9 | O47: 5 | P47: 27 | Q47: 14 | R47: 37
A48: Chiayi County | B48: 一般 | C48: General | D48: 158 | E48: 53 | F48: 105 | G48: 7 | H48: 11 | I48: 13 | J48: 13 | K48: 3 | L48: 15 | M48: 11 | N48: 8 | O48: 5 | P48: 26 | Q48: 14 | R48: 32
B49: 原住民 | C49: Indigenous | D49: 10 | E49: 1 | F49: 9 | G49: 0 | H49: 1 | I49: 1 | J49: 0 | K49: 0 | L49: 1 | M49: 0 | N49: 1 | O49: 0 | P49: 1 | Q49: 0 | R49: 5
A50: 屏東縣 | B50: 計 | C50: Total | D50: 446 | E50: 203 | F50: 243 | G50: 18 | H50: 24 | I50: 31 | J50: 22 | K50: 40 | L50: 23 | M50: 19 | N50: 26 | O50: 41 | P50: 81 | Q50: 54 | R50: 67
A51: Pingtung County | B51: 一般 | C51: General | D51: 356 | E51: 159 | F51: 197 | G51: 11 | H51: 14 | I51: 23 | J51: 17 | K51: 32 | L51: 19 | M51: 15 | N51: 19 | O51: 29 | P51: 68 | Q51: 49 | R51: 60
B52: 原住民 | C52: Indigenous | D52: 90 | E52: 44 | F52: 46 | G52: 7 | H52: 10 | I52: 8 | J52: 5 | K52: 8 | L52: 4 | M52: 4 | N52: 7 | O52: 12 | P52: 13 | Q52: 5 | R52: 7
A53: 臺東縣 | B53: 計 | C53: Total | D53: 265 | E53: 119 | F53: 146 | G53: 17 | H53: 17 | I53: 13 | J53: 17 | K53: 17 | L53: 25 | M53: 21 | N53: 25 | O53: 28 | P53: 42 | Q53: 23 | R53: 20
A54: Taitung County | B54: 一般 | C54: General | D54: 113 | E54: 50 | F54: 63 | G54: 6 | H54: 8 | I54: 7 | J54: 6 | K54: 7 | L54: 11 | M54: 9 | N54: 8 | O54: 14 | P54: 18 | Q54: 7 | R54: 12
B55: 原住民 | C55: Indigenous | D55: 152 | E55: 69 | F55: 83 | G55: 11 | H55: 9 | I55: 6 | J55: 11 | K55: 10 | L55: 14 | M55: 12 | N55: 17 | O55: 14 | P55: 24 | Q55: 16 | R55: 8
A56: 花蓮縣 | B56: 計 | C56: Total | D56: 272 | E56: 132 | F56: 140 | G56: 30 | H56: 13 | I56: 24 | J56: 15 | K56: 26 | L56: 11 | M56: 30 | N56: 17 | O56: 10 | P56: 49 | Q56: 12 | R56: 35
A57: Hualien County | B57: 一般 | C57: General | D57: 98 | E57: 47 | F57: 51 | G57: 9 | H57: 3 | I57: 9 | J57: 3 | K57: 6 | L57: 4 | M57: 14 | N57: 6 | O57: 5 | P57: 16 | Q57: 4 | R57: 19
B58: 原住民 | C58: Indigenous | D58: 174 | E58: 85 | F58: 89 | G58: 21 | H58: 10 | I58: 15 | J58: 12 | K58: 20 | L58: 7 | M58: 16 | N58: 11 | O58: 5 | P58: 33 | Q58: 8 | R58: 16
A59: 澎湖縣 | B59: 計 | C59: Total | D59: 22 | E59: 2 | F59: 20 | G59: 0 | H59: 0 | I59: 0 | J59: 0 | K59: 2 | L59: 3 | M59: 0 | N59: 1 | O59: 0 | P59: 2 | Q59: 0 | R59: 14
A60: Penghu County | B60: 一般 | C60: General | D60: 21 | E60: 2 | F60: 19 | G60: 0 | H60: 0 | I60: 0 | J60: 0 | K60: 2 | L60: 3 | M60: 0 | N60: 1 | O60: 0 | P60: 2 | Q60: 0 | R60: 13
B61: 原住民 | C61: Indigenous | D61: 1 | E61: 0 | F61: 1 | G61: 0 | H61: 0 | I61: 0 | J61: 0 | K61: 0 | L61: 0 | M61: 0 | N61: 0 | O61: 0 | P61: 0 | Q61: 0 | R61: 1
A62: 基隆市 | B62: 計 | C62: Total | D62: 214 | E62: 91 | F62: 123 | G62: 6 | H62: 9 | I62: 11 | J62: 2 | K62: 10 | L62: 8 | M62: 16 | N62: 20 | O62: 28 | P62: 43 | Q62: 20 | R62: 41
A63: Keelung City | B63: 一般 | C63: General | D63: 192 | E63: 83 | F63: 109 | G63: 6 | H63: 8 | I63: 7 | J63: 2 | K63: 10 | L63: 8 | M63: 15 | N63: 17 | O63: 26 | P63: 35 | Q63: 19 | R63: 39
B64: 原住民 | C64: Indigenous | D64: 22 | E64: 8 | F64: 14 | G64: 0 | H64: 1 | I64: 4 | J64: 0 | K64: 0 | L64: 0 | M64: 1 | N64: 3 | O64: 2 | P64: 8 | Q64: 1 | R64: 2
A65: 新竹市 | B65: 計 | C65: Total | D65: 294 | E65: 129 | F65: 165 | G65: 19 | H65: 17 | I65: 16 | J65: 18 | K65: 30 | L65: 20 | M65: 24 | N65: 17 | O65: 28 | P65: 38 | Q65: 12 | R65: 55
A66: Hsinchu City | B66: 一般 | C66: General | D66: 265 | E66: 117 | F66: 148 | G66: 19 | H66: 13 | I66: 16 | J66: 14 | K66: 27 | L66: 20 | M66: 21 | N66: 14 | O66: 24 | P66: 34 | Q66: 10 | R66: 53
B67: 原住民 | C67: Indigenous | D67: 29 | E67: 12 | F67: 17 | G67: 0 | H67: 4 | I67: 0 | J67: 4 | K67: 3 | L67: 0 | M67: 3 | N67: 3 | O67: 4 | P67: 4 | Q67: 2 | R67: 2
A68: 嘉義市 | B68: 計 | C68: Total | D68: 117 | E68: 48 | F68: 69 | G68: 1 | H68: 11 | I68: 8 | J68: 6 | K68: 14 | L68: 6 | M68: 9 | N68: 11 | O68: 12 | P68: 17 | Q68: 4 | R68: 18
A69: Chiayi City | B69: 一般 | C69: General | D69: 113 | E69: 46 | F69: 67 | G69: 1 | H69: 11 | I69: 8 | J69: 6 | K69: 14 | L69: 6 | M69: 7 | N69: 9 | O69: 12 | P69: 17 | Q69: 4 | R69: 18
B70: 原住民 | C70: Indigenous | D70: 4 | E70: 2 | F70: 2 | G70: 0 | H70: 0 | I70: 0 | J70: 0 | K70: 0 | L70: 0 | M70: 2 | N70: 2 | O70: 0 | P70: 0 | Q70: 0 | R70: 0
A71: 金門縣 | B71: 計 | C71: Total | D71: 33 | E71: 14 | F71: 19 | G71: 2 | H71: 6 | I71: 0 | J71: 0 | K71: 1 | L71: 0 | M71: 5 | N71: 0 | O71: 2 | P71: 7 | Q71: 4 | R71: 6
A72: Kinmen County | B72: 一般 | C72: General | D72: 32 | E72: 13 | F72: 19 | G72: 2 | H72: 6 | I72: 0 | J72: 0 | K72: 0 | L72: 0 | M72: 5 | N72: 0 | O72: 2 | P72: 7 | Q72: 4 | R72: 6
B73: 原住民 | C73: Indigenous | D73: 1 | E73: 1 | F73: 0 | G73: 0 | H73: 0 | I73: 0 | J73: 0 | K73: 1 | L73: 0 | M73: 0 | N73: 0 | O73: 0 | P73: 0 | Q73: 0 | R73: 0
A74: 連江縣 | B74: 計 | C74: Total | D74: 7 | E74: 4 | F74: 3 | G74: 0 | H74: 0 | I74: 0 | J74: 0 | K74: 2 | L74: 3 | M74: 2 | N74: 0 | O74: 0 | P74: 0 | Q74: 0 | R74: 0
A75: Lienchiang County | B75: 一般 | C75: General | D75: 6 | E75: 4 | F75: 2 | G75: 0 | H75: 0 | I75: 0 | J75: 0 | K75: 2 | L75: 2 | M75: 2 | N75: 0 | O75: 0 | P75: 0 | Q75: 0 | R75: 0
B76: 原住民 | C76: Indigenous | D76: 1 | E76: 0 | F76: 1 | G76: 0 | H76: 0 | I76: 0 | J76: 0 | K76: 0 | L76: 1 | M76: 0 | N76: 0 | O76: 0 | P76: 0 | Q76: 0 | R76: 0
A77: 資料來源：各直轄市、縣市政府。
A78: Source: County and Government.
A80: 更新日期：2022/3/31

Sheet 2020
A1: 兒童及少年保護-受虐人數 Number of Abused Child and Youth
A2: 單位：人 Unit : Persons
A3: 民國109年, 2020
A4: 區域及特殊族群別 Locality & Ethnos | D4: 受虐兒童少年人數按年齡分(人) By Age
D5: 合計 Total | G5: 0-未滿3歲 Under 3 Years | I5: 3-未滿6歲 3-Under 6 Years | K5: 6-未滿9歲 6-Under 9 Years | M5: 9-未滿12歲 9-Under 12 Years | O5: 12-未滿15歲 12-Under 15 Years | Q5: 15-未滿18歲 15-Under 18 Years
D6: 計 Total | E6: 男 Male | F6: 女 Female | G6: 男 Male | H6: 女 Female | I6: 男 Male | J6: 女 Female | K6: 男 Male | L6: 女 Female | M6: 男 Male | N6: 女 Female | O6: 男 Male | P6: 女 Female | Q6: 男 Male | R6: 女 Female
A8: 總計 | B8: 計 | C8: Total | D8: 12610 | E8: 5475 | F8: 7135 | G8: 628 | H8: 518 | I8: 750 | J8: 685 | K8: 1064 | L8: 779 | M8: 973 | N8: 746 | O8: 1076 | P8: 2254 | Q8: 984 | R8: 2153
A9: Total | B9: 一般 | C9: General | D9: 11243 | E9: 4949 | F9: 6294 | G9: 574 | H9: 460 | I9: 661 | J9: 618 | K9: 949 | L9: 693 | M9: 876 | N9: 634 | O9: 973 | P9: 1940 | Q9: 916 | R9: 1949
B10: 原住民 | C10: Indigenous | D10: 1367 | E10: 526 | F10: 841 | G10: 54 | H10: 58 | I10: 89 | J10: 67 | K10: 115 | L10: 86 | M10: 97 | N10: 112 | O10: 103 | P10: 314 | Q10: 68 | R10: 204
A11: 新北市 | B11: 計 | C11: Total | D11: 2110 | E11: 864 | F11: 1246 | G11: 64 | H11: 58 | I11: 94 | J11: 90 | K11: 182 | L11: 136 | M11: 170 | N11: 157 | O11: 193 | P11: 423 | Q11: 161 | R11: 382
A12: New Taipei City | B12: 一般 | C12: General | D12: 2015 | E12: 831 | F12: 1184 | G12: 62 | H12: 57 | I12: 89 | J12: 90 | K12: 178 | L12: 134 | M12: 158 | N12: 151 | O12: 186 | P12: 394 | Q12: 158 | R12: 358
B13: 原住民 | C13: Indigenous | D13: 95 | E13: 33 | F13: 62 | G13: 2 | H13: 1 | I13: 5 | J13: 0 | K13: 4 | L13: 2 | M13: 12 | N13: 6 | O13: 7 | P13: 29 | Q13: 3 | R13: 24
A14: 臺北市 | B14: 計 | C14: Total | D14: 1020 | E14: 489 | F14: 531 | G14: 48 | H14: 39 | I14: 72 | J14: 50 | K14: 97 | L14: 64 | M14: 91 | N14: 38 | O14: 104 | P14: 175 | Q14: 77 | R14: 165
A15: Taipei City | B15: 一般 | C15: General | D15: 995 | E15: 476 | F15: 519 | G15: 47 | H15: 38 | I15: 71 | J15: 48 | K15: 91 | L15: 62 | M15: 88 | N15: 37 | O15: 102 | P15: 173 | Q15: 77 | R15: 161
B16: 原住民 | C16: Indigenous | D16: 25 | E16: 13 | F16: 12 | G16: 1 | H16: 1 | I16: 1 | J16: 2 | K16: 6 | L16: 2 | M16: 3 | N16: 1 | O16: 2 | P16: 2 | Q16: 0 | R16: 4
A17: 桃園市 | B17: 計 | C17: Total | D17: 1808 | E17: 845 | F17: 963 | G17: 84 | H17: 73 | I17: 97 | J17: 94 | K17: 202 | L17: 113 | M17: 167 | N17: 124 | O17: 135 | P17: 296 | Q17: 160 | R17: 263
A18: Taoyuan City | B18: 一般 | C18: General | D18: 1547 | E18: 704 | F18: 843 | G18: 75 | H18: 60 | I18: 72 | J18: 84 | K18: 162 | L18: 103 | M18: 143 | N18: 111 | O18: 109 | P18: 256 | Q18: 143 | R18: 229
B19: 原住民 | C19: Indigenous | D19: 261 | E19: 141 | F19: 120 | G19: 9 | H19: 13 | I19: 25 | J19: 10 | K19: 40 | L19: 10 | M19: 24 | N19: 13 | O19: 26 | P19: 40 | Q19: 17 | R19: 34
A20: 臺中市 | B20: 計 | C20: Total | D20: 1202 | E20: 512 | F20: 690 | G20: 92 | H20: 78 | I20: 95 | J20: 102 | K20: 107 | L20: 67 | M20: 68 | N20: 61 | O20: 89 | P20: 163 | Q20: 61 | R20: 219
A21: Taichung City | B21: 一般 | C21: General | D21: 1118 | E21: 483 | F21: 635 | G21: 88 | H21: 66 | I21: 89 | J21: 95 | K21: 101 | L21: 61 | M21: 62 | N21: 53 | O21: 83 | P21: 153 | Q21: 60 | R21: 207
B22: 原住民 | C22: Indigenous | D22: 84 | E22: 29 | F22: 55 | G22: 4 | H22: 12 | I22: 6 | J22: 7 | K22: 6 | L22: 6 | M22: 6 | N22: 8 | O22: 6 | P22: 10 | Q22: 1 | R22: 12
A23: 臺南市 | B23: 計 | C23: Total | D23: 818 | E23: 341 | F23: 477 | G23: 47 | H23: 41 | I23: 41 | J23: 47 | K23: 82 | L23: 67 | M23: 55 | N23: 63 | O23: 77 | P23: 141 | Q23: 39 | R23: 118
A24: Tainan City | B24: 一般 | C24: General | D24: 783 | E24: 328 | F24: 455 | G24: 46 | H24: 41 | I24: 39 | J24: 44 | K24: 77 | L24: 67 | M24: 52 | N24: 60 | O24: 75 | P24: 126 | Q24: 39 | R24: 117
B25: 原住民 | C25: Indigenous | D25: 35 | E25: 13 | F25: 22 | G25: 1 | H25: 0 | I25: 2 | J25: 3 | K25: 5 | L25: 0 | M25: 3 | N25: 3 | O25: 2 | P25: 15 | Q25: 0 | R25: 1
A26: 高雄市 | B26: 計 | C26: Total | D26: 1620 | E26: 792 | F26: 828 | G26: 104 | H26: 66 | I26: 114 | J26: 97 | K26: 145 | L26: 85 | M26: 134 | N26: 78 | O26: 136 | P26: 254 | Q26: 159 | R26: 248
A27: Kaohsiung City | B27: 一般 | C27: General | D27: 1524 | E27: 752 | F27: 772 | G27: 98 | H27: 60 | I27: 110 | J27: 94 | K27: 133 | L27: 80 | M27: 132 | N27: 69 | O27: 128 | P27: 234 | Q27: 151 | R27: 235
B28: 原住民 | C28: Indigenous | D28: 96 | E28: 40 | F28: 56 | G28: 6 | H28: 6 | I28: 4 | J28: 3 | K28: 12 | L28: 5 | M28: 2 | N28: 9 | O28: 8 | P28: 20 | Q28: 8 | R28: 13
A29: 宜蘭縣 | B29: 計 | C29: Total | D29: 161 | E29: 68 | F29: 93 | G29: 7 | H29: 3 | I29: 8 | J29: 9 | K29: 9 | L29: 4 | M29: 17 | N29: 10 | O29: 5 | P29: 33 | Q29: 22 | R29: 34
A30: Yilan County | B30: 一般 | C30: General | D30: 148 | E30: 65 | F30: 83 | G30: 7 | H30: 3 | I30: 8 | J30: 9 | K30: 7 | L30: 3 | M30: 17 | N30: 8 | O30: 5 | P30: 28 | Q30: 21 | R30: 32
B31: 原住民 | C31: Indigenous | D31: 13 | E31: 3 | F31: 10 | G31: 0 | H31: 0 | I31: 0 | J31: 0 | K31: 2 | L31: 1 | M31: 0 | N31: 2 | O31: 0 | P31: 5 | Q31: 1 | R31: 2
A32: 新竹縣 | B32: 計 | C32: Total | D32: 343 | E32: 153 | F32: 190 | G32: 8 | H32: 9 | I32: 13 | J32: 10 | K32: 46 | L32: 22 | M32: 26 | N32: 18 | O32: 41 | P32: 68 | Q32: 19 | R32: 63
A33: Hsinchu County | B33: 一般 | C33: General | D33: 296 | E33: 139 | F33: 157 | G33: 8 | H33: 7 | I33: 10 | J33: 8 | K33: 41 | L33: 20 | M33: 24 | N33: 14 | O33: 37 | P33: 53 | Q33: 19 | R33: 55
B34: 原住民 | C34: Indigenous | D34: 47 | E34: 14 | F34: 33 | G34: 0 | H34: 2 | I34: 3 | J34: 2 | K34: 5 | L34: 2 | M34: 2 | N34: 4 | O34: 4 | P34: 15 | Q34: 0 | R34: 8
A35: 苗栗縣 | B35: 計 | C35: Total | D35: 201 | E35: 53 | F35: 148 | G35: 8 | H35: 9 | I35: 5 | J35: 10 | K35: 4 | L35: 16 | M35: 9 | N35: 7 | O35: 13 | P35: 48 | Q35: 14 | R35: 58
A36: Miaoli County | B36: 一般 | C36: General | D36: 178 | E36: 46 | F36: 132 | G36: 6 | H36: 8 | I36: 3 | J36: 9 | K36: 3 | L36: 14 | M36: 9 | N36: 5 | O36: 11 | P36: 44 | Q36: 14 | R36: 52
B37: 原住民 | C37: Indigenous | D37: 23 | E37: 7 | F37: 16 | G37: 2 | H37: 1 | I37: 2 | J37: 1 | K37: 1 | L37: 2 | M37: 0 | N37: 2 | O37: 2 | P37: 4 | Q37: 0 | R37: 6
A38: 彰化縣 | B38: 計 | C38: Total | D38: 528 | E38: 208 | F38: 320 | G38: 32 | H38: 25 | I38: 22 | J38: 30 | K38: 36 | L38: 28 | M38: 33 | N38: 17 | O38: 40 | P38: 95 | Q38: 45 | R38: 125
A39: Changhua County | B39: 一般 | C39: General | D39: 508 | E39: 203 | F39: 305 | G39: 31 | H39: 23 | I39: 21 | J39: 27 | K39: 35 | L39: 28 | M39: 32 | N39: 17 | O39: 40 | P39: 93 | Q39: 44 | R39: 117
B40: 原住民 | C40: Indigenous | D40: 20 | E40: 5 | F40: 15 | G40: 1 | H40: 2 | I40: 1 | J40: 3 | K40: 1 | L40: 0 | M40: 1 | N40: 0 | O40: 0 | P40: 2 | Q40: 1 | R40: 8
A41: 南投縣 | B41: 計 | C41: Total | D41: 355 | E41: 147 | F41: 208 | G41: 17 | H41: 10 | I41: 19 | J41: 21 | K41: 25 | L41: 27 | M41: 25 | N41: 29 | O41: 24 | P41: 67 | Q41: 37 | R41: 54
A42: Nantou County | B42: 一般 | C42: General | D42: 297 | E42: 133 | F42: 164 | G42: 16 | H42: 9 | I42: 18 | J42: 20 | K42: 23 | L42: 23 | M42: 22 | N42: 18 | O42: 19 | P42: 50 | Q42: 35 | R42: 44
B43: 原住民 | C43: Indigenous | D43: 58 | E43: 14 | F43: 44 | G43: 1 | H43: 1 | I43: 1 | J43: 1 | K43: 2 | L43: 4 | M43: 3 | N43: 11 | O43: 5 | P43: 17 | Q43: 2 | R43: 10
A44: 雲林縣 | B44: 計 | C44: Total | D44: 294 | E44: 121 | F44: 173 | G44: 14 | H44: 18 | I44: 23 | J44: 16 | K44: 13 | L44: 13 | M44: 19 | N44: 31 | O44: 29 | P44: 46 | Q44: 23 | R44: 49
A45: Yunlin County | B45: 一般 | C45: General | D45: 288 | E45: 117 | F45: 171 | G45: 14 | H45: 18 | I45: 23 | J45: 16 | K45: 13 | L45: 12 | M45: 18 | N45: 31 | O45: 27 | P45: 46 | Q45: 22 | R45: 48
B46: 原住民 | C46: Indigenous | D46: 6 | E46: 4 | F46: 2 | G46: 0 | H46: 0 | I46: 0 | J46: 0 | K46: 0 | L46: 1 | M46: 1 | N46: 0 | O46: 2 | P46: 0 | Q46: 1 | R46: 1
A47: 嘉義縣 | B47: 計 | C47: Total | D47: 229 | E47: 90 | F47: 139 | G47: 10 | H47: 20 | I47: 23 | J47: 18 | K47: 5 | L47: 11 | M47: 14 | N47: 9 | O47: 12 | P47: 31 | Q47: 26 | R47: 50
A48: Chiayi County | B48: 一般 | C48: General | D48: 220 | E48: 84 | F48: 136 | G48: 9 | H48: 20 | I48: 23 | J48: 18 | K48: 5 | L48: 11 | M48: 14 | N48: 9 | O48: 10 | P48: 30 | Q48: 23 | R48: 48
B49: 原住民 | C49: Indigenous | D49: 9 | E49: 6 | F49: 3 | G49: 1 | H49: 0 | I49: 0 | J49: 0 | K49: 0 | L49: 0 | M49: 0 | N49: 0 | O49: 2 | P49: 1 | Q49: 3 | R49: 2
A50: 屏東縣 | B50: 計 | C50: Total | D50: 635 | E50: 292 | F50: 343 | G50: 29 | H50: 25 | I50: 46 | J50: 27 | K50: 43 | L50: 34 | M50: 63 | N50: 41 | O50: 62 | P50: 108 | Q50: 49 | R50: 108
A51: Pingtung County | B51: 一般 | C51: General | D51: 516 | E51: 253 | F51: 263 | G51: 25 | H51: 23 | I51: 36 | J51: 22 | K51: 40 | L51: 28 | M51: 51 | N51: 20 | O51: 56 | P51: 84 | Q51: 45 | R51: 86
B52: 原住民 | C52: Indigenous | D52: 119 | E52: 39 | F52: 80 | G52: 4 | H52: 2 | I52: 10 | J52: 5 | K52: 3 | L52: 6 | M52: 12 | N52: 21 | O52: 6 | P52: 24 | Q52: 4 | R52: 22
A53: 臺東縣 | B53: 計 | C53: Total | D53: 341 | E53: 129 | F53: 212 | G53: 13 | H53: 15 | I53: 22 | J53: 23 | K53: 11 | L53: 33 | M53: 28 | N53: 25 | O53: 27 | P53: 76 | Q53: 28 | R53: 40
A54: Taitung County | B54: 一般 | C54: General | D54: 111 | E54: 56 | F54: 55 | G54: 7 | H54: 5 | I54: 9 | J54: 5 | K54: 3 | L54: 5 | M54: 13 | N54: 6 | O54: 10 | P54: 17 | Q54: 14 | R54: 17
B55: 原住民 | C55: Indigenous | D55: 230 | E55: 73 | F55: 157 | G55: 6 | H55: 10 | I55: 13 | J55: 18 | K55: 8 | L55: 28 | M55: 15 | N55: 19 | O55: 17 | P55: 59 | Q55: 14 | R55: 23
A56: 花蓮縣 | B56: 計 | C56: Total | D56: 280 | E56: 114 | F56: 166 | G56: 17 | H56: 8 | I56: 24 | J56: 16 | K56: 20 | L56: 19 | M56: 15 | N56: 9 | O56: 21 | P56: 75 | Q56: 17 | R56: 39
A57: Hualien County | B57: 一般 | C57: General | D57: 91 | E57: 38 | F57: 53 | G57: 4 | H57: 2 | I57: 11 | J57: 7 | K57: 1 | L57: 6 | M57: 3 | N57: 1 | O57: 11 | P57: 26 | Q57: 8 | R57: 11
B58: 原住民 | C58: Indigenous | D58: 189 | E58: 76 | F58: 113 | G58: 13 | H58: 6 | I58: 13 | J58: 9 | K58: 19 | L58: 13 | M58: 12 | N58: 8 | O58: 10 | P58: 49 | Q58: 9 | R58: 28
A59: 澎湖縣 | B59: 計 | C59: Total | D59: 36 | E59: 9 | F59: 27 | G59: 0 | H59: 0 | I59: 3 | J59: 1 | K59: 3 | L59: 3 | M59: 2 | N59: 2 | O59: 0 | P59: 8 | Q59: 1 | R59: 13
A60: Penghu County | B60: 一般 | C60: General | D60: 36 | E60: 9 | F60: 27 | G60: 0 | H60: 0 | I60: 3 | J60: 1 | K60: 3 | L60: 3 | M60: 2 | N60: 2 | O60: 0 | P60: 8 | Q60: 1 | R60: 13
B61: 原住民 | C61: Indigenous | D61: 0 | E61: 0 | F61: 0 | G61: 0 | H61: 0 | I61: 0 | J61: 0 | K61: 0 | L61: 0 | M61: 0 | N61: 0 | O61: 0 | P61: 0 | Q61: 0 | R61: 0
A62: 基隆市 | B62: 計 | C62: Total | D62: 298 | E62: 117 | F62: 181 | G62: 15 | H62: 7 | I62: 13 | J62: 9 | K62: 10 | L62: 17 | M62: 20 | N62: 9 | O62: 39 | P62: 77 | Q62: 20 | R62: 62
A63: Keelung City | B63: 一般 | C63: General | D63: 266 | E63: 108 | F63: 158 | G63: 14 | H63: 6 | I63: 10 | J63: 8 | K63: 10 | L63: 16 | M63: 20 | N63: 7 | O63: 37 | P63: 63 | Q63: 17 | R63: 58
B64: 原住民 | C64: Indigenous | D64: 32 | E64: 9 | F64: 23 | G64: 1 | H64: 1 | I64: 3 | J64: 1 | K64: 0 | L64: 1 | M64: 0 | N64: 2 | O64: 2 | P64: 14 | Q64: 3 | R64: 4
A65: 新竹市 | B65: 計 | C65: Total | D65: 164 | E65: 46 | F65: 118 | G65: 11 | H65: 5 | I65: 4 | J65: 7 | K65: 8 | L65: 12 | M65: 5 | N65: 10 | O65: 12 | P65: 50 | Q65: 6 | R65: 34
A66: Hsinchu City | B66: 一般 | C66: General | D66: 144 | E66: 39 | F66: 105 | G66: 9 | H66: 5 | I66: 4 | J66: 6 | K66: 7 | L66: 10 | M66: 4 | N66: 8 | O66: 10 | P66: 44 | Q66: 5 | R66: 32
B67: 原住民 | C67: Indigenous | D67: 20 | E67: 7 | F67: 13 | G67: 2 | H67: 0 | I67: 0 | J67: 1 | K67: 1 | L67: 2 | M67: 1 | N67: 2 | O67: 2 | P67: 6 | Q67: 1 | R67: 2
A68: 嘉義市 | B68: 計 | C68: Total | D68: 116 | E68: 56 | F68: 60 | G68: 8 | H68: 6 | I68: 8 | J68: 7 | K68: 12 | L68: 6 | M68: 6 | N68: 7 | O68: 10 | P68: 17 | Q68: 12 | R68: 17
A69: Chiayi City | B69: 一般 | C69: General | D69: 113 | E69: 56 | F69: 57 | G69: 8 | H69: 6 | I69: 8 | J69: 7 | K69: 12 | L69: 5 | M69: 6 | N69: 6 | O69: 10 | P69: 16 | Q69: 12 | R69: 17
B70: 原住民 | C70: Indigenous | D70: 3 | E70: 0 | F70: 3 | G70: 0 | H70: 0 | I70: 0 | J70: 0 | K70: 0 | L70: 1 | M70: 0 | N70: 1 | O70: 0 | P70: 1 | Q70: 0 | R70: 0
A71: 金門縣 | B71: 計 | C71: Total | D71: 42 | E71: 23 | F71: 19 | G71: 0 | H71: 3 | I71: 4 | J71: 0 | K71: 3 | L71: 1 | M71: 5 | N71: 1 | O71: 5 | P71: 2 | Q71: 6 | R71: 12
A72: Kinmen County | B72: 一般 | C72: General | D72: 41 | E72: 23 | F72: 18 | G72: 0 | H72: 3 | I72: 4 | J72: 0 | K72: 3 | L72: 1 | M72: 5 | N72: 1 | O72: 5 | P72: 1 | Q72: 6 | R72: 12
B73: 原住民 | C73: Indigenous | D73: 1 | E73: 0 | F73: 1 | G73: 0 | H73: 0 | I73: 0 | J73: 0 | K73: 0 | L73: 0 | M73: 0 | N73: 0 | O73: 0 | P73: 1 | Q73: 0 | R73: 0
A74: 連江縣 | B74: 計 | C74: Total | D74: 9 | E74: 6 | F74: 3 | G74: 0 | H74: 0 | I74: 0 | J74: 1 | K74: 1 | L74: 1 | M74: 1 | N74: 0 | O74: 2 | P74: 1 | Q74: 2 | R74: 0
A75: Lienchiang County | B75: 一般 | C75: General | D75: 8 | E75: 6 | F75: 2 | G75: 0 | H75: 0 | I75: 0 | J75: 0 | K75: 1 | L75: 1 | M75: 1 | N75: 0 | O75: 2 | P75: 1 | Q75: 2 | R75: 0
B76: 原住民 | C76: Indigenous | D76: 1 | E76: 0 | F76: 1 | G76: 0 | H76: 0 | I76: 0 | J76: 1 | K76: 0 | L76: 0 | M76: 0 | N76: 0 | O76: 0 | P76: 0 | Q76: 0 | R76: 0
A77: 資料來源：各直轄市、縣市政府。
A78: Source: County and Government.
A80: 更新日期：2021/03/31

Sheet 2019
A1: 兒童及少年保護-受虐人數 Number of Abused Child and Youth
A2: 單位：人 Unit : Persons
A3: 108年, 2019
A4: 區域及特殊族群別 Locality & Ethnos | D4: 受虐兒童少年人數按年齡分(人) By Age
D5: 合計 Total | G5: 0-未滿3歲 Under 3 Years | I5: 3-未滿6歲 3-Under 6 Years | K5: 6-未滿9歲 6-Under 9 Years | M5: 9-未滿12歲 9-Under 12 Years | O5: 12-未滿15歲 12-Under 15 Years | Q5: 15-未滿18歲 15-Under 18 Years
D6: 計 Total | E6: 男 Male | F6: 女 Female | G6: 男 Male | H6: 女 Female | I6: 男 Male | J6: 女 Female | K6: 男 Male | L6: 女 Female | M6: 男 Male | N6: 女 Female | O6: 男 Male | P6: 女 Female | Q6: 男 Male | R6: 女 Female
A8: 總計 | B8: 計 | C8: Total | D8: 11113 | E8: 4832 | F8: 6281 | G8: 565 | H8: 449 | I8: 634 | J8: 596 | K8: 955 | L8: 667 | M8: 917 | N8: 676 | O8: 946 | P8: 2010 | Q8: 815 | R8: 1883
A9: Total | B9: 一般 | C9: General | D9: 9983 | E9: 4389 | F9: 5594 | G9: 512 | H9: 411 | I9: 557 | J9: 522 | K9: 849 | L9: 586 | M9: 853 | N9: 579 | O9: 871 | P9: 1751 | Q9: 747 | R9: 1745
B10: 原住民 | C10: Indigenous | D10: 1130 | E10: 443 | F10: 687 | G10: 53 | H10: 38 | I10: 77 | J10: 74 | K10: 106 | L10: 81 | M10: 64 | N10: 97 | O10: 75 | P10: 259 | Q10: 68 | R10: 138
A11: 新北市 | B11: 計 | C11: Total | D11: 1956 | E11: 850 | F11: 1106 | G11: 63 | H11: 51 | I11: 78 | J11: 81 | K11: 153 | L11: 119 | M11: 221 | N11: 120 | O11: 195 | P11: 403 | Q11: 140 | R11: 332
A12: New Taipei City | B12: 一般 | C12: General | D12: 1851 | E12: 802 | F12: 1049 | G12: 58 | H12: 51 | I12: 63 | J12: 77 | K12: 143 | L12: 110 | M12: 214 | N12: 107 | O12: 193 | P12: 387 | Q12: 131 | R12: 317
B13: 原住民 | C13: Indigenous | D13: 105 | E13: 48 | F13: 57 | G13: 5 | H13: 0 | I13: 15 | J13: 4 | K13: 10 | L13: 9 | M13: 7 | N13: 13 | O13: 2 | P13: 16 | Q13: 9 | R13: 15
A14: 臺北市 | B14: 計 | C14: Total | D14: 829 | E14: 380 | F14: 449 | G14: 40 | H14: 22 | I14: 46 | J14: 42 | K14: 86 | L14: 30 | M14: 75 | N14: 51 | O14: 69 | P14: 156 | Q14: 64 | R14: 148
A15: Taipei City | B15: 一般 | C15: General | D15: 807 | E15: 374 | F15: 433 | G15: 40 | H15: 22 | I15: 46 | J15: 42 | K15: 85 | L15: 30 | M15: 74 | N15: 48 | O15: 65 | P15: 147 | Q15: 64 | R15: 144
B16: 原住民 | C16: Indigenous | D16: 22 | E16: 6 | F16: 16 | G16: 0 | H16: 0 | I16: 0 | J16: 0 | K16: 1 | L16: 0 | M16: 1 | N16: 3 | O16: 4 | P16: 9 | Q16: 0 | R16: 4
A17: 桃園市 | B17: 計 | C17: Total | D17: 1592 | E17: 752 | F17: 840 | G17: 87 | H17: 55 | I17: 116 | J17: 89 | K17: 159 | L17: 92 | M17: 140 | N17: 73 | O17: 131 | P17: 268 | Q17: 119 | R17: 263
A18: Taoyuan City | B18: 一般 | C18: General | D18: 1361 | E18: 641 | F18: 720 | G18: 76 | H18: 47 | I18: 95 | J18: 71 | K18: 129 | L18: 80 | M18: 121 | N18: 63 | O18: 118 | P18: 215 | Q18: 102 | R18: 244
B19: 原住民 | C19: Indigenous | D19: 231 | E19: 111 | F19: 120 | G19: 11 | H19: 8 | I19: 21 | J19: 18 | K19: 30 | L19: 12 | M19: 19 | N19: 10 | O19: 13 | P19: 53 | Q19: 17 | R19: 19
A20: 臺中市 | B20: 計 | C20: Total | D20: 1185 | E20: 494 | F20: 691 | G20: 69 | H20: 68 | I20: 86 | J20: 86 | K20: 87 | L20: 81 | M20: 90 | N20: 63 | O20: 94 | P20: 165 | Q20: 68 | R20: 228
A21: Taichung City | B21: 一般 | C21: General | D21: 1109 | E21: 463 | F21: 646 | G21: 62 | H21: 63 | I21: 75 | J21: 81 | K21: 84 | L21: 75 | M21: 85 | N21: 57 | O21: 90 | P21: 154 | Q21: 67 | R21: 216
B22: 原住民 | C22: Indigenous | D22: 76 | E22: 31 | F22: 45 | G22: 7 | H22: 5 | I22: 11 | J22: 5 | K22: 3 | L22: 6 | M22: 5 | N22: 6 | O22: 4 | P22: 11 | Q22: 1 | R22: 12
A23: 臺南市 | B23: 計 | C23: Total | D23: 688 | E23: 274 | F23: 414 | G23: 37 | H23: 29 | I23: 36 | J23: 39 | K23: 67 | L23: 37 | M23: 56 | N23: 50 | O23: 56 | P23: 132 | Q23: 22 | R23: 127
A24: Tainan City | B24: 一般 | C24: General | D24: 672 | E24: 271 | F24: 401 | G24: 37 | H24: 29 | I24: 36 | J24: 36 | K24: 65 | L24: 37 | M24: 55 | N24: 48 | O24: 56 | P24: 128 | Q24: 22 | R24: 123
B25: 原住民 | C25: Indigenous | D25: 16 | E25: 3 | F25: 13 | G25: 0 | H25: 0 | I25: 0 | J25: 3 | K25: 2 | L25: 0 | M25: 1 | N25: 2 | O25: 0 | P25: 4 | Q25: 0 | R25: 4
A26: 高雄市 | B26: 計 | C26: Total | D26: 1566 | E26: 711 | F26: 855 | G26: 96 | H26: 90 | I26: 85 | J26: 101 | K26: 156 | L26: 99 | M26: 123 | N26: 111 | O26: 154 | P26: 246 | Q26: 97 | R26: 208
A27: Kaohsiung City | B27: 一般 | C27: General | D27: 1442 | E27: 671 | F27: 771 | G27: 92 | H27: 85 | I27: 82 | J27: 89 | K27: 138 | L27: 92 | M27: 119 | N27: 96 | O27: 146 | P27: 222 | Q27: 94 | R27: 187
B28: 原住民 | C28: Indigenous | D28: 124 | E28: 40 | F28: 84 | G28: 4 | H28: 5 | I28: 3 | J28: 12 | K28: 18 | L28: 7 | M28: 4 | N28: 15 | O28: 8 | P28: 24 | Q28: 3 | R28: 21
A29: 宜蘭縣 | B29: 計 | C29: Total | D29: 169 | E29: 63 | F29: 106 | G29: 8 | H29: 5 | I29: 8 | J29: 2 | K29: 9 | L29: 9 | M29: 4 | N29: 6 | O29: 13 | P29: 44 | Q29: 21 | R29: 40
A30: Yilan County | B30: 一般 | C30: General | D30: 150 | E30: 57 | F30: 93 | G30: 6 | H30: 3 | I30: 8 | J30: 2 | K30: 7 | L30: 9 | M30: 4 | N30: 5 | O30: 12 | P30: 38 | Q30: 20 | R30: 36
B31: 原住民 | C31: Indigenous | D31: 19 | E31: 6 | F31: 13 | G31: 2 | H31: 2 | I31: 0 | J31: 0 | K31: 2 | L31: 0 | M31: 0 | N31: 1 | O31: 1 | P31: 6 | Q31: 1 | R31: 4
A32: 新竹縣 | B32: 計 | C32: Total | D32: 334 | E32: 139 | F32: 195 | G32: 14 | H32: 13 | I32: 13 | J32: 14 | K32: 29 | L32: 25 | M32: 34 | N32: 32 | O32: 34 | P32: 69 | Q32: 15 | R32: 42
A33: Hsinchu County | B33: 一般 | C33: General | D33: 258 | E33: 114 | F33: 144 | G33: 10 | H33: 11 | I33: 10 | J33: 5 | K33: 24 | L33: 22 | M33: 30 | N33: 25 | O33: 26 | P33: 45 | Q33: 14 | R33: 36
B34: 原住民 | C34: Indigenous | D34: 76 | E34: 25 | F34: 51 | G34: 4 | H34: 2 | I34: 3 | J34: 9 | K34: 5 | L34: 3 | M34: 4 | N34: 7 | O34: 8 | P34: 24 | Q34: 1 | R34: 6
A35: 苗栗縣 | B35: 計 | C35: Total | D35: 180 | E35: 64 | F35: 116 | G35: 3 | H35: 6 | I35: 10 | J35: 6 | K35: 11 | L35: 6 | M35: 8 | N35: 9 | O35: 14 | P35: 49 | Q35: 18 | R35: 40
A36: Miaoli County | B36: 一般 | C36: General | D36: 160 | E36: 53 | F36: 107 | G36: 3 | H36: 5 | I36: 6 | J36: 6 | K36: 11 | L36: 5 | M36: 6 | N36: 7 | O36: 12 | P36: 45 | Q36: 15 | R36: 39
B37: 原住民 | C37: Indigenous | D37: 20 | E37: 11 | F37: 9 | G37: 0 | H37: 1 | I37: 4 | J37: 0 | K37: 0 | L37: 1 | M37: 2 | N37: 2 | O37: 2 | P37: 4 | Q37: 3 | R37: 1
A38: 彰化縣 | B38: 計 | C38: Total | D38: 431 | E38: 167 | F38: 264 | G38: 24 | H38: 18 | I38: 29 | J38: 21 | K38: 29 | L38: 30 | M38: 34 | N38: 25 | O38: 24 | P38: 81 | Q38: 27 | R38: 89
A39: Changhua County | B39: 一般 | C39: General | D39: 420 | E39: 164 | F39: 256 | G39: 24 | H39: 18 | I39: 29 | J39: 20 | K39: 28 | L39: 27 | M39: 34 | N39: 24 | O39: 23 | P39: 79 | Q39: 26 | R39: 88
B40: 原住民 | C40: Indigenous | D40: 11 | E40: 3 | F40: 8 | G40: 0 | H40: 0 | I40: 0 | J40: 1 | K40: 1 | L40: 3 | M40: 0 | N40: 1 | O40: 1 | P40: 2 | Q40: 1 | R40: 1
A41: 南投縣 | B41: 計 | C41: Total | D41: 268 | E41: 113 | F41: 155 | G41: 14 | H41: 12 | I41: 15 | J41: 15 | K41: 26 | L41: 21 | M41: 22 | N41: 18 | O41: 9 | P41: 46 | Q41: 27 | R41: 43
A42: Nantou County | B42: 一般 | C42: General | D42: 205 | E42: 96 | F42: 109 | G42: 9 | H42: 10 | I42: 15 | J42: 10 | K42: 23 | L42: 14 | M42: 16 | N42: 12 | O42: 9 | P42: 28 | Q42: 24 | R42: 35
B43: 原住民 | C43: Indigenous | D43: 63 | E43: 17 | F43: 46 | G43: 5 | H43: 2 | I43: 0 | J43: 5 | K43: 3 | L43: 7 | M43: 6 | N43: 6 | O43: 0 | P43: 18 | Q43: 3 | R43: 8
A44: 雲林縣 | B44: 計 | C44: Total | D44: 239 | E44: 102 | F44: 137 | G44: 15 | H44: 13 | I44: 14 | J44: 6 | K44: 12 | L44: 13 | M44: 11 | N44: 7 | O44: 16 | P44: 49 | Q44: 34 | R44: 49
A45: Yunlin County | B45: 一般 | C45: General | D45: 231 | E45: 101 | F45: 130 | G45: 15 | H45: 13 | I45: 14 | J45: 5 | K45: 12 | L45: 13 | M45: 11 | N45: 7 | O45: 16 | P45: 46 | Q45: 33 | R45: 46
B46: 原住民 | C46: Indigenous | D46: 8 | E46: 1 | F46: 7 | G46: 0 | H46: 0 | I46: 0 | J46: 1 | K46: 0 | L46: 0 | M46: 0 | N46: 0 | O46: 0 | P46: 3 | Q46: 1 | R46: 3
A47: 嘉義縣 | B47: 計 | C47: Total | D47: 149 | E47: 62 | F47: 87 | G47: 9 | H47: 9 | I47: 9 | J47: 9 | K47: 7 | L47: 5 | M47: 4 | N47: 8 | O47: 12 | P47: 32 | Q47: 21 | R47: 24
A48: Chiayi County | B48: 一般 | C48: General | D48: 145 | E48: 60 | F48: 85 | G48: 9 | H48: 8 | I48: 8 | J48: 9 | K48: 7 | L48: 5 | M48: 4 | N48: 8 | O48: 11 | P48: 32 | Q48: 21 | R48: 23
B49: 原住民 | C49: Indigenous | D49: 4 | E49: 2 | F49: 2 | G49: 0 | H49: 1 | I49: 1 | J49: 0 | K49: 0 | L49: 0 | M49: 0 | N49: 0 | O49: 1 | P49: 0 | Q49: 0 | R49: 1
A50: 屏東縣 | B50: 計 | C50: Total | D50: 573 | E50: 290 | F50: 283 | G50: 41 | H50: 21 | I50: 46 | J50: 35 | K50: 49 | L50: 31 | M50: 40 | N50: 37 | O50: 51 | P50: 76 | Q50: 63 | R50: 83
A51: Pingtung County | B51: 一般 | C51: General | D51: 488 | E51: 248 | F51: 240 | G51: 35 | H51: 19 | I51: 39 | J51: 34 | K51: 40 | L51: 22 | M51: 36 | N51: 30 | O51: 42 | P51: 59 | Q51: 56 | R51: 76
B52: 原住民 | C52: Indigenous | D52: 85 | E52: 42 | F52: 43 | G52: 6 | H52: 2 | I52: 7 | J52: 1 | K52: 9 | L52: 9 | M52: 4 | N52: 7 | O52: 9 | P52: 17 | Q52: 7 | R52: 7
A53: 臺東縣 | B53: 計 | C53: Total | D53: 179 | E53: 68 | F53: 111 | G53: 4 | H53: 9 | I53: 10 | J53: 7 | K53: 12 | L53: 14 | M53: 10 | N53: 21 | O53: 18 | P53: 37 | Q53: 14 | R53: 23
A54: Taitung County | B54: 一般 | C54: General | D54: 57 | E54: 19 | F54: 38 | G54: 3 | H54: 6 | I54: 1 | J54: 3 | K54: 4 | L54: 2 | M54: 3 | N54: 6 | O54: 5 | P54: 9 | Q54: 3 | R54: 12
B55: 原住民 | C55: Indigenous | D55: 122 | E55: 49 | F55: 73 | G55: 1 | H55: 3 | I55: 9 | J55: 4 | K55: 8 | L55: 12 | M55: 7 | N55: 15 | O55: 13 | P55: 28 | Q55: 11 | R55: 11
A56: 花蓮縣 | B56: 計 | C56: Total | D56: 184 | E56: 61 | F56: 123 | G56: 8 | H56: 5 | I56: 8 | J56: 14 | K56: 19 | L56: 15 | M56: 5 | N56: 14 | O56: 9 | P56: 51 | Q56: 12 | R56: 24
A57: Hualien County | B57: 一般 | C57: General | D57: 73 | E57: 26 | F57: 47 | G57: 2 | H57: 1 | I57: 5 | J57: 7 | K57: 7 | L57: 4 | M57: 2 | N57: 7 | O57: 6 | P57: 17 | Q57: 4 | R57: 11
B58: 原住民 | C58: Indigenous | D58: 111 | E58: 35 | F58: 76 | G58: 6 | H58: 4 | I58: 3 | J58: 7 | K58: 12 | L58: 11 | M58: 3 | N58: 7 | O58: 3 | P58: 34 | Q58: 8 | R58: 13
A59: 澎湖縣 | B59: 計 | C59: Total | D59: 31 | E59: 13 | F59: 18 | G59: 0 | H59: 0 | I59: 1 | J59: 1 | K59: 5 | L59: 6 | M59: 5 | N59: 2 | O59: 1 | P59: 3 | Q59: 1 | R59: 6
A60: Penghu County | B60: 一般 | C60: General | D60: 29 | E60: 12 | F60: 17 | G60: 0 | H60: 0 | I60: 1 | J60: 1 | K60: 4 | L60: 6 | M60: 5 | N60: 2 | O60: 1 | P60: 2 | Q60: 1 | R60: 6
B61: 原住民 | C61: Indigenous | D61: 2 | E61: 1 | F61: 1 | G61: 0 | H61: 0 | I61: 0 | J61: 0 | K61: 1 | L61: 0 | M61: 0 | N61: 0 | O61: 0 | P61: 1 | Q61: 0 | R61: 0
A62: 基隆市 | B62: 計 | C62: Total | D62: 202 | E62: 79 | F62: 123 | G62: 8 | H62: 6 | I62: 10 | J62: 7 | K62: 18 | L62: 12 | M62: 10 | N62: 11 | O62: 13 | P62: 47 | Q62: 20 | R62: 40
A63: Keelung City | B63: 一般 | C63: General | D63: 186 | E63: 72 | F63: 114 | G63: 7 | H63: 5 | I63: 10 | J63: 7 | K63: 18 | L63: 11 | M63: 9 | N63: 11 | O63: 10 | P63: 43 | Q63: 18 | R63: 37
B64: 原住民 | C64: Indigenous | D64: 16 | E64: 7 | F64: 9 | G64: 1 | H64: 1 | I64: 0 | J64: 0 | K64: 0 | L64: 1 | M64: 1 | N64: 0 | O64: 3 | P64: 4 | Q64: 2 | R64: 3
A65: 新竹市 | B65: 計 | C65: Total | D65: 200 | E65: 64 | F65: 136 | G65: 17 | H65: 12 | I65: 8 | J65: 14 | K65: 8 | L65: 12 | M65: 10 | N65: 17 | O65: 11 | P65: 33 | Q65: 10 | R65: 48
A66: Hsinchu City | B66: 一般 | C66: General | D66: 185 | E66: 60 | F66: 125 | G66: 16 | H66: 10 | I66: 8 | J66: 11 | K66: 7 | L66: 12 | M66: 10 | N66: 15 | O66: 9 | P66: 32 | Q66: 10 | R66: 45
B67: 原住民 | C67: Indigenous | D67: 15 | E67: 4 | F67: 11 | G67: 1 | H67: 2 | I67: 0 | J67: 3 | K67: 1 | L67: 0 | M67: 0 | N67: 2 | O67: 2 | P67: 1 | Q67: 0 | R67: 3
A68: 嘉義市 | B68: 計 | C68: Total | D68: 103 | E68: 52 | F68: 51 | G68: 7 | H68: 3 | I68: 4 | J68: 5 | K68: 10 | L68: 7 | M68: 11 | N68: 1 | O68: 9 | P68: 17 | Q68: 11 | R68: 18
A69: Chiayi City | B69: 一般 | C69: General | D69: 100 | E69: 52 | F69: 48 | G69: 7 | H69: 3 | I69: 4 | J69: 4 | K69: 10 | L69: 7 | M69: 11 | N69: 1 | O69: 9 | P69: 17 | Q69: 11 | R69: 16
B70: 原住民 | C70: Indigenous | D70: 3 | E70: 0 | F70: 3 | G70: 0 | H70: 0 | I70: 0 | J70: 1 | K70: 0 | L70: 0 | M70: 0 | N70: 0 | O70: 0 | P70: 0 | Q70: 0 | R70: 2
A71: 金門縣 | B71: 計 | C71: Total | D71: 52 | E71: 33 | F71: 19 | G71: 1 | H71: 2 | I71: 1 | J71: 2 | K71: 3 | L71: 1 | M71: 4 | N71: 0 | O71: 13 | P71: 6 | Q71: 11 | R71: 8
A72: Kinmen County | B72: 一般 | C72: General | D72: 51 | E72: 32 | F72: 19 | G72: 1 | H72: 2 | I72: 1 | J72: 2 | K72: 3 | L72: 1 | M72: 4 | N72: 0 | O72: 12 | P72: 6 | Q72: 11 | R72: 8
B73: 原住民 | C73: Indigenous | D73: 1 | E73: 1 | F73: 0 | G73: 0 | H73: 0 | I73: 0 | J73: 0 | K73: 0 | L73: 0 | M73: 0 | N73: 0 | O73: 1 | P73: 0 | Q73: 0 | R73: 0
A74: 連江縣 | B74: 計 | C74: Total | D74: 3 | E74: 1 | F74: 2 | G74: 0 | H74: 0 | I74: 1 | J74: 0 | K74: 0 | L74: 2 | M74: 0 | N74: 0 | O74: 0 | P74: 0 | Q74: 0 | R74: 0
A75: Lienchiang County | B75: 一般 | C75: General | D75: 3 | E75: 1 | F75: 2 | G75: 0 | H75: 0 | I75: 1 | J75: 0 | K75: 0 | L75: 2 | M75: 0 | N75: 0 | O75: 0 | P75: 0 | Q75: 0 | R75: 0
B76: 原住民 | C76: Indigenous | D76: 0 | E76: 0 | F76: 0 | G76: 0 | H76: 0 | I76: 0 | J76: 0 | K76: 0 | L76: 0 | M76: 0 | N76: 0 | O76: 0 | P76: 0 | Q76: 0 | R76: 0
A77: 資料來源：各直轄市、縣市政府。
A78: Source: County and Government.
A79: 更新日期：2020/3/31

Sheet 2018
A1: 家內兒童及少年保護案件-受虐人數 Intra-family Child and Youth Protection Cases - Number of Abused
A2: 單位：人 Unit : Persons
A3: 107年, 2018
A4: 區域及特殊族群別 Locality & Ethnos | D4: 受虐兒童少年人數按年齡分(人) By Age
D5: 合計 Total | G5: 0-未滿3歲 Under 3 Years | I5: 3-未滿6歲 3-Under 6 Years | K5: 6-未滿9歲 6-Under 9 Years | M5: 9-未滿12歲 9-Under 12 Years | O5: 12-未滿15歲 12-Under 15 Years | Q5: 15-未滿18歲 15-Under 18 Years
D6: 計 Total | E6: 男 Male | F6: 女 Female | G6: 男 Male | H6: 女 Female | I6: 男 Male | J6: 女 Female | K6: 男 Male | L6: 女 Female | M6: 男 Male | N6: 女 Female | O6: 男 Male | P6: 女 Female | Q6: 男 Male | R6: 女 Female
A8: 總計 | B8: 計 | C8: Total | D8: 4175 | E8: 2081 | F8: 2094 | G8: 375 | H8: 297 | I8: 345 | J8: 295 | K8: 417 | L8: 312 | M8: 443 | N8: 348 | O8: 346 | P8: 452 | Q8: 155 | R8: 390
A9: Total | B9: 一般 | C9: General | D9: 3779 | E9: 1907 | F9: 1872 | G9: 344 | H9: 270 | I9: 304 | J9: 269 | K9: 376 | L9: 269 | M9: 414 | N9: 306 | O9: 324 | P9: 395 | Q9: 145 | R9: 363
B10: 原住民 | C10: Indigenous | D10: 396 | E10: 174 | F10: 222 | G10: 31 | H10: 27 | I10: 41 | J10: 26 | K10: 41 | L10: 43 | M10: 29 | N10: 42 | O10: 22 | P10: 57 | Q10: 10 | R10: 27
A11: 新 北 市 | B11: 計 | C11: Total | D11: 712 | E11: 356 | F11: 356 | G11: 47 | H11: 35 | I11: 41 | J11: 43 | K11: 80 | L11: 59 | M11: 97 | N11: 66 | O11: 64 | P11: 77 | Q11: 27 | R11: 76
A12: New Taipei City | B12: 一般 | C12: General | D12: 668 | E12: 337 | F12: 331 | G12: 45 | H12: 35 | I12: 37 | J12: 42 | K12: 76 | L12: 50 | M12: 90 | N12: 61 | O12: 62 | P12: 72 | Q12: 27 | R12: 71
B13: 原住民 | C13: Indigenous | D13: 44 | E13: 19 | F13: 25 | G13: 2 | H13: 0 | I13: 4 | J13: 1 | K13: 4 | L13: 9 | M13: 7 | N13: 5 | O13: 2 | P13: 5 | Q13: 0 | R13: 5
A14: 臺 北 市 | B14: 計 | C14: Total | D14: 395 | E14: 202 | F14: 193 | G14: 31 | H14: 13 | I14: 32 | J14: 25 | K14: 44 | L14: 33 | M14: 40 | N14: 33 | O14: 36 | P14: 38 | Q14: 19 | R14: 51
A15: Taipei City | B15: 一般 | C15: General | D15: 386 | E15: 195 | F15: 191 | G15: 30 | H15: 13 | I15: 28 | J15: 25 | K15: 43 | L15: 33 | M15: 40 | N15: 33 | O15: 36 | P15: 37 | Q15: 18 | R15: 50
B16: 原住民 | C16: Indigenous | D16: 9 | E16: 7 | F16: 2 | G16: 1 | H16: 0 | I16: 4 | J16: 0 | K16: 1 | L16: 0 | M16: 0 | N16: 0 | O16: 0 | P16: 1 | Q16: 1 | R16: 1
A17: 桃 園 市 | B17: 計 | C17: Total | D17: 510 | E17: 250 | F17: 260 | G17: 52 | H17: 51 | I17: 43 | J17: 30 | K17: 48 | L17: 35 | M17: 58 | N17: 40 | O17: 32 | P17: 52 | Q17: 17 | R17: 52
A18: Taoyuan City | B18: 一般 | C18: General | D18: 433 | E18: 212 | F18: 221 | G18: 42 | H18: 45 | I18: 32 | J18: 26 | K18: 35 | L18: 29 | M18: 56 | N18: 31 | O18: 32 | P18: 46 | Q18: 15 | R18: 44
B19: 原住民 | C19: Indigenous | D19: 77 | E19: 38 | F19: 39 | G19: 10 | H19: 6 | I19: 11 | J19: 4 | K19: 13 | L19: 6 | M19: 2 | N19: 9 | O19: 0 | P19: 6 | Q19: 2 | R19: 8
A20: 臺 中 市 | B20: 計 | C20: Total | D20: 534 | E20: 272 | F20: 262 | G20: 49 | H20: 50 | I20: 60 | J20: 38 | K20: 49 | L20: 41 | M20: 52 | N20: 44 | O20: 35 | P20: 53 | Q20: 27 | R20: 36
A21: Taichung City | B21: 一般 | C21: General | D21: 504 | E21: 259 | F21: 245 | G21: 48 | H21: 46 | I21: 56 | J21: 38 | K21: 48 | L21: 39 | M21: 48 | N21: 41 | O21: 34 | P21: 46 | Q21: 25 | R21: 35
B22: 原住民 | C22: Indigenous | D22: 30 | E22: 13 | F22: 17 | G22: 1 | H22: 4 | I22: 4 | J22: 0 | K22: 1 | L22: 2 | M22: 4 | N22: 3 | O22: 1 | P22: 7 | Q22: 2 | R22: 1
A23: 臺 南 市 | B23: 計 | C23: Total | D23: 318 | E23: 174 | F23: 144 | G23: 38 | H23: 16 | I23: 29 | J23: 23 | K23: 32 | L23: 14 | M23: 38 | N23: 21 | O23: 30 | P23: 41 | Q23: 7 | R23: 29
A24: Tainan City | B24: 一般 | C24: General | D24: 308 | E24: 169 | F24: 139 | G24: 37 | H24: 16 | I24: 26 | J24: 23 | K24: 32 | L24: 13 | M24: 38 | N24: 19 | O24: 29 | P24: 39 | Q24: 7 | R24: 29
B25: 原住民 | C25: Indigenous | D25: 10 | E25: 5 | F25: 5 | G25: 1 | H25: 0 | I25: 3 | J25: 0 | K25: 0 | L25: 1 | M25: 0 | N25: 2 | O25: 1 | P25: 2 | Q25: 0 | R25: 0
A26: 高 雄 市 | B26: 計 | C26: Total | D26: 580 | E26: 305 | F26: 275 | G26: 52 | H26: 43 | I26: 49 | J26: 47 | K26: 61 | L26: 36 | M26: 58 | N26: 54 | O26: 65 | P26: 55 | Q26: 20 | R26: 40
A27: Kaohsiung City | B27: 一般 | C27: General | D27: 557 | E27: 294 | F27: 263 | G27: 51 | H27: 41 | I27: 48 | J27: 45 | K27: 57 | L27: 36 | M27: 57 | N27: 52 | O27: 62 | P27: 51 | Q27: 19 | R27: 38
B28: 原住民 | C28: Indigenous | D28: 23 | E28: 11 | F28: 12 | G28: 1 | H28: 2 | I28: 1 | J28: 2 | K28: 4 | L28: 0 | M28: 1 | N28: 2 | O28: 3 | P28: 4 | Q28: 1 | R28: 2
A29: 宜蘭縣 | B29: 計 | C29: Total | D29: 46 | E29: 18 | F29: 28 | G29: 5 | H29: 3 | I29: 1 | J29: 1 | K29: 6 | L29: 9 | M29: 3 | N29: 1 | O29: 1 | P29: 10 | Q29: 2 | R29: 4
A30: Yilan County | B30: 一般 | C30: General | D30: 42 | E30: 16 | F30: 26 | G30: 5 | H30: 3 | I30: 1 | J30: 1 | K30: 5 | L30: 9 | M30: 2 | N30: 1 | O30: 1 | P30: 8 | Q30: 2 | R30: 4
B31: 原住民 | C31: Indigenous | D31: 4 | E31: 2 | F31: 2 | G31: 0 | H31: 0 | I31: 0 | J31: 0 | K31: 1 | L31: 0 | M31: 1 | N31: 0 | O31: 0 | P31: 2 | Q31: 0 | R31: 0
A32: 新竹縣 | B32: 計 | C32: Total | D32: 106 | E32: 56 | F32: 50 | G32: 12 | H32: 7 | I32: 11 | J32: 8 | K32: 9 | L32: 6 | M32: 11 | N32: 9 | O32: 9 | P32: 11 | Q32: 4 | R32: 9
A33: Hsinchu County | B33: 一般 | C33: General | D33: 83 | E33: 43 | F33: 40 | G33: 10 | H33: 7 | I33: 9 | J33: 7 | K33: 7 | L33: 4 | M33: 10 | N33: 6 | O33: 4 | P33: 8 | Q33: 3 | R33: 8
B34: 原住民 | C34: Indigenous | D34: 23 | E34: 13 | F34: 10 | G34: 2 | H34: 0 | I34: 2 | J34: 1 | K34: 2 | L34: 2 | M34: 1 | N34: 3 | O34: 5 | P34: 3 | Q34: 1 | R34: 1
A35: 苗栗縣 | B35: 計 | C35: Total | D35: 63 | E35: 24 | F35: 39 | G35: 1 | H35: 7 | I35: 6 | J35: 4 | K35: 7 | L35: 5 | M35: 4 | N35: 8 | O35: 4 | P35: 6 | Q35: 2 | R35: 9
A36: Miaoli County | B36: 一般 | C36: General | D36: 58 | E36: 23 | F36: 35 | G36: 1 | H36: 6 | I36: 6 | J36: 3 | K36: 7 | L36: 4 | M36: 3 | N36: 8 | O36: 4 | P36: 5 | Q36: 2 | R36: 9
B37: 原住民 | C37: Indigenous | D37: 5 | E37: 1 | F37: 4 | G37: 0 | H37: 1 | I37: 0 | J37: 1 | K37: 0 | L37: 1 | M37: 1 | N37: 0 | O37: 0 | P37: 1 | Q37: 0 | R37: 0
A38: 彰化縣 | B38: 計 | C38: Total | D38: 124 | E38: 61 | F38: 63 | G38: 13 | H38: 6 | I38: 12 | J38: 21 | K38: 9 | L38: 11 | M38: 15 | N38: 4 | O38: 9 | P38: 10 | Q38: 3 | R38: 11
A39: Changhua County | B39: 一般 | C39: General | D39: 112 | E39: 53 | F39: 59 | G39: 12 | H39: 6 | I39: 10 | J39: 18 | K39: 6 | L39: 10 | M39: 14 | N39: 4 | O39: 8 | P39: 10 | Q39: 3 | R39: 11
B40: 原住民 | C40: Indigenous | D40: 12 | E40: 8 | F40: 4 | G40: 1 | H40: 0 | I40: 2 | J40: 3 | K40: 3 | L40: 1 | M40: 1 | N40: 0 | O40: 1 | P40: 0 | Q40: 0 | R40: 0
A41: 南投縣 | B41: 計 | C41: Total | D41: 59 | E41: 26 | F41: 33 | G41: 3 | H41: 6 | I41: 3 | J41: 4 | K41: 10 | L41: 8 | M41: 6 | N41: 5 | O41: 3 | P41: 6 | Q41: 1 | R41: 4
A42: Nantou County | B42: 一般 | C42: General | D42: 47 | E42: 23 | F42: 24 | G42: 3 | H42: 5 | I42: 2 | J42: 3 | K42: 9 | L42: 7 | M42: 5 | N42: 2 | O42: 3 | P42: 4 | Q42: 1 | R42: 3
B43: 原住民 | C43: Indigenous | D43: 12 | E43: 3 | F43: 9 | G43: 0 | H43: 1 | I43: 1 | J43: 1 | K43: 1 | L43: 1 | M43: 1 | N43: 3 | O43: 0 | P43: 2 | Q43: 0 | R43: 1
A44: 雲林縣 | B44: 計 | C44: Total | D44: 106 | E44: 42 | F44: 64 | G44: 13 | H44: 7 | I44: 10 | J44: 11 | K44: 4 | L44: 6 | M44: 3 | N44: 10 | O44: 7 | P44: 15 | Q44: 5 | R44: 15
A45: Yunlin County | B45: 一般 | C45: General | D45: 105 | E45: 41 | F45: 64 | G45: 13 | H45: 7 | I45: 9 | J45: 11 | K45: 4 | L45: 6 | M45: 3 | N45: 10 | O45: 7 | P45: 15 | Q45: 5 | R45: 15
B46: 原住民 | C46: Indigenous | D46: 1 | E46: 1 | F46: 0 | G46: 0 | H46: 0 | I46: 1 | J46: 0 | K46: 0 | L46: 0 | M46: 0 | N46: 0 | O46: 0 | P46: 0 | Q46: 0 | R46: 0
A47: 嘉義縣 | B47: 計 | C47: Total | D47: 40 | E47: 21 | F47: 19 | G47: 5 | H47: 3 | I47: 4 | J47: 3 | K47: 7 | L47: 2 | M47: 3 | N47: 2 | O47: 2 | P47: 7 | Q47: 0 | R47: 2
A48: Chiayi County | B48: 一般 | C48: General | D48: 39 | E48: 20 | F48: 19 | G48: 4 | H48: 3 | I48: 4 | J48: 3 | K48: 7 | L48: 2 | M48: 3 | N48: 2 | O48: 2 | P48: 7 | Q48: 0 | R48: 2
B49: 原住民 | C49: Indigenous | D49: 1 | E49: 1 | F49: 0 | G49: 1 | H49: 0 | I49: 0 | J49: 0 | K49: 0 | L49: 0 | M49: 0 | N49: 0 | O49: 0 | P49: 0 | Q49: 0 | R49: 0
A50: 屏東縣 | B50: 計 | C50: Total | D50: 241 | E50: 121 | F50: 120 | G50: 16 | H50: 15 | I50: 14 | J50: 16 | K50: 20 | L50: 17 | M50: 29 | N50: 23 | O50: 33 | P50: 30 | Q50: 9 | R50: 19
A51: Pingtung County | B51: 一般 | C51: General | D51: 191 | E51: 99 | F51: 92 | G51: 13 | H51: 15 | I51: 10 | J51: 10 | K51: 17 | L51: 11 | M51: 23 | N51: 20 | O51: 27 | P51: 19 | Q51: 9 | R51: 17
B52: 原住民 | C52: Indigenous | D52: 50 | E52: 22 | F52: 28 | G52: 3 | H52: 0 | I52: 4 | J52: 6 | K52: 3 | L52: 6 | M52: 6 | N52: 3 | O52: 6 | P52: 11 | Q52: 0 | R52: 2
A53: 臺東縣 | B53: 計 | C53: Total | D53: 33 | E53: 12 | F53: 21 | G53: 6 | H53: 4 | I53: 1 | J53: 4 | K53: 3 | L53: 3 | M53: 1 | N53: 5 | O53: 1 | P53: 3 | Q53: 0 | R53: 2
A54: Taitung County | B54: 一般 | C54: General | D54: 11 | E54: 4 | F54: 7 | G54: 1 | H54: 1 | I54: 0 | J54: 1 | K54: 1 | L54: 0 | M54: 1 | N54: 1 | O54: 1 | P54: 2 | Q54: 0 | R54: 2
B55: 原住民 | C55: Indigenous | D55: 22 | E55: 8 | F55: 14 | G55: 5 | H55: 3 | I55: 1 | J55: 3 | K55: 2 | L55: 3 | M55: 0 | N55: 4 | O55: 0 | P55: 1 | Q55: 0 | R55: 0
A56: 花蓮縣 | B56: 計 | C56: Total | D56: 79 | E56: 30 | F56: 49 | G56: 5 | H56: 7 | I56: 7 | J56: 2 | K56: 8 | L56: 6 | M56: 2 | N56: 8 | O56: 4 | P56: 19 | Q56: 4 | R56: 7
A57: Hualien County | B57: 一般 | C57: General | D57: 22 | E57: 11 | F57: 11 | G57: 2 | H57: 1 | I57: 4 | J57: 0 | K57: 3 | L57: 0 | M57: 0 | N57: 1 | O57: 1 | P57: 8 | Q57: 1 | R57: 1
B58: 原住民 | C58: Indigenous | D58: 57 | E58: 19 | F58: 38 | G58: 3 | H58: 6 | I58: 3 | J58: 2 | K58: 5 | L58: 6 | M58: 2 | N58: 7 | O58: 3 | P58: 11 | Q58: 3 | R58: 6
A59: 澎湖縣 | B59: 計 | C59: Total | D59: 8 | E59: 3 | F59: 5 | G59: 0 | H59: 0 | I59: 1 | J59: 1 | K59: 0 | L59: 2 | M59: 1 | N59: 0 | O59: 1 | P59: 0 | Q59: 0 | R59: 2
A60: Penghu County | B60: 一般 | C60: General | D60: 8 | E60: 3 | F60: 5 | G60: 0 | H60: 0 | I60: 1 | J60: 1 | K60: 0 | L60: 2 | M60: 1 | N60: 0 | O60: 1 | P60: 0 | Q60: 0 | R60: 2
B61: 原住民 | C61: Indigenous | D61: 0 | E61: 0 | F61: 0 | G61: 0 | H61: 0 | I61: 0 | J61: 0 | K61: 0 | L61: 0 | M61: 0 | N61: 0 | O61: 0 | P61: 0 | Q61: 0 | R61: 0
A62: 基隆市 | B62: 計 | C62: Total | D62: 83 | E62: 33 | F62: 50 | G62: 7 | H62: 10 | I62: 5 | J62: 3 | K62: 6 | L62: 8 | M62: 8 | N62: 7 | O62: 6 | P62: 12 | Q62: 1 | R62: 10
A63: Keelung City | B63: 一般 | C63: General | D63: 74 | E63: 31 | F63: 43 | G63: 7 | H63: 10 | I63: 5 | J63: 2 | K63: 5 | L63: 4 | M63: 7 | N63: 6 | O63: 6 | P63: 11 | Q63: 1 | R63: 10
B64: 原住民 | C64: Indigenous | D64: 9 | E64: 2 | F64: 7 | G64: 0 | H64: 0 | I64: 0 | J64: 1 | K64: 1 | L64: 4 | M64: 1 | N64: 1 | O64: 0 | P64: 1 | Q64: 0 | R64: 0
A65: 新竹市 | B65: 計 | C65: Total | D65: 89 | E65: 46 | F65: 43 | G65: 11 | H65: 12 | I65: 9 | J65: 8 | K65: 10 | L65: 7 | M65: 9 | N65: 7 | O65: 2 | P65: 5 | Q65: 5 | R65: 4
A66: Hsinchu City | B66: 一般 | C66: General | D66: 83 | E66: 45 | F66: 38 | G66: 11 | H66: 9 | I66: 9 | J66: 7 | K66: 10 | L66: 6 | M66: 8 | N66: 7 | O66: 2 | P66: 5 | Q66: 5 | R66: 4
B67: 原住民 | C67: Indigenous | D67: 6 | E67: 1 | F67: 5 | G67: 0 | H67: 3 | I67: 0 | J67: 1 | K67: 0 | L67: 1 | M67: 1 | N67: 0 | O67: 0 | P67: 0 | Q67: 0 | R67: 0
A68: 嘉義市 | B68: 計 | C68: Total | D68: 32 | E68: 20 | F68: 12 | G68: 7 | H68: 1 | I68: 6 | J68: 1 | K68: 1 | L68: 2 | M68: 4 | N68: 1 | O68: 2 | P68: 1 | Q68: 0 | R68: 6
A69: Chiayi City | B69: 一般 | C69: General | D69: 31 | E69: 20 | F69: 11 | G69: 7 | H69: 0 | I69: 6 | J69: 1 | K69: 1 | L69: 2 | M69: 4 | N69: 1 | O69: 2 | P69: 1 | Q69: 0 | R69: 6
B70: 原住民 | C70: Indigenous | D70: 1 | E70: 0 | F70: 1 | G70: 0 | H70: 1 | I70: 0 | J70: 0 | K70: 0 | L70: 0 | M70: 0 | N70: 0 | O70: 0 | P70: 0 | Q70: 0 | R70: 0
A71: 金門縣 | B71: 計 | C71: Total | D71: 13 | E71: 5 | F71: 8 | G71: 2 | H71: 1 | I71: 0 | J71: 2 | K71: 1 | L71: 2 | M71: 1 | N71: 0 | O71: 0 | P71: 1 | Q71: 1 | R71: 2
A72: Kinmen County | B72: 一般 | C72: General | D72: 13 | E72: 5 | F72: 8 | G72: 2 | H72: 1 | I72: 0 | J72: 2 | K72: 1 | L72: 2 | M72: 1 | N72: 0 | O72: 0 | P72: 1 | Q72: 1 | R72: 2
B73: 原住民 | C73: Indigenous | D73: 0 | E73: 0 | F73: 0 | G73: 0 | H73: 0 | I73: 0 | J73: 0 | K73: 0 | L73: 0 | M73: 0 | N73: 0 | O73: 0 | P73: 0 | Q73: 0 | R73: 0
A74: 連江縣 | B74: 計 | C74: Total | D74: 4 | E74: 4 | F74: 0 | G74: 0 | H74: 0 | I74: 1 | J74: 0 | K74: 2 | L74: 0 | M74: 0 | N74: 0 | O74: 0 | P74: 0 | Q74: 1 | R74: 0
A75: Lienchiang County | B75: 一般 | C75: General | D75: 4 | E75: 4 | F75: 0 | G75: 0 | H75: 0 | I75: 1 | J75: 0 | K75: 2 | L75: 0 | M75: 0 | N75: 0 | O75: 0 | P75: 0 | Q75: 1 | R75: 0
B76: 原住民 | C76: Indigenous | D76: 0 | E76: 0 | F76: 0 | G76: 0 | H76: 0 | I76: 0 | J76: 0 | K76: 0 | L76: 0 | M76: 0 | N76: 0 | O76: 0 | P76: 0 | Q76: 0 | R76: 0
A77: 資料來源：各直轄市、縣市政府。
A78: Source: County and Government.
A79: 更新日期：2019/4/1

Sheet 2017
A1: 家內兒童及少年保護案件-受虐人數 Intra-family Child and Youth Protection Cases - Number of Abused
A2: 單位：人 Unit : Persons
A3: 106年, 2017
A4: 區域及特殊族群別 Locality & Ethnos | D4: 受虐兒童少年人數按年齡分(人) By Age
D5: 合計 Total | G5: 0-未滿3歲 Under 3 Years | I5: 3-未滿6歲 3-Under 6 Years | K5: 6-未滿9歲 6-Under 9 Years | M5: 9-未滿12歲 9-Under 12 Years | O5: 12-未滿15歲 12-Under 15 Years | Q5: 15-未滿18歲 15-Under 18 Years
D6: 計 Total | E6: 男 Male | F6: 女 Female | G6: 男 Male | H6: 女 Female | I6: 男 Male | J6: 女 Female | K6: 男 Male | L6: 女 Female | M6: 男 Male | N6: 女 Female | O6: 男 Male | P6: 女 Female | Q6: 男 Male | R6: 女 Female
A8: 總計 | B8: 計 | C8: Total | D8: 4135 | E8: 2025 | F8: 2110 | G8: 374 | H8: 337 | I8: 314 | J8: 293 | K8: 377 | L8: 288 | M8: 442 | N8: 344 | O8: 337 | P8: 475 | Q8: 181 | R8: 373
A9: Total | B9: 一般 | C9: General | D9: 3685 | E9: 1806 | F9: 1879 | G9: 335 | H9: 309 | I9: 278 | J9: 257 | K9: 333 | L9: 257 | M9: 389 | N9: 307 | O9: 309 | P9: 415 | Q9: 162 | R9: 334
B10: 原住民 | C10: Indigenous | D10: 450 | E10: 219 | F10: 231 | G10: 39 | H10: 28 | I10: 36 | J10: 36 | K10: 44 | L10: 31 | M10: 53 | N10: 37 | O10: 28 | P10: 60 | Q10: 19 | R10: 39
A11: 新北市 | B11: 計 | C11: Total | D11: 702 | E11: 359 | F11: 343 | G11: 41 | H11: 35 | I11: 40 | J11: 41 | K11: 80 | L11: 44 | M11: 100 | N11: 60 | O11: 64 | P11: 95 | Q11: 34 | R11: 68
A12: New Taipei City | B12: 一般 | C12: General | D12: 663 | E12: 342 | F12: 321 | G12: 40 | H12: 33 | I12: 39 | J12: 40 | K12: 75 | L12: 42 | M12: 97 | N12: 57 | O12: 60 | P12: 84 | Q12: 31 | R12: 65
B13: 原住民 | C13: Indigenous | D13: 39 | E13: 17 | F13: 22 | G13: 1 | H13: 2 | I13: 1 | J13: 1 | K13: 5 | L13: 2 | M13: 3 | N13: 3 | O13: 4 | P13: 11 | Q13: 3 | R13: 3
A14: 臺北市 | B14: 計 | C14: Total | D14: 262 | E14: 132 | F14: 130 | G14: 13 | H14: 15 | I14: 17 | J14: 17 | K14: 38 | L14: 21 | M14: 27 | N14: 26 | O14: 23 | P14: 23 | Q14: 14 | R14: 28
A15: Taipei City | B15: 一般 | C15: General | D15: 250 | E15: 124 | F15: 126 | G15: 11 | H15: 14 | I15: 16 | J15: 15 | K15: 36 | L15: 20 | M15: 24 | N15: 26 | O15: 23 | P15: 23 | Q15: 14 | R15: 28
B16: 原住民 | C16: Indigenous | D16: 12 | E16: 8 | F16: 4 | G16: 2 | H16: 1 | I16: 1 | J16: 2 | K16: 2 | L16: 1 | M16: 3 | N16: 0 | O16: 0 | P16: 0 | Q16: 0 | R16: 0
A17: 桃園市 | B17: 計 | C17: Total | D17: 559 | E17: 295 | F17: 264 | G17: 67 | H17: 46 | I17: 45 | J17: 36 | K17: 46 | L17: 39 | M17: 67 | N17: 45 | O17: 47 | P17: 59 | Q17: 23 | R17: 39
A18: Taoyuan City | B18: 一般 | C18: General | D18: 470 | E18: 250 | F18: 220 | G18: 58 | H18: 38 | I18: 35 | J18: 27 | K18: 42 | L18: 32 | M18: 56 | N18: 40 | O18: 41 | P18: 52 | Q18: 18 | R18: 31
B19: 原住民 | C19: Indigenous | D19: 89 | E19: 45 | F19: 44 | G19: 9 | H19: 8 | I19: 10 | J19: 9 | K19: 4 | L19: 7 | M19: 11 | N19: 5 | O19: 6 | P19: 7 | Q19: 5 | R19: 8
A20: 臺中市 | B20: 計 | C20: Total | D20: 621 | E20: 308 | F20: 313 | G20: 62 | H20: 67 | I20: 56 | J20: 54 | K20: 59 | L20: 41 | M20: 48 | N20: 47 | O20: 54 | P20: 50 | Q20: 29 | R20: 54
A21: Taichung City | B21: 一般 | C21: General | D21: 569 | E21: 282 | F21: 287 | G21: 57 | H21: 64 | I21: 53 | J21: 46 | K21: 54 | L21: 39 | M21: 41 | N21: 44 | O21: 49 | P21: 43 | Q21: 28 | R21: 51
B22: 原住民 | C22: Indigenous | D22: 52 | E22: 26 | F22: 26 | G22: 5 | H22: 3 | I22: 3 | J22: 8 | K22: 5 | L22: 2 | M22: 7 | N22: 3 | O22: 5 | P22: 7 | Q22: 1 | R22: 3
A23: 臺南市 | B23: 計 | C23: Total | D23: 238 | E23: 118 | F23: 120 | G23: 28 | H23: 18 | I23: 22 | J23: 18 | K23: 18 | L23: 12 | M23: 21 | N23: 18 | O23: 15 | P23: 27 | Q23: 14 | R23: 27
A24: Tainan City | B24: 一般 | C24: General | D24: 233 | E24: 115 | F24: 118 | G24: 26 | H24: 18 | I24: 21 | J24: 18 | K24: 18 | L24: 11 | M24: 21 | N24: 18 | O24: 15 | P24: 27 | Q24: 14 | R24: 26
B25: 原住民 | C25: Indigenous | D25: 5 | E25: 3 | F25: 2 | G25: 2 | H25: 0 | I25: 1 | J25: 0 | K25: 0 | L25: 1 | M25: 0 | N25: 0 | O25: 0 | P25: 0 | Q25: 0 | R25: 1
A26: 高雄市 | B26: 計 | C26: Total | D26: 611 | E26: 292 | F26: 319 | G26: 64 | H26: 49 | I26: 44 | J26: 49 | K26: 48 | L26: 39 | M26: 73 | N26: 55 | O26: 51 | P26: 77 | Q26: 12 | R26: 50
A27: Kaohsiung City | B27: 一般 | C27: General | D27: 567 | E27: 276 | F27: 291 | G27: 61 | H27: 43 | I27: 41 | J27: 47 | K27: 45 | L27: 36 | M27: 70 | N27: 51 | O27: 48 | P27: 71 | Q27: 11 | R27: 43
B28: 原住民 | C28: Indigenous | D28: 44 | E28: 16 | F28: 28 | G28: 3 | H28: 6 | I28: 3 | J28: 2 | K28: 3 | L28: 3 | M28: 3 | N28: 4 | O28: 3 | P28: 6 | Q28: 1 | R28: 7
A29: 宜蘭縣 | B29: 計 | C29: Total | D29: 57 | E29: 21 | F29: 36 | G29: 4 | H29: 7 | I29: 4 | J29: 2 | K29: 3 | L29: 4 | M29: 4 | N29: 7 | O29: 2 | P29: 10 | Q29: 4 | R29: 6
A30: Yilan County | B30: 一般 | C30: General | D30: 54 | E30: 19 | F30: 35 | G30: 4 | H30: 7 | I30: 4 | J30: 2 | K30: 3 | L30: 4 | M30: 3 | N30: 7 | O30: 2 | P30: 9 | Q30: 3 | R30: 6
B31: 原住民 | C31: Indigenous | D31: 3 | E31: 2 | F31: 1 | G31: 0 | H31: 0 | I31: 0 | J31: 0 | K31: 0 | L31: 0 | M31: 1 | N31: 0 | O31: 0 | P31: 1 | Q31: 1 | R31: 0
A32: 新竹縣 | B32: 計 | C32: Total | D32: 104 | E32: 47 | F32: 57 | G32: 12 | H32: 11 | I32: 7 | J32: 9 | K32: 8 | L32: 9 | M32: 11 | N32: 4 | O32: 7 | P32: 15 | Q32: 2 | R32: 9
A33: Hsinchu County | B33: 一般 | C33: General | D33: 91 | E33: 39 | F33: 52 | G33: 11 | H33: 9 | I33: 5 | J33: 9 | K33: 5 | L33: 9 | M33: 9 | N33: 2 | O33: 7 | P33: 14 | Q33: 2 | R33: 9
B34: 原住民 | C34: Indigenous | D34: 13 | E34: 8 | F34: 5 | G34: 1 | H34: 2 | I34: 2 | J34: 0 | K34: 3 | L34: 0 | M34: 2 | N34: 2 | O34: 0 | P34: 1 | Q34: 0 | R34: 0
A35: 苗栗縣 | B35: 計 | C35: Total | D35: 53 | E35: 28 | F35: 25 | G35: 4 | H35: 10 | I35: 9 | J35: 4 | K35: 3 | L35: 1 | M35: 5 | N35: 6 | O35: 3 | P35: 3 | Q35: 4 | R35: 1
A36: Miaoli County | B36: 一般 | C36: General | D36: 47 | E36: 24 | F36: 23 | G36: 3 | H36: 9 | I36: 7 | J36: 4 | K36: 3 | L36: 1 | M36: 5 | N36: 5 | O36: 3 | P36: 3 | Q36: 3 | R36: 1
B37: 原住民 | C37: Indigenous | D37: 6 | E37: 4 | F37: 2 | G37: 1 | H37: 1 | I37: 2 | J37: 0 | K37: 0 | L37: 0 | M37: 0 | N37: 1 | O37: 0 | P37: 0 | Q37: 1 | R37: 0
A38: 彰化縣 | B38: 計 | C38: Total | D38: 159 | E38: 60 | F38: 99 | G38: 16 | H38: 24 | I38: 12 | J38: 13 | K38: 12 | L38: 11 | M38: 8 | N38: 10 | O38: 6 | P38: 27 | Q38: 6 | R38: 14
A39: Changhua County | B39: 一般 | C39: General | D39: 149 | E39: 57 | F39: 92 | G39: 16 | H39: 24 | I39: 12 | J39: 12 | K39: 12 | L39: 11 | M39: 6 | N39: 10 | O39: 6 | P39: 23 | Q39: 5 | R39: 12
B40: 原住民 | C40: Indigenous | D40: 10 | E40: 3 | F40: 7 | G40: 0 | H40: 0 | I40: 0 | J40: 1 | K40: 0 | L40: 0 | M40: 2 | N40: 0 | O40: 0 | P40: 4 | Q40: 1 | R40: 2
A41: 南投縣 | B41: 計 | C41: Total | D41: 55 | E41: 25 | F41: 30 | G41: 8 | H41: 2 | I41: 3 | J41: 7 | K41: 4 | L41: 6 | M41: 4 | N41: 5 | O41: 5 | P41: 6 | Q41: 1 | R41: 4
A42: Nantou County | B42: 一般 | C42: General | D42: 46 | E42: 19 | F42: 27 | G42: 5 | H42: 2 | I42: 1 | J42: 6 | K42: 4 | L42: 6 | M42: 4 | N42: 5 | O42: 4 | P42: 4 | Q42: 1 | R42: 4
B43: 原住民 | C43: Indigenous | D43: 9 | E43: 6 | F43: 3 | G43: 3 | H43: 0 | I43: 2 | J43: 1 | K43: 0 | L43: 0 | M43: 0 | N43: 0 | O43: 1 | P43: 2 | Q43: 0 | R43: 0
A44: 雲林縣 | B44: 計 | C44: Total | D44: 86 | E44: 42 | F44: 44 | G44: 12 | H44: 6 | I44: 2 | J44: 3 | K44: 3 | L44: 7 | M44: 5 | N44: 9 | O44: 11 | P44: 11 | Q44: 9 | R44: 8
A45: Yunlin County | B45: 一般 | C45: General | D45: 82 | E45: 41 | F45: 41 | G45: 11 | H45: 6 | I45: 2 | J45: 3 | K45: 3 | L45: 7 | M45: 5 | N45: 8 | O45: 11 | P45: 10 | Q45: 9 | R45: 7
B46: 原住民 | C46: Indigenous | D46: 4 | E46: 1 | F46: 3 | G46: 1 | H46: 0 | I46: 0 | J46: 0 | K46: 0 | L46: 0 | M46: 0 | N46: 1 | O46: 0 | P46: 1 | Q46: 0 | R46: 1
A47: 嘉義縣 | B47: 計 | C47: Total | D47: 42 | E47: 15 | F47: 27 | G47: 1 | H47: 2 | I47: 6 | J47: 2 | K47: 3 | L47: 4 | M47: 2 | N47: 6 | O47: 2 | P47: 5 | Q47: 1 | R47: 8
A48: Chiayi County | B48: 一般 | C48: General | D48: 41 | E48: 14 | F48: 27 | G48: 1 | H48: 2 | I48: 5 | J48: 2 | K48: 3 | L48: 4 | M48: 2 | N48: 6 | O48: 2 | P48: 5 | Q48: 1 | R48: 8
B49: 原住民 | C49: Indigenous | D49: 1 | E49: 1 | F49: 0 | G49: 0 | H49: 0 | I49: 1 | J49: 0 | K49: 0 | L49: 0 | M49: 0 | N49: 0 | O49: 0 | P49: 0 | Q49: 0 | R49: 0
A50: 屏東縣 | B50: 計 | C50: Total | D50: 243 | E50: 112 | F50: 131 | G50: 14 | H50: 16 | I50: 15 | J50: 14 | K50: 18 | L50: 17 | M50: 33 | N50: 21 | O50: 17 | P50: 35 | Q50: 15 | R50: 28
A51: Pingtung County | B51: 一般 | C51: General | D51: 203 | E51: 92 | F51: 111 | G51: 13 | H51: 15 | I51: 15 | J51: 13 | K51: 12 | L51: 16 | M51: 24 | N51: 16 | O51: 15 | P51: 30 | Q51: 13 | R51: 21
B52: 原住民 | C52: Indigenous | D52: 40 | E52: 20 | F52: 20 | G52: 1 | H52: 1 | I52: 0 | J52: 1 | K52: 6 | L52: 1 | M52: 9 | N52: 5 | O52: 2 | P52: 5 | Q52: 2 | R52: 7
A53: 臺東縣 | B53: 計 | C53: Total | D53: 72 | E53: 38 | F53: 34 | G53: 7 | H53: 4 | I53: 9 | J53: 4 | K53: 11 | L53: 6 | M53: 7 | N53: 9 | O53: 2 | P53: 8 | Q53: 2 | R53: 3
A54: Taitung County | B54: 一般 | C54: General | D54: 18 | E54: 10 | F54: 8 | G54: 2 | H54: 2 | I54: 2 | J54: 0 | K54: 4 | L54: 0 | M54: 1 | N54: 2 | O54: 1 | P54: 1 | Q54: 0 | R54: 3
B55: 原住民 | C55: Indigenous | D55: 54 | E55: 28 | F55: 26 | G55: 5 | H55: 2 | I55: 7 | J55: 4 | K55: 7 | L55: 6 | M55: 6 | N55: 7 | O55: 1 | P55: 7 | Q55: 2 | R55: 0
A56: 花蓮縣 | B56: 計 | C56: Total | D56: 83 | E56: 40 | F56: 43 | G56: 3 | H56: 5 | I56: 6 | J56: 6 | K56: 11 | L56: 9 | M56: 8 | N56: 7 | O56: 10 | P56: 9 | Q56: 2 | R56: 7
A57: Hualien County | B57: 一般 | C57: General | D57: 23 | E57: 15 | F57: 8 | G57: 1 | H57: 3 | I57: 3 | J57: 1 | K57: 3 | L57: 1 | M57: 4 | N57: 1 | O57: 4 | P57: 2 | Q57: 0 | R57: 0
B58: 原住民 | C58: Indigenous | D58: 60 | E58: 25 | F58: 35 | G58: 2 | H58: 2 | I58: 3 | J58: 5 | K58: 8 | L58: 8 | M58: 4 | N58: 6 | O58: 6 | P58: 7 | Q58: 2 | R58: 7
A59: 澎湖縣 | B59: 計 | C59: Total | D59: 6 | E59: 3 | F59: 3 | G59: 0 | H59: 0 | I59: 0 | J59: 1 | K59: 1 | L59: 0 | M59: 0 | N59: 1 | O59: 2 | P59: 1 | Q59: 0 | R59: 0
A60: Penghu County | B60: 一般 | C60: General | D60: 6 | E60: 3 | F60: 3 | G60: 0 | H60: 0 | I60: 0 | J60: 1 | K60: 1 | L60: 0 | M60: 0 | N60: 1 | O60: 2 | P60: 1 | Q60: 0 | R60: 0
B61: 原住民 | C61: Indigenous | D61: 0 | E61: 0 | F61: 0 | G61: 0 | H61: 0 | I61: 0 | J61: 0 | K61: 0 | L61: 0 | M61: 0 | N61: 0 | O61: 0 | P61: 0 | Q61: 0 | R61: 0
A62: 基隆市 | B62: 計 | C62: Total | D62: 73 | E62: 38 | F62: 35 | G62: 6 | H62: 6 | I62: 9 | J62: 4 | K62: 5 | L62: 4 | M62: 7 | N62: 7 | O62: 8 | P62: 6 | Q62: 3 | R62: 8
A63: Keelung City | B63: 一般 | C63: General | D63: 72 | E63: 38 | F63: 34 | G63: 6 | H63: 6 | I63: 9 | J63: 3 | K63: 5 | L63: 4 | M63: 7 | N63: 7 | O63: 8 | P63: 6 | Q63: 3 | R63: 8
B64: 原住民 | C64: Indigenous | D64: 1 | E64: 0 | F64: 1 | G64: 0 | H64: 0 | I64: 0 | J64: 1 | K64: 0 | L64: 0 | M64: 0 | N64: 0 | O64: 0 | P64: 0 | Q64: 0 | R64: 0
A65: 新竹市 | B65: 計 | C65: Total | D65: 57 | E65: 24 | F65: 33 | G65: 8 | H65: 12 | I65: 2 | J65: 6 | K65: 3 | L65: 8 | M65: 7 | N65: 1 | O65: 4 | P65: 1 | Q65: 0 | R65: 5
A66: Hsinchu City | B66: 一般 | C66: General | D66: 50 | E66: 19 | F66: 31 | G66: 5 | H66: 12 | I66: 2 | J66: 5 | K66: 2 | L66: 8 | M66: 6 | N66: 1 | O66: 4 | P66: 0 | Q66: 0 | R66: 5
B67: 原住民 | C67: Indigenous | D67: 7 | E67: 5 | F67: 2 | G67: 3 | H67: 0 | I67: 0 | J67: 1 | K67: 1 | L67: 0 | M67: 1 | N67: 0 | O67: 0 | P67: 1 | Q67: 0 | R67: 0
A68: 嘉義市 | B68: 計 | C68: Total | D68: 33 | E68: 17 | F68: 16 | G68: 2 | H68: 2 | I68: 5 | J68: 2 | K68: 1 | L68: 1 | M68: 1 | N68: 0 | O68: 4 | P68: 6 | Q68: 4 | R68: 5
A69: Chiayi City | B69: 一般 | C69: General | D69: 33 | E69: 17 | F69: 16 | G69: 2 | H69: 2 | I69: 5 | J69: 2 | K69: 1 | L69: 1 | M69: 1 | N69: 0 | O69: 4 | P69: 6 | Q69: 4 | R69: 5
B70: 原住民 | C70: Indigenous | D70: 0 | E70: 0 | F70: 0 | G70: 0 | H70: 0 | I70: 0 | J70: 0 | K70: 0 | L70: 0 | M70: 0 | N70: 0 | O70: 0 | P70: 0 | Q70: 0 | R70: 0
A71: 金門縣 | B71: 計 | C71: Total | D71: 15 | E71: 8 | F71: 7 | G71: 2 | H71: 0 | I71: 1 | J71: 0 | K71: 2 | L71: 5 | M71: 2 | N71: 0 | O71: 0 | P71: 1 | Q71: 1 | R71: 1
A72: Kinmen County | B72: 一般 | C72: General | D72: 15 | E72: 8 | F72: 7 | G72: 2 | H72: 0 | I72: 1 | J72: 0 | K72: 2 | L72: 5 | M72: 2 | N72: 0 | O72: 0 | P72: 1 | Q72: 1 | R72: 1
B73: 原住民 | C73: Indigenous | D73: 0 | E73: 0 | F73: 0 | G73: 0 | H73: 0 | I73: 0 | J73: 0 | K73: 0 | L73: 0 | M73: 0 | N73: 0 | O73: 0 | P73: 0 | Q73: 0 | R73: 0
A74: 連江縣 | B74: 計 | C74: Total | D74: 4 | E74: 3 | F74: 1 | G74: 0 | H74: 0 | I74: 0 | J74: 1 | K74: 0 | L74: 0 | M74: 2 | N74: 0 | O74: 0 | P74: 0 | Q74: 1 | R74: 0
A75: Lienchiang County | B75: 一般 | C75: General | D75: 3 | E75: 2 | F75: 1 | G75: 0 | H75: 0 | I75: 0 | J75: 1 | K75: 0 | L75: 0 | M75: 1 | N75: 0 | O75: 0 | P75: 0 | Q75: 1 | R75: 0
B76: 原住民 | C76: Indigenous | D76: 1 | E76: 1 | F76: 0 | G76: 0 | H76: 0 | I76: 0 | J76: 0 | K76: 0 | L76: 0 | M76: 1 | N76: 0 | O76: 0 | P76: 0 | Q76: 0 | R76: 0
A77: 資料來源：各直轄市、縣市政府。
A78: Source: County and Government.
A80: 更新日期：2018/3/31

Sheet 2016
A1: 兒童少年保護-受虐人數 Number of Abused Child and Youth
A3: 105年, 2016
A4: 區域及特殊族群別 Locality & Ethnos | D4: 受虐兒童少年人數按年齡分(人) By Age
D5: 合計 Total | G5: 0-未滿3歲 Under 3 Years | I5: 3-未滿6歲 3-Under 6 Years | K5: 6-未滿9歲 6-Under 9 Years | M5: 9-未滿12歲 9-Under 12 Years | O5: 12-未滿15歲 12-Under 15 Years | Q5: 15-未滿18歲 15-Under 18 Years
D6: 計 Total | E6: 男 Male | F6: 女 Female | G6: 男 Male | H6: 女 Female | I6: 男 Male | J6: 女 Female | K6: 男 Male | L6: 女 Female | M6: 男 Male | N6: 女 Female | O6: 男 Male | P6: 女 Female | Q6: 男 Male | R6: 女 Female
A8: 總計 | B8: 計 | C8: Total | D8: 9461 | E8: 4156 | F8: 5305 | G8: 737 | H8: 560 | I8: 594 | J8: 504 | K8: 718 | L8: 617 | M8: 814 | N8: 628 | O8: 780 | P8: 1485 | Q8: 513 | R8: 1511
A9: Total | B9: 一般 | C9: General | D9: 8706 | E9: 3857 | F9: 4849 | G9: 686 | H9: 522 | I9: 546 | J9: 467 | K9: 658 | L9: 558 | M9: 757 | N9: 558 | O9: 726 | P9: 1345 | Q9: 484 | R9: 1399
B10: 原住民 | C10: Indigenous | D10: 755 | E10: 299 | F10: 456 | G10: 51 | H10: 38 | I10: 48 | J10: 37 | K10: 60 | L10: 59 | M10: 57 | N10: 70 | O10: 54 | P10: 140 | Q10: 29 | R10: 112
A11: 新北市 | B11: 計 | C11: Total | D11: 1295 | E11: 522 | F11: 773 | G11: 59 | H11: 50 | I11: 67 | J11: 62 | K11: 88 | L11: 79 | M11: 127 | N11: 94 | O11: 115 | P11: 210 | Q11: 66 | R11: 278
A12: New Taipei City | B12: 一般 | C12: General | D12: 1236 | E12: 502 | F12: 734 | G12: 55 | H12: 48 | I12: 64 | J12: 61 | K12: 86 | L12: 73 | M12: 122 | N12: 85 | O12: 111 | P12: 201 | Q12: 64 | R12: 266
B13: 原住民 | C13: Indigenous | D13: 59 | E13: 20 | F13: 39 | G13: 4 | H13: 2 | I13: 3 | J13: 1 | K13: 2 | L13: 6 | M13: 5 | N13: 9 | O13: 4 | P13: 9 | Q13: 2 | R13: 12
A14: 臺北市 | B14: 計 | C14: Total | D14: 1872 | E14: 932 | F14: 940 | G14: 197 | H14: 148 | I14: 150 | J14: 127 | K14: 173 | L14: 131 | M14: 175 | N14: 118 | O14: 141 | P14: 247 | Q14: 96 | R14: 169
A15: Taipei City | B15: 一般 | C15: General | D15: 1847 | E15: 926 | F15: 921 | G15: 195 | H15: 147 | I15: 150 | J15: 123 | K15: 173 | L15: 128 | M15: 174 | N15: 114 | O15: 138 | P15: 243 | Q15: 96 | R15: 166
B16: 原住民 | C16: Indigenous | D16: 25 | E16: 6 | F16: 19 | G16: 2 | H16: 1 | I16: 0 | J16: 4 | K16: 0 | L16: 3 | M16: 1 | N16: 4 | O16: 3 | P16: 4 | Q16: 0 | R16: 3
A17: 桃園市 | B17: 計 | C17: Total | D17: 1007 | E17: 400 | F17: 607 | G17: 70 | H17: 31 | I17: 46 | J17: 38 | K17: 73 | L17: 47 | M17: 69 | N17: 58 | O17: 91 | P17: 224 | Q17: 51 | R17: 209
A18: Taoyuan City | B18: 一般 | C18: General | D18: 870 | E18: 344 | F18: 526 | G18: 61 | H18: 26 | I18: 38 | J18: 31 | K18: 62 | L18: 41 | M18: 59 | N18: 46 | O18: 80 | P18: 199 | Q18: 44 | R18: 183
B19: 原住民 | C19: Indigenous | D19: 137 | E19: 56 | F19: 81 | G19: 9 | H19: 5 | I19: 8 | J19: 7 | K19: 11 | L19: 6 | M19: 10 | N19: 12 | O19: 11 | P19: 25 | Q19: 7 | R19: 26
A20: 臺中市 | B20: 計 | C20: Total | D20: 899 | E20: 426 | F20: 473 | G20: 88 | H20: 64 | I20: 73 | J20: 51 | K20: 61 | L20: 62 | M20: 90 | N20: 62 | O20: 66 | P20: 99 | Q20: 48 | R20: 135
A21: Taichung City | B21: 一般 | C21: General | D21: 855 | E21: 404 | F21: 451 | G21: 84 | H21: 62 | I21: 65 | J21: 48 | K21: 56 | L21: 58 | M21: 88 | N21: 57 | O21: 64 | P21: 95 | Q21: 47 | R21: 131
B22: 原住民 | C22: Indigenous | D22: 44 | E22: 22 | F22: 22 | G22: 4 | H22: 2 | I22: 8 | J22: 3 | K22: 5 | L22: 4 | M22: 2 | N22: 5 | O22: 2 | P22: 4 | Q22: 1 | R22: 4
A23: 臺南市 | B23: 計 | C23: Total | D23: 556 | E23: 234 | F23: 322 | G23: 44 | H23: 27 | I23: 36 | J23: 40 | K23: 38 | L23: 41 | M23: 46 | N23: 46 | O23: 41 | P23: 65 | Q23: 29 | R23: 103
A24: Tainan City | B24: 一般 | C24: General | D24: 543 | E24: 229 | F24: 314 | G24: 42 | H24: 27 | I24: 35 | J24: 38 | K24: 37 | L24: 41 | M24: 45 | N24: 45 | O24: 41 | P24: 62 | Q24: 29 | R24: 101
B25: 原住民 | C25: Indigenous | D25: 13 | E25: 5 | F25: 8 | G25: 2 | H25: 0 | I25: 1 | J25: 2 | K25: 1 | L25: 0 | M25: 1 | N25: 1 | O25: 0 | P25: 3 | Q25: 0 | R25: 2
A26: 高雄市 | B26: 計 | C26: Total | D26: 1241 | E26: 531 | F26: 710 | G26: 84 | H26: 77 | I26: 72 | J26: 55 | K26: 86 | L26: 79 | M26: 101 | N26: 86 | O26: 110 | P26: 194 | Q26: 78 | R26: 219
A27: Kaohsiung City | B27: 一般 | C27: General | D27: 1176 | E27: 508 | F27: 668 | G27: 79 | H27: 72 | I27: 67 | J27: 52 | K27: 82 | L27: 74 | M27: 97 | N27: 75 | O27: 108 | P27: 185 | Q27: 75 | R27: 210
B28: 原住民 | C28: Indigenous | D28: 65 | E28: 23 | F28: 42 | G28: 5 | H28: 5 | I28: 5 | J28: 3 | K28: 4 | L28: 5 | M28: 4 | N28: 11 | O28: 2 | P28: 9 | Q28: 3 | R28: 9
A29: 宜蘭縣 | B29: 計 | C29: Total | D29: 146 | E29: 52 | F29: 94 | G29: 13 | H29: 9 | I29: 5 | J29: 8 | K29: 9 | L29: 8 | M29: 12 | N29: 14 | O29: 10 | P29: 31 | Q29: 3 | R29: 24
A30: Yilan County | B30: 一般 | C30: General | D30: 123 | E30: 42 | F30: 81 | G30: 9 | H30: 6 | I30: 3 | J30: 8 | K30: 9 | L30: 6 | M30: 9 | N30: 12 | O30: 9 | P30: 26 | Q30: 3 | R30: 23
B31: 原住民 | C31: Indigenous | D31: 23 | E31: 10 | F31: 13 | G31: 4 | H31: 3 | I31: 2 | J31: 0 | K31: 0 | L31: 2 | M31: 3 | N31: 2 | O31: 1 | P31: 5 | Q31: 0 | R31: 1
A32: 新竹縣 | B32: 計 | C32: Total | D32: 207 | E32: 92 | F32: 115 | G32: 10 | H32: 11 | I32: 18 | J32: 13 | K32: 15 | L32: 20 | M32: 20 | N32: 15 | O32: 19 | P32: 31 | Q32: 10 | R32: 25
A33: Hsinchu County | B33: 一般 | C33: General | D33: 158 | E33: 70 | F33: 88 | G33: 10 | H33: 11 | I33: 14 | J33: 11 | K33: 11 | L33: 14 | M33: 15 | N33: 8 | O33: 11 | P33: 23 | Q33: 9 | R33: 21
B34: 原住民 | C34: Indigenous | D34: 49 | E34: 22 | F34: 27 | G34: 0 | H34: 0 | I34: 4 | J34: 2 | K34: 4 | L34: 6 | M34: 5 | N34: 7 | O34: 8 | P34: 8 | Q34: 1 | R34: 4
A35: 苗栗縣 | B35: 計 | C35: Total | D35: 179 | E35: 78 | F35: 101 | G35: 16 | H35: 18 | I35: 7 | J35: 10 | K35: 15 | L35: 11 | M35: 16 | N35: 10 | O35: 19 | P35: 28 | Q35: 5 | R35: 24
A36: Miaoli County | B36: 一般 | C36: General | D36: 155 | E36: 69 | F36: 86 | G36: 16 | H36: 15 | I36: 6 | J36: 8 | K36: 12 | L36: 8 | M36: 13 | N36: 10 | O36: 17 | P36: 23 | Q36: 5 | R36: 22
B37: 原住民 | C37: Indigenous | D37: 24 | E37: 9 | F37: 15 | G37: 0 | H37: 3 | I37: 1 | J37: 2 | K37: 3 | L37: 3 | M37: 3 | N37: 0 | O37: 2 | P37: 5 | Q37: 0 | R37: 2
A38: 彰化縣 | B38: 計 | C38: Total | D38: 304 | E38: 139 | F38: 165 | G38: 27 | H38: 15 | I38: 21 | J38: 17 | K38: 21 | L38: 17 | M38: 24 | N38: 17 | O38: 19 | P38: 50 | Q38: 27 | R38: 49
A39: Changhua County | B39: 一般 | C39: General | D39: 301 | E39: 137 | F39: 164 | G39: 27 | H39: 15 | I39: 21 | J39: 17 | K39: 21 | L39: 16 | M39: 22 | N39: 17 | O39: 19 | P39: 50 | Q39: 27 | R39: 49
B40: 原住民 | C40: Indigenous | D40: 3 | E40: 2 | F40: 1 | G40: 0 | H40: 0 | I40: 0 | J40: 0 | K40: 0 | L40: 1 | M40: 2 | N40: 0 | O40: 0 | P40: 0 | Q40: 0 | R40: 0
A41: 南投縣 | B41: 計 | C41: Total | D41: 115 | E41: 57 | F41: 58 | G41: 15 | H41: 9 | I41: 6 | J41: 4 | K41: 11 | L41: 4 | M41: 11 | N41: 6 | O41: 8 | P41: 13 | Q41: 6 | R41: 22
A42: Nantou County | B42: 一般 | C42: General | D42: 91 | E42: 48 | F42: 43 | G42: 13 | H42: 7 | I42: 5 | J42: 3 | K42: 8 | L42: 3 | M42: 8 | N42: 2 | O42: 8 | P42: 10 | Q42: 6 | R42: 18
B43: 原住民 | C43: Indigenous | D43: 24 | E43: 9 | F43: 15 | G43: 2 | H43: 2 | I43: 1 | J43: 1 | K43: 3 | L43: 1 | M43: 3 | N43: 4 | O43: 0 | P43: 3 | Q43: 0 | R43: 4
A44: 雲林縣 | B44: 計 | C44: Total | D44: 444 | E44: 199 | F44: 245 | G44: 31 | H44: 30 | I44: 28 | J44: 28 | K44: 49 | L44: 29 | M44: 35 | N44: 36 | O44: 36 | P44: 71 | Q44: 20 | R44: 51
A45: Yunlin County | B45: 一般 | C45: General | D45: 443 | E45: 198 | F45: 245 | G45: 30 | H45: 30 | I45: 28 | J45: 28 | K45: 49 | L45: 29 | M45: 35 | N45: 36 | O45: 36 | P45: 71 | Q45: 20 | R45: 51
B46: 原住民 | C46: Indigenous | D46: 1 | E46: 1 | F46: 0 | G46: 1 | H46: 0 | I46: 0 | J46: 0 | K46: 0 | L46: 0 | M46: 0 | N46: 0 | O46: 0 | P46: 0 | Q46: 0 | R46: 0
A47: 嘉義縣 | B47: 計 | C47: Total | D47: 73 | E47: 33 | F47: 40 | G47: 6 | H47: 4 | I47: 0 | J47: 5 | K47: 6 | L47: 7 | M47: 6 | N47: 0 | O47: 11 | P47: 14 | Q47: 4 | R47: 10
A48: Chiayi County | B48: 一般 | C48: General | D48: 71 | E48: 33 | F48: 38 | G48: 6 | H48: 4 | I48: 0 | J48: 5 | K48: 6 | L48: 7 | M48: 6 | N48: 0 | O48: 11 | P48: 12 | Q48: 4 | R48: 10
B49: 原住民 | C49: Indigenous | D49: 2 | E49: 0 | F49: 2 | G49: 0 | H49: 0 | I49: 0 | J49: 0 | K49: 0 | L49: 0 | M49: 0 | N49: 0 | O49: 0 | P49: 2 | Q49: 0 | R49: 0
A50: 屏東縣 | B50: 計 | C50: Total | D50: 345 | E50: 149 | F50: 196 | G50: 24 | H50: 24 | I50: 22 | J50: 19 | K50: 29 | L50: 19 | M50: 23 | N50: 17 | O50: 27 | P50: 50 | Q50: 24 | R50: 67
A51: Pingtung County | B51: 一般 | C51: General | D51: 286 | E51: 123 | F51: 163 | G51: 19 | H51: 20 | I51: 20 | J51: 16 | K51: 23 | L51: 16 | M51: 16 | N51: 13 | O51: 25 | P51: 43 | Q51: 20 | R51: 55
B52: 原住民 | C52: Indigenous | D52: 59 | E52: 26 | F52: 33 | G52: 5 | H52: 4 | I52: 2 | J52: 3 | K52: 6 | L52: 3 | M52: 7 | N52: 4 | O52: 2 | P52: 7 | Q52: 4 | R52: 12
A53: 臺東縣 | B53: 計 | C53: Total | D53: 178 | E53: 61 | F53: 117 | G53: 5 | H53: 7 | I53: 7 | J53: 5 | K53: 17 | L53: 12 | M53: 8 | N53: 12 | O53: 10 | P53: 49 | Q53: 14 | R53: 32
A54: Taitung County | B54: 一般 | C54: General | D54: 80 | E54: 23 | F54: 57 | G54: 3 | H54: 2 | I54: 3 | J54: 3 | K54: 6 | L54: 7 | M54: 1 | N54: 9 | O54: 5 | P54: 23 | Q54: 5 | R54: 13
B55: 原住民 | C55: Indigenous | D55: 98 | E55: 38 | F55: 60 | G55: 2 | H55: 5 | I55: 4 | J55: 2 | K55: 11 | L55: 5 | M55: 7 | N55: 3 | O55: 5 | P55: 26 | Q55: 9 | R55: 19
A56: 花蓮縣 | B56: 計 | C56: Total | D56: 175 | E56: 75 | F56: 100 | G56: 17 | H56: 9 | I56: 10 | J56: 6 | K56: 12 | L56: 18 | M56: 9 | N56: 8 | O56: 19 | P56: 36 | Q56: 8 | R56: 23
A57: Hualien County | B57: 一般 | C57: General | D57: 74 | E57: 36 | F57: 38 | G57: 8 | H57: 5 | I57: 3 | J57: 1 | K57: 4 | L57: 6 | M57: 6 | N57: 3 | O57: 8 | P57: 12 | Q57: 7 | R57: 11
B58: 原住民 | C58: Indigenous | D58: 101 | E58: 39 | F58: 62 | G58: 9 | H58: 4 | I58: 7 | J58: 5 | K58: 8 | L58: 12 | M58: 3 | N58: 5 | O58: 11 | P58: 24 | Q58: 1 | R58: 12
A59: 澎湖縣 | B59: 計 | C59: Total | D59: 13 | E59: 4 | F59: 9 | G59: 0 | H59: 2 | I59: 0 | J59: 0 | K59: 0 | L59: 0 | M59: 3 | N59: 0 | O59: 0 | P59: 5 | Q59: 1 | R59: 2
