Workbook

Sheet 歷年
A1: 兒童及少年保護-施虐者身分別分Number of Persons Who Abuse Child and Youth by Identity
A2: 單位：人 Unit : Persons
A3: 年別 Year | B3: 總計 Total | F3: (養)父母 Parents (Foster Parents) | H3: 手足 Siblings | K3: (外)祖父母 Grandparents | N3: 其他親屬 Other Relatives | Q3: 同居人 Cohabitants | T3: 教師 Teacher | W3: 同學 Schoolmate | Z3: 保母 Babysitter | AC3: 其他 Others | AF3: 不詳 Unknown
B4: 合計 SubTotal | C4: 男 Male | D4: 女 Female | E4: 不詳 Unknown | F4: 男 Male | G4: 女 Female | H4: 男 Male | I4: 女 Female | J4: 不詳 Unknown | K4: 男 Male | L4: 女 Female | M4: 不詳 Unknown | N4: 男 Male | O4: 女 Female | P4: 不詳 Unknown | Q4: 男 Male | R4: 女 Female | S4: 不詳 Unknown | T4: 男 Male | U4: 女 Female | V4: 不詳 Unknown | W4: 男 Male | X4: 女 Female | Y4: 不詳 Unknown | Z4: 男 Male | AA4: 女 Female | AB4: 不詳 Unknown | AC4: 男 Male | AD4: 女 Female | AE4: 不詳 Unknown | AF4: 男 Male | AG4: 女 Female | AH4: 不詳 Unknown
A6: 108年, 2019 | B6: ='2019'!D7 -> 10192 | C6: ='2019'!E7 -> 6900 | D6: ='2019'!F7 -> 3095 | E6: ='2019'!G7 -> 197 | F6: ='2019'!H7 -> 2862 | G6: ='2019'!I7 -> 2081 | H6: ='2019'!J7 -> 183 | I6: ='2019'!K7 -> 24 | ... AH6: ='2019'!AJ7 -> 133
A7: 109年, 2020 | B7: ='2020'!D7 -> 11746 | C7: ='2020'!E7 -> 7944 | D7: ='2020'!F7 -> 3614 | E7: ='2020'!G7 -> 188 | F7: ='2020'!H7 -> 3206 | G7: ='2020'!I7 -> 2325 | H7: ='2020'!J7 -> 172 | I7: ='2020'!K7 -> 34 | ... AH7: ='2020'!AJ7 -> 149
A8: 110年, 2021 | B8: ='2021'!D7 -> 10809 | C8: ='2021'!E7 -> 7156 | D8: ='2021'!F7 -> 3553 | E8: ='2021'!G7 -> 100 | F8: ='2021'!H7 -> 3220 | G8: ='2021'!I7 -> 2571 | H8: ='2021'!J7 -> 237 | I8: ='2021'!K7 -> 42 | ... AH8: ='2021'!AJ7 -> 97
A9: 111年, 2022 | B9: ='2022'!D7 -> 11350 | C9: ='2022'!E7 -> 7490 | D9: ='2022'!F7 -> 3768 | E9: ='2022'!G7 -> 92 | F9: ='2022'!H7 -> 3346 | G9: ='2022'!I7 -> 2602 | H9: ='2022'!J7 -> 234 | I9: ='2022'!K7 -> 53 | ... AH9: ='2022'!AJ7 -> 89
A10: 112年, 2023 | B10: ='2023'!D7 -> 12129 | C10: ='2023'!E7 -> 7988 | D10: ='2023'!F7 -> 4039 | E10: ='2023'!G7 -> 102 | F10: ='2023'!H7 -> 3760 | G10: ='2023'!I7 -> 2899 | H10: ='2023'!J7 -> 264 | I10: ='2023'!K7 -> 70 | ... AH10: ='2023'!AJ7 -> 100
A11: 113年, 2024 | B11: ='2024'!D7 -> 10794 | C11: ='2024'!E7 -> 7117 | D11: ='2024'!F7 -> 3606 | E11: ='2024'!G7 -> 71 | F11: ='2024'!H7 -> 3473 | G11: ='2024'!I7 -> 2748 | H11: ='2024'!J7 -> 235 | I11: ='2024'!K7 -> 59 | ... AH11: ='2024'!AJ7 -> 65
A12: 上半年, Jan.-June | B12: 5731 | C12: 3896 | D12: 1804 | E12: 31 | F12: 1868 | G12: 1365 | H12: 125 | I12: 32 | J12: 0 | K12: 81 | L12: 99 | M12: 0 | N12: 173 | O12: 49 | P12: 0 | Q12: 177 | R12: 36 | S12: 0 | BD12: 48 | BE12: 4 | BF12: 0 | BG12: 142 | BH12: 32 | BI12: 0 | BJ12: 0 | BK12: 9 | BL12: 0 | BM12: 969 | BN12: 137 | BO12: 3 | BP12: 313 | BQ12: 41 | BR12: 28
A13: 下半年, July-Dec. | B13: 5063 | C13: 3221 | D13: 1802 | E13: 40 | F13: 1605 | G13: 1383 | H13: 110 | I13: 27 | J13: 0 | K13: 64 | L13: 92 | M13: 0 | N13: 135 | O13: 44 | P13: 0 | Q13: 130 | R13: 30 | S13: 1 | BD13: 62 | BE13: 1 | BF13: 0 | BG13: 114 | BH13: 20 | BI13: 0 | BJ13: 1 | BK13: 4 | BL13: 0 | BM13: 727 | BN13: 111 | BO13: 2 | BP13: 273 | BQ13: 90 | BR13: 37
A15: 年別 Year | B15: 總計 Total | F15: (養)父母 Parents (Foster Parents) | H15: 手足 Siblings | K15: (外)祖父母 Grandparents | N15: 其他親屬 Other Relatives | Q15: 父或母之同居人 Cohabitants | T15: (前)親密關係伴侶 Intimate Partner | W15: 托育機構人員 Childcare Institution Staff | Z15: 居家式托育人員 Home-based Childcare Staff | AC15: 補習班或兒童課後 照顧服務中心人員 After-school Care Service Center Staff | AF15: 學校教職員工 School Faculty and Staff | AI15: 安置單位人員 Resettlement Agency Staff | AL15: 職場上司同事 Boss/Colleagues | AO15: 朋友/鄰居 Friends/Neighbors | AR15: 網友 Netizens | AU15: 陌生人 Stranger | AX15: 其他 Others | BA15: 不詳 Unknown
B16: 合計 SubTotal | C16: 男 Male | D16: 女 Female | E16: 不詳 Unknown | F16: 男 Male | G16: 女 Female | H16: 男 Male | I16: 女 Female | J16: 不詳 Unknown | K16: 男 Male | L16: 女 Female | M16: 不詳 Unknown | N16: 男 Male | O16: 女 Female | P16: 不詳 Unknown | Q16: 男 Male | R16: 女 Female | S16: 不詳 Unknown | T16: 男 Male | U16: 女 Female | V16: 不詳 Unknown | W16: 男 Male | X16: 女 Female | Y16: 不詳 Unknown | Z16: 男 Male | AA16: 女 Female | AB16: 不詳 Unknown | AC16: 男 Male | AD16: 女 Female | AE16: 不詳 Unknown | AF16: 男 Male | AG16: 女 Female | AH16: 不詳 Unknown | AI16: 男 Male | AJ16: 女 Female | AK16: 不詳 Unknown | AL16: 男 Male | AM16: 女 Female | AN16: 不詳 Unknown | AO16: 男 Male | AP16: 女 Female | AQ16: 不詳 Unknown | AR16: 男 Male | AS16: 女 Female | AT16: 不詳 Unknown | AU16: 男 Male | AV16: 女 Female | AW16: 不詳 Unknown | AX16: 男 Male | AY16: 女 Female | AZ16: 不詳 Unknown | BA16: 男 Male | BB16: 女 Female | BC16: 不詳 Unknown
A18: 114年, 2025 | B18: ='2025'!D7 -> 9781 | C18: ='2025'!E7 -> 6341 | D18: ='2025'!F7 -> 3308 | E18: ='2025'!G7 -> 132 | F18: ='2025'!H7 -> 3070 | G18: ='2025'!I7 -> 2367 | H18: ='2025'!J7 -> 202 | I18: ='2025'!K7 -> 43 | ... BC18: ='2025'!BE7 -> 131
A19: 上半年, Jan.-June | B19: ='Jan.-June, 2025'!D7 -> 5307 | C19: ='Jan.-June, 2025'!E7 -> 3489 | D19: ='Jan.-June, 2025'!F7 -> 1730 | E19: ='Jan.-June, 2025'!G7 -> 88 | F19: ='Jan.-June, 2025'!H7 -> 1755 | G19: ='Jan.-June, 2025'!I7 -> 1288 | H19: ='Jan.-June, 2025'!J7 -> 125 | I19: ='Jan.-June, 2025'!K7 -> 28 | ... BC19: ='Jan.-June, 2025'!BE7 -> 88
A20: 下半年, July-Dec. | B20: ='July-Dec., 2025'!D7 -> 4474 | C20: ='July-Dec., 2025'!E7 -> 2852 | D20: ='July-Dec., 2025'!F7 -> 1578 | E20: ='July-Dec., 2025'!G7 -> 44 | F20: ='July-Dec., 2025'!H7 -> 1315 | G20: ='July-Dec., 2025'!I7 -> 1079 | H20: ='July-Dec., 2025'!J7 -> 77 | I20: ='July-Dec., 2025'!K7 -> 15 | ... BC20: ='July-Dec., 2025'!BE7 -> 43
A21: 資料來源：各直轄市、縣市政府。
A22: Source: County and Government.
A23: 更新日期：2026/03/31
B24: =IF(B18=SUM(B19:B20),"","*") | C24: =IF(C18=SUM(C19:C20),"","*") | D24: =IF(D18=SUM(D19:D20),"","*") | E24: =IF(E18=SUM(E19:E20),"","*") | F24: =IF(F18=SUM(F19:F20),"","*") | G24: =IF(G18=SUM(G19:G20),"","*") | H24: =IF(H18=SUM(H19:H20),"","*") | I24: =IF(I18=SUM(I19:I20),"","*") | ... BC24: =IF(BC18=SUM(BC19:BC20),"","*")

Sheet 2025
A1: 兒童及少年保護-施虐者身分別分Number of Persons Who Abuse Child and Youth by Identity
A2: 單位：人 Unit : Persons
A3: 民國114年, 2025
A4: 區域及特殊族群別 Locality & Ethnos | D4: 總計 Total | H4: (養)父母 Parents (Foster Parents) | J4: 手足 Siblings | M4: (外)祖父母 Grandparents | P4: 其他親屬 Other Relatives | S4: 父或母之同居人 Cohabitants | V4: (前)親密關係伴侶 Intimate Partner | Y4: 托育機構人員 Childcare Institution Staff | AB4: 居家式托育人員 Home-based Childcare Staff | AE4: 補習班或兒童課後 照顧服務中心人員 After-school Care Service Center Staff | AH4: 學校教職員工 School Faculty and Staff | AK4: 安置單位人員 Resettlement Agency Staff | AN4: 職場上司同事 Boss/Colleagues | AQ4: 朋友/鄰居 Friends/Neighbors | AT4: 網友 Netizens | AW4: 陌生人 Stranger | AZ4: 其他 Others | BC4: 不詳 Unknown
D5: 合計 SubTotal | E5: 男 Male | F5: 女 Female | G5: 不詳 Unknown | H5: 男 Male | I5: 女 Female | J5: 男 Male | K5: 女 Female | L5: 不詳 Unknown | M5: 男 Male | N5: 女 Female | O5: 不詳 Unknown | P5: 男 Male | Q5: 女 Female | R5: 不詳 Unknown | S5: 男 Male | T5: 女 Female | U5: 不詳 Unknown | V5: 男 Male | W5: 女 Female | X5: 不詳 Unknown | Y5: 男 Male | Z5: 女 Female | AA5: 不詳 Unknown | AB5: 男 Male | AC5: 女 Female | AD5: 不詳 Unknown | AE5: 男 Male | AF5: 女 Female | AG5: 不詳 Unknown | AH5: 男 Male | AI5: 女 Female | AJ5: 不詳 Unknown | AK5: 男 Male | AL5: 女 Female | AM5: 不詳 Unknown | AN5: 男 Male | AO5: 女 Female | AP5: 不詳 Unknown | AQ5: 男 Male | AR5: 女 Female | AS5: 不詳 Unknown | AT5: 男 Male | AU5: 女 Female | AV5: 不詳 Unknown | AW5: 男 Male | AX5: 女 Female | AY5: 不詳 Unknown | AZ5: 男 Male | BA5: 女 Female | BB5: 不詳 Unknown | BC5: 男 Male | BD5: 女 Female | BE5: 不詳 Unknown
A7: 總計 | B7: 計 | C7: Total | D7: 9781 | E7: 6341 | F7: 3308 | G7: 132 | H7: 3070 | I7: 2367 | J7: 202 | K7: 43 | L7: 0 | M7: 140 | N7: 179 | O7: 0 | P7: 266 | Q7: 71 | R7: 0 | S7: 261 | T7: 79 | U7: 1 | V7: 102 | W7: 6 | X7: 0 | Y7: 1 | Z7: 5 | AA7: 0 | AB7: 5 | AC7: 9 | AD7: 0 | AE7: 17 | AF7: 1 | AG7: 0 | AH7: 52 | AI7: 9 | AJ7: 0 | AK7: 27 | AL7: 5 | AM7: 0 | AN7: 3 | AO7: 0 | AP7: 0 | AQ7: 454 | AR7: 40 | AS7: 0 | AT7: 28 | AU7: 0 | AV7: 0 | AW7: 101 | AX7: 5 | AY7: 0 | AZ7: 922 | BA7: 130 | BB7: 0 | BC7: 690 | BD7: 359 | BE7: 131
A8: Total | B8: 一般 | C8: General | D8: 9136 | E8: 5947 | F8: 3057 | G8: 132 | H8: 2884 | I8: 2169 | J8: 182 | K8: 36 | L8: 0 | M8: 135 | N8: 175 | O8: 0 | P8: 236 | Q8: 64 | R8: 0 | S8: 225 | T8: 78 | U8: 1 | V8: 97 | W8: 6 | X8: 0 | Y8: 1 | Z8: 4 | AA8: 0 | AB8: 5 | AC8: 9 | AD8: 0 | AE8: 17 | AF8: 1 | AG8: 0 | AH8: 51 | AI8: 9 | AJ8: 0 | AK8: 26 | AL8: 5 | AM8: 0 | AN8: 3 | AO8: 0 | AP8: 0 | AQ8: 434 | AR8: 39 | AS8: 0 | AT8: 28 | AU8: 0 | AV8: 0 | AW8: 96 | AX8: 5 | AY8: 0 | AZ8: 875 | BA8: 115 | BB8: 0 | BC8: 652 | BD8: 342 | BE8: 131
B9: 原住民 | C9: Indigenous | D9: 645 | E9: 394 | F9: 251 | G9: 0 | H9: 186 | I9: 198 | J9: 20 | K9: 7 | L9: 0 | M9: 5 | N9: 4 | O9: 0 | P9: 30 | Q9: 7 | R9: 0 | S9: 36 | T9: 1 | U9: 0 | V9: 5 | W9: 0 | X9: 0 | Y9: 0 | Z9: 1 | AA9: 0 | AB9: 0 | AC9: 0 | AD9: 0 | AE9: 0 | AF9: 0 | AG9: 0 | AH9: 1 | AI9: 0 | AJ9: 0 | AK9: 1 | AL9: 0 | AM9: 0 | AN9: 0 | AO9: 0 | AP9: 0 | AQ9: 20 | AR9: 1 | AS9: 0 | AT9: 0 | AU9: 0 | AV9: 0 | AW9: 5 | AX9: 0 | AY9: 0 | AZ9: 47 | BA9: 15 | BB9: 0 | BC9: 38 | BD9: 17 | BE9: 0
A10: 新北市 | B10: 計 | C10: Total | D10: 2119 | E10: 1438 | F10: 651 | G10: 30 | H10: 635 | I10: 459 | J10: 43 | K10: 10 | L10: 0 | M10: 34 | N10: 33 | O10: 0 | P10: 55 | Q10: 10 | R10: 0 | S10: 41 | T10: 11 | U10: 0 | V10: 0 | W10: 0 | X10: 0 | Y10: 0 | Z10: 2 | AA10: 0 | AB10: 0 | AC10: 4 | AD10: 0 | AE10: 1 | AF10: 0 | AG10: 0 | AH10: 17 | AI10: 0 | AJ10: 0 | AK10: 4 | AL10: 0 | AM10: 0 | AN10: 0 | AO10: 0 | AP10: 0 | AQ10: 210 | AR10: 8 | AS10: 0 | AT10: 0 | AU10: 0 | AV10: 0 | AW10: 32 | AX10: 2 | AY10: 0 | AZ10: 168 | BA10: 16 | BB10: 0 | BC10: 198 | BD10: 96 | BE10: 30
A11: New Taipei City | B11: 一般 | C11: General | D11: 2024 | E11: 1387 | F11: 607 | G11: 30 | H11: 614 | I11: 428 | J11: 40 | K11: 8 | L11: 0 | M11: 32 | N11: 32 | O11: 0 | P11: 49 | Q11: 9 | R11: 0 | S11: 34 | T11: 11 | U11: 0 | V11: 0 | W11: 0 | X11: 0 | Y11: 0 | Z11: 1 | AA11: 0 | AB11: 0 | AC11: 4 | AD11: 0 | AE11: 1 | AF11: 0 | AG11: 0 | AH11: 17 | AI11: 0 | AJ11: 0 | AK11: 4 | AL11: 0 | AM11: 0 | AN11: 0 | AO11: 0 | AP11: 0 | AQ11: 208 | AR11: 8 | AS11: 0 | AT11: 0 | AU11: 0 | AV11: 0 | AW11: 31 | AX11: 2 | AY11: 0 | AZ11: 164 | BA11: 13 | BB11: 0 | BC11: 193 | BD11: 91 | BE11: 30
B12: 原住民 | C12: Indigenous | D12: 95 | E12: 51 | F12: 44 | G12: 0 | H12: 21 | I12: 31 | J12: 3 | K12: 2 | L12: 0 | M12: 2 | N12: 1 | O12: 0 | P12: 6 | Q12: 1 | R12: 0 | S12: 7 | T12: 0 | U12: 0 | V12: 0 | W12: 0 | X12: 0 | Y12: 0 | Z12: 1 | AA12: 0 | AB12: 0 | AC12: 0 | AD12: 0 | AE12: 0 | AF12: 0 | AG12: 0 | AH12: 0 | AI12: 0 | AJ12: 0 | AK12: 0 | AL12: 0 | AM12: 0 | AN12: 0 | AO12: 0 | AP12: 0 | AQ12: 2 | AR12: 0 | AS12: 0 | AT12: 0 | AU12: 0 | AV12: 0 | AW12: 1 | AX12: 0 | AY12: 0 | AZ12: 4 | BA12: 3 | BB12: 0 | BC12: 5 | BD12: 5 | BE12: 0
A13: 臺北市 | B13: 計 | C13: Total | D13: 907 | E13: 546 | F13: 324 | G13: 37 | H13: 274 | I13: 227 | J13: 14 | K13: 4 | L13: 0 | M13: 8 | N13: 14 | O13: 0 | P13: 10 | Q13: 5 | R13: 0 | S13: 25 | T13: 4 | U13: 0 | V13: 0 | W13: 0 | X13: 0 | Y13: 1 | Z13: 0 | AA13: 0 | AB13: 0 | AC13: 0 | AD13: 0 | AE13: 4 | AF13: 0 | AG13: 0 | AH13: 3 | AI13: 0 | AJ13: 0 | AK13: 1 | AL13: 0 | AM13: 0 | AN13: 0 | AO13: 0 | AP13: 0 | AQ13: 32 | AR13: 4 | AS13: 0 | AT13: 0 | AU13: 0 | AV13: 0 | AW13: 11 | AX13: 0 | AY13: 0 | AZ13: 116 | BA13: 20 | BB13: 0 | BC13: 47 | BD13: 46 | BE13: 37
A14: Taipei City | B14: 一般 | C14: General | D14: 895 | E14: 543 | F14: 315 | G14: 37 | H14: 272 | I14: 219 | J14: 14 | K14: 4 | L14: 0 | M14: 8 | N14: 14 | O14: 0 | P14: 10 | Q14: 5 | R14: 0 | S14: 25 | T14: 4 | U14: 0 | V14: 0 | W14: 0 | X14: 0 | Y14: 1 | Z14: 0 | AA14: 0 | AB14: 0 | AC14: 0 | AD14: 0 | AE14: 4 | AF14: 0 | AG14: 0 | AH14: 3 | AI14: 0 | AJ14: 0 | AK14: 1 | AL14: 0 | AM14: 0 | AN14: 0 | AO14: 0 | AP14: 0 | AQ14: 31 | AR14: 4 | AS14: 0 | AT14: 0 | AU14: 0 | AV14: 0 | AW14: 11 | AX14: 0 | AY14: 0 | AZ14: 116 | BA14: 20 | BB14: 0 | BC14: 47 | BD14: 45 | BE14: 37
B15: 原住民 | C15: Indigenous | D15: 12 | E15: 3 | F15: 9 | G15: 0 | H15: 2 | I15: 8 | J15: 0 | K15: 0 | L15: 0 | M15: 0 | N15: 0 | O15: 0 | P15: 0 | Q15: 0 | R15: 0 | S15: 0 | T15: 0 | U15: 0 | V15: 0 | W15: 0 | X15: 0 | Y15: 0 | Z15: 0 | AA15: 0 | AB15: 0 | AC15: 0 | AD15: 0 | AE15: 0 | AF15: 0 | AG15: 0 | AH15: 0 | AI15: 0 | AJ15: 0 | AK15: 0 | AL15: 0 | AM15: 0 | AN15: 0 | AO15: 0 | AP15: 0 | AQ15: 1 | AR15: 0 | AS15: 0 | AT15: 0 | AU15: 0 | AV15: 0 | AW15: 0 | AX15: 0 | AY15: 0 | AZ15: 0 | BA15: 0 | BB15: 0 | BC15: 0 | BD15: 1 | BE15: 0
A16: 桃園市 | B16: 計 | C16: Total | D16: 790 | E16: 563 | F16: 216 | G16: 11 | H16: 270 | I16: 169 | J16: 8 | K16: 3 | L16: 0 | M16: 12 | N16: 11 | O16: 0 | P16: 23 | Q16: 5 | R16: 0 | S16: 15 | T16: 5 | U16: 0 | V16: 3 | W16: 0 | X16: 0 | Y16: 0 | Z16: 0 | AA16: 0 | AB16: 0 | AC16: 3 | AD16: 0 | AE16: 2 | AF16: 0 | AG16: 0 | AH16: 11 | AI16: 1 | AJ16: 0 | AK16: 2 | AL16: 0 | AM16: 0 | AN16: 0 | AO16: 0 | AP16: 0 | AQ16: 29 | AR16: 5 | AS16: 0 | AT16: 2 | AU16: 0 | AV16: 0 | AW16: 8 | AX16: 1 | AY16: 0 | AZ16: 134 | BA16: 11 | BB16: 0 | BC16: 44 | BD16: 2 | BE16: 11
A17: Taoyuan City | B17: 一般 | C17: General | D17: 709 | E17: 518 | F17: 180 | G17: 11 | H17: 244 | I17: 138 | J17: 7 | K17: 2 | L17: 0 | M17: 11 | N17: 11 | O17: 0 | P17: 23 | Q17: 4 | R17: 0 | S17: 11 | T17: 5 | U17: 0 | V17: 0 | W17: 0 | X17: 0 | Y17: 0 | Z17: 0 | AA17: 0 | AB17: 0 | AC17: 3 | AD17: 0 | AE17: 2 | AF17: 0 | AG17: 0 | AH17: 11 | AI17: 1 | AJ17: 0 | AK17: 2 | AL17: 0 | AM17: 0 | AN17: 0 | AO17: 0 | AP17: 0 | AQ17: 26 | AR17: 4 | AS17: 0 | AT17: 2 | AU17: 0 | AV17: 0 | AW17: 7 | AX17: 1 | AY17: 0 | AZ17: 129 | BA17: 9 | BB17: 0 | BC17: 43 | BD17: 2 | BE17: 11
B18: 原住民 | C18: Indigenous | D18: 81 | E18: 45 | F18: 36 | G18: 0 | H18: 26 | I18: 31 | J18: 1 | K18: 1 | L18: 0 | M18: 1 | N18: 0 | O18: 0 | P18: 0 | Q18: 1 | R18: 0 | S18: 4 | T18: 0 | U18: 0 | V18: 3 | W18: 0 | X18: 0 | Y18: 0 | Z18: 0 | AA18: 0 | AB18: 0 | AC18: 0 | AD18: 0 | AE18: 0 | AF18: 0 | AG18: 0 | AH18: 0 | AI18: 0 | AJ18: 0 | AK18: 0 | AL18: 0 | AM18: 0 | AN18: 0 | AO18: 0 | AP18: 0 | AQ18: 3 | AR18: 1 | AS18: 0 | AT18: 0 | AU18: 0 | AV18: 0 | AW18: 1 | AX18: 0 | AY18: 0 | AZ18: 5 | BA18: 2 | BB18: 0 | BC18: 1 | BD18: 0 | BE18: 0
A19: 臺中市 | B19: 計 | C19: Total | D19: 1295 | E19: 831 | F19: 443 | G19: 21 | H19: 472 | I19: 283 | J19: 27 | K19: 7 | L19: 0 | M19: 22 | N19: 27 | O19: 0 | P19: 27 | Q19: 11 | R19: 0 | S19: 29 | T19: 13 | U19: 0 | V19: 0 | W19: 0 | X19: 0 | Y19: 0 | Z19: 0 | AA19: 0 | AB19: 0 | AC19: 0 | AD19: 0 | AE19: 1 | AF19: 0 | AG19: 0 | AH19: 4 | AI19: 0 | AJ19: 0 | AK19: 8 | AL19: 0 | AM19: 0 | AN19: 0 | AO19: 0 | AP19: 0 | AQ19: 47 | AR19: 2 | AS19: 0 | AT19: 1 | AU19: 0 | AV19: 0 | AW19: 8 | AX19: 1 | AY19: 0 | AZ19: 133 | BA19: 8 | BB19: 0 | BC19: 52 | BD19: 91 | BE19: 21
A20: Taichung City | B20: 一般 | C20: General | D20: 1240 | E20: 794 | F20: 425 | G20: 21 | H20: 447 | I20: 269 | J20: 24 | K20: 6 | L20: 0 | M20: 21 | N20: 24 | O20: 0 | P20: 26 | Q20: 11 | R20: 0 | S20: 27 | T20: 13 | U20: 0 | V20: 0 | W20: 0 | X20: 0 | Y20: 0 | Z20: 0 | AA20: 0 | AB20: 0 | AC20: 0 | AD20: 0 | AE20: 1 | AF20: 0 | AG20: 0 | AH20: 3 | AI20: 0 | AJ20: 0 | AK20: 8 | AL20: 0 | AM20: 0 | AN20: 0 | AO20: 0 | AP20: 0 | AQ20: 46 | AR20: 2 | AS20: 0 | AT20: 1 | AU20: 0 | AV20: 0 | AW20: 7 | AX20: 1 | AY20: 0 | AZ20: 132 | BA20: 8 | BB20: 0 | BC20: 51 | BD20: 91 | BE20: 21
B21: 原住民 | C21: Indigenous | D21: 55 | E21: 37 | F21: 18 | G21: 0 | H21: 25 | I21: 14 | J21: 3 | K21: 1 | L21: 0 | M21: 1 | N21: 3 | O21: 0 | P21: 1 | Q21: 0 | R21: 0 | S21: 2 | T21: 0 | U21: 0 | V21: 0 | W21: 0 | X21: 0 | Y21: 0 | Z21: 0 | AA21: 0 | AB21: 0 | AC21: 0 | AD21: 0 | AE21: 0 | AF21: 0 | AG21: 0 | AH21: 1 | AI21: 0 | AJ21: 0 | AK21: 0 | AL21: 0 | AM21: 0 | AN21: 0 | AO21: 0 | AP21: 0 | AQ21: 1 | AR21: 0 | AS21: 0 | AT21: 0 | AU21: 0 | AV21: 0 | AW21: 1 | AX21: 0 | AY21: 0 | AZ21: 1 | BA21: 0 | BB21: 0 | BC21: 1 | BD21: 0 | BE21: 0
A22: 臺南市 | B22: 計 | C22: Total | D22: 543 | E22: 340 | F22: 201 | G22: 2 | H22: 174 | I22: 157 | J22: 26 | K22: 2 | L22: 0 | M22: 7 | N22: 9 | O22: 0 | P22: 9 | Q22: 7 | R22: 0 | S22: 24 | T22: 15 | U22: 0 | V22: 0 | W22: 0 | X22: 0 | Y22: 0 | Z22: 0 | AA22: 0 | AB22: 0 | AC22: 0 | AD22: 0 | AE22: 4 | AF22: 0 | AG22: 0 | AH22: 3 | AI22: 0 | AJ22: 0 | AK22: 2 | AL22: 1 | AM22: 0 | AN22: 0 | AO22: 0 | AP22: 0 | AQ22: 14 | AR22: 3 | AS22: 0 | AT22: 0 | AU22: 0 | AV22: 0 | AW22: 9 | AX22: 0 | AY22: 0 | AZ22: 61 | BA22: 4 | BB22: 0 | BC22: 7 | BD22: 3 | BE22: 2
A23: Tainan City | B23: 一般 | C23: General | D23: 529 | E23: 334 | F23: 193 | G23: 2 | H23: 171 | I23: 150 | J23: 24 | K23: 1 | L23: 0 | M23: 7 | N23: 9 | O23: 0 | P23: 9 | Q23: 7 | R23: 0 | S23: 24 | T23: 15 | U23: 0 | V23: 0 | W23: 0 | X23: 0 | Y23: 0 | Z23: 0 | AA23: 0 | AB23: 0 | AC23: 0 | AD23: 0 | AE23: 4 | AF23: 0 | AG23: 0 | AH23: 3 | AI23: 0 | AJ23: 0 | AK23: 2 | AL23: 1 | AM23: 0 | AN23: 0 | AO23: 0 | AP23: 0 | AQ23: 14 | AR23: 3 | AS23: 0 | AT23: 0 | AU23: 0 | AV23: 0 | AW23: 9 | AX23: 0 | AY23: 0 | AZ23: 61 | BA23: 4 | BB23: 0 | BC23: 6 | BD23: 3 | BE23: 2
B24: 原住民 | C24: Indigenous | D24: 14 | E24: 6 | F24: 8 | G24: 0 | H24: 3 | I24: 7 | J24: 2 | K24: 1 | L24: 0 | M24: 0 | N24: 0 | O24: 0 | P24: 0 | Q24: 0 | R24: 0 | S24: 0 | T24: 0 | U24: 0 | V24: 0 | W24: 0 | X24: 0 | Y24: 0 | Z24: 0 | AA24: 0 | AB24: 0 | AC24: 0 | AD24: 0 | AE24: 0 | AF24: 0 | AG24: 0 | AH24: 0 | AI24: 0 | AJ24: 0 | AK24: 0 | AL24: 0 | AM24: 0 | AN24: 0 | AO24: 0 | AP24: 0 | AQ24: 0 | AR24: 0 | AS24: 0 | AT24: 0 | AU24: 0 | AV24: 0 | AW24: 0 | AX24: 0 | AY24: 0 | AZ24: 0 | BA24: 0 | BB24: 0 | BC24: 1 | BD24: 0 | BE24: 0
A25: 高雄市 | B25: 計 | C25: Total | D25: 1297 | E25: 788 | F25: 496 | G25: 13 | H25: 395 | I25: 326 | J25: 20 | K25: 4 | L25: 0 | M25: 17 | N25: 42 | O25: 0 | P25: 20 | Q25: 10 | R25: 0 | S25: 42 | T25: 6 | U25: 1 | V25: 73 | W25: 5 | X25: 0 | Y25: 0 | Z25: 3 | AA25: 0 | AB25: 1 | AC25: 0 | AD25: 0 | AE25: 1 | AF25: 0 | AG25: 0 | AH25: 3 | AI25: 1 | AJ25: 0 | AK25: 1 | AL25: 0 | AM25: 0 | AN25: 2 | AO25: 0 | AP25: 0 | AQ25: 41 | AR25: 4 | AS25: 0 | AT25: 18 | AU25: 0 | AV25: 0 | AW25: 12 | AX25: 0 | AY25: 0 | AZ25: 20 | BA25: 29 | BB25: 0 | BC25: 122 | BD25: 66 | BE25: 12
A26: Kaohsiung City | B26: 一般 | C26: General | D26: 1253 | E26: 768 | F26: 472 | G26: 13 | H26: 383 | I26: 307 | J26: 19 | K26: 4 | L26: 0 | M26: 17 | N26: 42 | O26: 0 | P26: 19 | Q26: 8 | R26: 0 | S26: 42 | T26: 6 | U26: 1 | V26: 71 | W26: 5 | X26: 0 | Y26: 0 | Z26: 3 | AA26: 0 | AB26: 1 | AC26: 0 | AD26: 0 | AE26: 1 | AF26: 0 | AG26: 0 | AH26: 3 | AI26: 1 | AJ26: 0 | AK26: 1 | AL26: 0 | AM26: 0 | AN26: 2 | AO26: 0 | AP26: 0 | AQ26: 40 | AR26: 4 | AS26: 0 | AT26: 18 | AU26: 0 | AV26: 0 | AW26: 12 | AX26: 0 | AY26: 0 | AZ26: 20 | BA26: 28 | BB26: 0 | BC26: 119 | BD26: 64 | BE26: 12
B27: 原住民 | C27: Indigenous | D27: 44 | E27: 20 | F27: 24 | G27: 0 | H27: 12 | I27: 19 | J27: 1 | K27: 0 | L27: 0 | M27: 0 | N27: 0 | O27: 0 | P27: 1 | Q27: 2 | R27: 0 | S27: 0 | T27: 0 | U27: 0 | V27: 2 | W27: 0 | X27: 0 | Y27: 0 | Z27: 0 | AA27: 0 | AB27: 0 | AC27: 0 | AD27: 0 | AE27: 0 | AF27: 0 | AG27: 0 | AH27: 0 | AI27: 0 | AJ27: 0 | AK27: 0 | AL27: 0 | AM27: 0 | AN27: 0 | AO27: 0 | AP27: 0 | AQ27: 1 | AR27: 0 | AS27: 0 | AT27: 0 | AU27: 0 | AV27: 0 | AW27: 0 | AX27: 0 | AY27: 0 | AZ27: 0 | BA27: 1 | BB27: 0 | BC27: 3 | BD27: 2 | BE27: 0
A28: 宜蘭縣 | B28: 計 | C28: Total | D28: 60 | E28: 39 | F28: 21 | G28: 0 | H28: 20 | I28: 15 | J28: 1 | K28: 1 | L28: 0 | M28: 1 | N28: 1 | O28: 0 | P28: 3 | Q28: 1 | R28: 0 | S28: 5 | T28: 2 | U28: 0 | V28: 0 | W28: 0 | X28: 0 | Y28: 0 | Z28: 0 | AA28: 0 | AB28: 0 | AC28: 0 | AD28: 0 | AE28: 0 | AF28: 0 | AG28: 0 | AH28: 1 | AI28: 0 | AJ28: 0 | AK28: 0 | AL28: 0 | AM28: 0 | AN28: 0 | AO28: 0 | AP28: 0 | AQ28: 0 | AR28: 0 | AS28: 0 | AT28: 0 | AU28: 0 | AV28: 0 | AW28: 0 | AX28: 0 | AY28: 0 | AZ28: 8 | BA28: 1 | BB28: 0 | BC28: 0 | BD28: 0 | BE28: 0
A29: Yilan County | B29: 一般 | C29: General | D29: 54 | E29: 34 | F29: 20 | G29: 0 | H29: 20 | I29: 15 | J29: 1 | K29: 1 | L29: 0 | M29: 1 | N29: 1 | O29: 0 | P29: 2 | Q29: 1 | R29: 0 | S29: 4 | T29: 2 | U29: 0 | V29: 0 | W29: 0 | X29: 0 | Y29: 0 | Z29: 0 | AA29: 0 | AB29: 0 | AC29: 0 | AD29: 0 | AE29: 0 | AF29: 0 | AG29: 0 | AH29: 1 | AI29: 0 | AJ29: 0 | AK29: 0 | AL29: 0 | AM29: 0 | AN29: 0 | AO29: 0 | AP29: 0 | AQ29: 0 | AR29: 0 | AS29: 0 | AT29: 0 | AU29: 0 | AV29: 0 | AW29: 0 | AX29: 0 | AY29: 0 | AZ29: 5 | BA29: 0 | BB29: 0 | BC29: 0 | BD29: 0 | BE29: 0
B30: 原住民 | C30: Indigenous | D30: 6 | E30: 5 | F30: 1 | G30: 0 | H30: 0 | I30: 0 | J30: 0 | K30: 0 | L30: 0 | M30: 0 | N30: 0 | O30: 0 | P30: 1 | Q30: 0 | R30: 0 | S30: 1 | T30: 0 | U30: 0 | V30: 0 | W30: 0 | X30: 0 | Y30: 0 | Z30: 0 | AA30: 0 | AB30: 0 | AC30: 0 | AD30: 0 | AE30: 0 | AF30: 0 | AG30: 0 | AH30: 0 | AI30: 0 | AJ30: 0 | AK30: 0 | AL30: 0 | AM30: 0 | AN30: 0 | AO30: 0 | AP30: 0 | AQ30: 0 | AR30: 0 | AS30: 0 | AT30: 0 | AU30: 0 | AV30: 0 | AW30: 0 | AX30: 0 | AY30: 0 | AZ30: 3 | BA30: 1 | BB30: 0 | BC30: 0 | BD30: 0 | BE30: 0
A31: 新竹縣 | B31: 計 | C31: Total | D31: 336 | E31: 206 | F31: 128 | G31: 2 | H31: 118 | I31: 114 | J31: 10 | K31: 0 | L31: 0 | M31: 6 | N31: 2 | O31: 0 | P31: 4 | Q31: 2 | R31: 0 | S31: 16 | T31: 0 | U31: 0 | V31: 0 | W31: 0 | X31: 0 | Y31: 0 | Z31: 0 | AA31: 0 | AB31: 0 | AC31: 0 | AD31: 0 | AE31: 0 | AF31: 0 | AG31: 0 | AH31: 0 | AI31: 0 | AJ31: 0 | AK31: 4 | AL31: 2 | AM31: 0 | AN31: 0 | AO31: 0 | AP31: 0 | AQ31: 2 | AR31: 0 | AS31: 0 | AT31: 0 | AU31: 0 | AV31: 0 | AW31: 6 | AX31: 0 | AY31: 0 | AZ31: 30 | BA31: 8 | BB31: 0 | BC31: 10 | BD31: 0 | BE31: 2
A32: Hsinchu County | B32: 一般 | C32: General | D32: 282 | E32: 178 | F32: 102 | G32: 2 | H32: 108 | I32: 90 | J32: 8 | K32: 0 | L32: 0 | M32: 6 | N32: 2 | O32: 0 | P32: 4 | Q32: 2 | R32: 0 | S32: 6 | T32: 0 | U32: 0 | V32: 0 | W32: 0 | X32: 0 | Y32: 0 | Z32: 0 | AA32: 0 | AB32: 0 | AC32: 0 | AD32: 0 | AE32: 0 | AF32: 0 | AG32: 0 | AH32: 0 | AI32: 0 | AJ32: 0 | AK32: 4 | AL32: 2 | AM32: 0 | AN32: 0 | AO32: 0 | AP32: 0 | AQ32: 2 | AR32: 0 | AS32: 0 | AT32: 0 | AU32: 0 | AV32: 0 | AW32: 6 | AX32: 0 | AY32: 0 | AZ32: 24 | BA32: 6 | BB32: 0 | BC32: 10 | BD32: 0 | BE32: 2
B33: 原住民 | C33: Indigenous | D33: 54 | E33: 28 | F33: 26 | G33: 0 | H33: 10 | I33: 24 | J33: 2 | K33: 0 | L33: 0 | M33: 0 | N33: 0 | O33: 0 | P33: 0 | Q33: 0 | R33: 0 | S33: 10 | T33: 0 | U33: 0 | V33: 0 | W33: 0 | X33: 0 | Y33: 0 | Z33: 0 | AA33: 0 | AB33: 0 | AC33: 0 | AD33: 0 | AE33: 0 | AF33: 0 | AG33: 0 | AH33: 0 | AI33: 0 | AJ33: 0 | AK33: 0 | AL33: 0 | AM33: 0 | AN33: 0 | AO33: 0 | AP33: 0 | AQ33: 0 | AR33: 0 | AS33: 0 | AT33: 0 | AU33: 0 | AV33: 0 | AW33: 0 | AX33: 0 | AY33: 0 | AZ33: 6 | BA33: 2 | BB33: 0 | BC33: 0 | BD33: 0 | BE33: 0
A34: 苗栗縣 | B34: 計 | C34: Total | D34: 201 | E34: 150 | F34: 49 | G34: 2 | H34: 56 | I34: 38 | J34: 1 | K34: 0 | L34: 0 | M34: 1 | N34: 3 | O34: 0 | P34: 13 | Q34: 0 | R34: 0 | S34: 4 | T34: 3 | U34: 0 | V34: 25 | W34: 1 | X34: 0 | Y34: 0 | Z34: 0 | AA34: 0 | AB34: 0 | AC34: 0 | AD34: 0 | AE34: 1 | AF34: 0 | AG34: 0 | AH34: 2 | AI34: 0 | AJ34: 0 | AK34: 0 | AL34: 0 | AM34: 0 | AN34: 1 | AO34: 0 | AP34: 0 | AQ34: 10 | AR34: 1 | AS34: 0 | AT34: 6 | AU34: 0 | AV34: 0 | AW34: 6 | AX34: 0 | AY34: 0 | AZ34: 24 | BA34: 3 | BB34: 0 | BC34: 0 | BD34: 0 | BE34: 2
A35: Miaoli County | B35: 一般 | C35: General | D35: 194 | E35: 144 | F35: 48 | G35: 2 | H35: 51 | I35: 37 | J35: 1 | K35: 0 | L35: 0 | M35: 1 | N35: 3 | O35: 0 | P35: 13 | Q35: 0 | R35: 0 | S35: 4 | T35: 3 | U35: 0 | V35: 25 | W35: 1 | X35: 0 | Y35: 0 | Z35: 0 | AA35: 0 | AB35: 0 | AC35: 0 | AD35: 0 | AE35: 1 | AF35: 0 | AG35: 0 | AH35: 2 | AI35: 0 | AJ35: 0 | AK35: 0 | AL35: 0 | AM35: 0 | AN35: 1 | AO35: 0 | AP35: 0 | AQ35: 10 | AR35: 1 | AS35: 0 | AT35: 6 | AU35: 0 | AV35: 0 | AW35: 6 | AX35: 0 | AY35: 0 | AZ35: 23 | BA35: 3 | BB35: 0 | BC35: 0 | BD35: 0 | BE35: 2
B36: 原住民 | C36: Indigenous | D36: 7 | E36: 6 | F36: 1 | G36: 0 | H36: 5 | I36: 1 | J36: 0 | K36: 0 | L36: 0 | M36: 0 | N36: 0 | O36: 0 | P36: 0 | Q36: 0 | R36: 0 | S36: 0 | T36: 0 | U36: 0 | V36: 0 | W36: 0 | X36: 0 | Y36: 0 | Z36: 0 | AA36: 0 | AB36: 0 | AC36: 0 | AD36: 0 | AE36: 0 | AF36: 0 | AG36: 0 | AH36: 0 | AI36: 0 | AJ36: 0 | AK36: 0 | AL36: 0 | AM36: 0 | AN36: 0 | AO36: 0 | AP36: 0 | AQ36: 0 | AR36: 0 | AS36: 0 | AT36: 0 | AU36: 0 | AV36: 0 | AW36: 0 | AX36: 0 | AY36: 0 | AZ36: 1 | BA36: 0 | BB36: 0 | BC36: 0 | BD36: 0 | BE36: 0
A37: 彰化縣 | B37: 計 | C37: Total | D37: 373 | E37: 194 | F37: 177 | G37: 2 | H37: 131 | I37: 135 | J37: 10 | K37: 4 | L37: 0 | M37: 4 | N37: 10 | O37: 0 | P37: 10 | Q37: 5 | R37: 0 | S37: 4 | T37: 7 | U37: 0 | V37: 0 | W37: 0 | X37: 0 | Y37: 0 | Z37: 0 | AA37: 0 | AB37: 0 | AC37: 0 | AD37: 0 | AE37: 1 | AF37: 1 | AG37: 0 | AH37: 3 | AI37: 6 | AJ37: 0 | AK37: 0 | AL37: 0 | AM37: 0 | AN37: 0 | AO37: 0 | AP37: 0 | AQ37: 0 | AR37: 0 | AS37: 0 | AT37: 0 | AU37: 0 | AV37: 0 | AW37: 0 | AX37: 0 | AY37: 0 | AZ37: 0 | BA37: 0 | BB37: 0 | BC37: 31 | BD37: 9 | BE37: 2
A38: Changhua County | B38: 一般 | C38: General | D38: 360 | E38: 188 | F38: 170 | G38: 2 | H38: 125 | I38: 128 | J38: 10 | K38: 4 | L38: 0 | M38: 4 | N38: 10 | O38: 0 | P38: 10 | Q38: 5 | R38: 0 | S38: 4 | T38: 7 | U38: 0 | V38: 0 | W38: 0 | X38: 0 | Y38: 0 | Z38: 0 | AA38: 0 | AB38: 0 | AC38: 0 | AD38: 0 | AE38: 1 | AF38: 1 | AG38: 0 | AH38: 3 | AI38: 6 | AJ38: 0 | AK38: 0 | AL38: 0 | AM38: 0 | AN38: 0 | AO38: 0 | AP38: 0 | AQ38: 0 | AR38: 0 | AS38: 0 | AT38: 0 | AU38: 0 | AV38: 0 | AW38: 0 | AX38: 0 | AY38: 0 | AZ38: 0 | BA38: 0 | BB38: 0 | BC38: 31 | BD38: 9 | BE38: 2
B39: 原住民 | C39: Indigenous | D39: 13 | E39: 6 | F39: 7 | G39: 0 | H39: 6 | I39: 7 | J39: 0 | K39: 0 | L39: 0 | M39: 0 | N39: 0 | O39: 0 | P39: 0 | Q39: 0 | R39: 0 | S39: 0 | T39: 0 | U39: 0 | V39: 0 | W39: 0 | X39: 0 | Y39: 0 | Z39: 0 | AA39: 0 | AB39: 0 | AC39: 0 | AD39: 0 | AE39: 0 | AF39: 0 | AG39: 0 | AH39: 0 | AI39: 0 | AJ39: 0 | AK39: 0 | AL39: 0 | AM39: 0 | AN39: 0 | AO39: 0 | AP39: 0 | AQ39: 0 | AR39: 0 | AS39: 0 | AT39: 0 | AU39: 0 | AV39: 0 | AW39: 0 | AX39: 0 | AY39: 0 | AZ39: 0 | BA39: 0 | BB39: 0 | BC39: 0 | BD39: 0 | BE39: 0
A40: 南投縣 | B40: 計 | C40: Total | D40: 190 | E40: 138 | F40: 49 | G40: 3 | H40: 51 | I40: 40 | J40: 7 | K40: 1 | L40: 0 | M40: 7 | N40: 2 | O40: 0 | P40: 6 | Q40: 0 | R40: 0 | S40: 2 | T40: 0 | U40: 0 | V40: 0 | W40: 0 | X40: 0 | Y40: 0 | Z40: 0 | AA40: 0 | AB40: 0 | AC40: 0 | AD40: 0 | AE40: 0 | AF40: 0 | AG40: 0 | AH40: 0 | AI40: 0 | AJ40: 0 | AK40: 0 | AL40: 0 | AM40: 0 | AN40: 0 | AO40: 0 | AP40: 0 | AQ40: 2 | AR40: 1 | AS40: 0 | AT40: 1 | AU40: 0 | AV40: 0 | AW40: 0 | AX40: 0 | AY40: 0 | AZ40: 16 | BA40: 0 | BB40: 0 | BC40: 46 | BD40: 5 | BE40: 3
A41: Nantou County | B41: 一般 | C41: General | D41: 150 | E41: 111 | F41: 36 | G41: 3 | H41: 37 | I41: 30 | J41: 5 | K41: 0 | L41: 0 | M41: 7 | N41: 2 | O41: 0 | P41: 3 | Q41: 0 | R41: 0 | S41: 1 | T41: 0 | U41: 0 | V41: 0 | W41: 0 | X41: 0 | Y41: 0 | Z41: 0 | AA41: 0 | AB41: 0 | AC41: 0 | AD41: 0 | AE41: 0 | AF41: 0 | AG41: 0 | AH41: 0 | AI41: 0 | AJ41: 0 | AK41: 0 | AL41: 0 | AM41: 0 | AN41: 0 | AO41: 0 | AP41: 0 | AQ41: 2 | AR41: 1 | AS41: 0 | AT41: 1 | AU41: 0 | AV41: 0 | AW41: 0 | AX41: 0 | AY41: 0 | AZ41: 14 | BA41: 0 | BB41: 0 | BC41: 41 | BD41: 3 | BE41: 3
B42: 原住民 | C42: Indigenous | D42: 40 | E42: 27 | F42: 13 | G42: 0 | H42: 14 | I42: 10 | J42: 2 | K42: 1 | L42: 0 | M42: 0 | N42: 0 | O42: 0 | P42: 3 | Q42: 0 | R42: 0 | S42: 1 | T42: 0 | U42: 0 | V42: 0 | W42: 0 | X42: 0 | Y42: 0 | Z42: 0 | AA42: 0 | AB42: 0 | AC42: 0 | AD42: 0 | AE42: 0 | AF42: 0 | AG42: 0 | AH42: 0 | AI42: 0 | AJ42: 0 | AK42: 0 | AL42: 0 | AM42: 0 | AN42: 0 | AO42: 0 | AP42: 0 | AQ42: 0 | AR42: 0 | AS42: 0 | AT42: 0 | AU42: 0 | AV42: 0 | AW42: 0 | AX42: 0 | AY42: 0 | AZ42: 2 | BA42: 0 | BB42: 0 | BC42: 5 | BD42: 2 | BE42: 0
A43: 雲林縣 | B43: 計 | C43: Total | D43: 277 | E43: 195 | F43: 78 | G43: 4 | H43: 85 | I43: 52 | J43: 4 | K43: 0 | L43: 0 | M43: 9 | N43: 5 | O43: 0 | P43: 10 | Q43: 5 | R43: 0 | S43: 7 | T43: 1 | U43: 0 | V43: 0 | W43: 0 | X43: 0 | Y43: 0 | Z43: 0 | AA43: 0 | AB43: 4 | AC43: 1 | AD43: 0 | AE43: 0 | AF43: 0 | AG43: 0 | AH43: 0 | AI43: 0 | AJ43: 0 | AK43: 0 | AL43: 0 | AM43: 0 | AN43: 0 | AO43: 0 | AP43: 0 | AQ43: 17 | AR43: 2 | AS43: 0 | AT43: 0 | AU43: 0 | AV43: 0 | AW43: 0 | AX43: 0 | AY43: 0 | AZ43: 45 | BA43: 7 | BB43: 0 | BC43: 14 | BD43: 5 | BE43: 4
A44: Yunlin County | B44: 一般 | C44: General | D44: 274 | E44: 194 | F44: 76 | G44: 4 | H44: 85 | I44: 50 | J44: 4 | K44: 0 | L44: 0 | M44: 9 | N44: 5 | O44: 0 | P44: 9 | Q44: 5 | R44: 0 | S44: 7 | T44: 1 | U44: 0 | V44: 0 | W44: 0 | X44: 0 | Y44: 0 | Z44: 0 | AA44: 0 | AB44: 4 | AC44: 1 | AD44: 0 | AE44: 0 | AF44: 0 | AG44: 0 | AH44: 0 | AI44: 0 | AJ44: 0 | AK44: 0 | AL44: 0 | AM44: 0 | AN44: 0 | AO44: 0 | AP44: 0 | AQ44: 17 | AR44: 2 | AS44: 0 | AT44: 0 | AU44: 0 | AV44: 0 | AW44: 0 | AX44: 0 | AY44: 0 | AZ44: 45 | BA44: 7 | BB44: 0 | BC44: 14 | BD44: 5 | BE44: 4
B45: 原住民 | C45: Indigenous | D45: 3 | E45: 1 | F45: 2 | G45: 0 | H45: 0 | I45: 2 | J45: 0 | K45: 0 | L45: 0 | M45: 0 | N45: 0 | O45: 0 | P45: 1 | Q45: 0 | R45: 0 | S45: 0 | T45: 0 | U45: 0 | V45: 0 | W45: 0 | X45: 0 | Y45: 0 | Z45: 0 | AA45: 0 | AB45: 0 | AC45: 0 | AD45: 0 | AE45: 0 | AF45: 0 | AG45: 0 | AH45: 0 | AI45: 0 | AJ45: 0 | AK45: 0 | AL45: 0 | AM45: 0 | AN45: 0 | AO45: 0 | AP45: 0 | AQ45: 0 | AR45: 0 | AS45: 0 | AT45: 0 | AU45: 0 | AV45: 0 | AW45: 0 | AX45: 0 | AY45: 0 | AZ45: 0 | BA45: 0 | BB45: 0 | BC45: 0 | BD45: 0 | BE45: 0
A46: 嘉義縣 | B46: 計 | C46: Total | D46: 136 | E46: 92 | F46: 44 | G46: 0 | H46: 48 | I46: 38 | J46: 0 | K46: 0 | L46: 0 | M46: 1 | N46: 3 | O46: 0 | P46: 4 | Q46: 2 | R46: 0 | S46: 4 | T46: 1 | U46: 0 | V46: 0 | W46: 0 | X46: 0 | Y46: 0 | Z46: 0 | AA46: 0 | AB46: 0 | AC46: 0 | AD46: 0 | AE46: 0 | AF46: 0 | AG46: 0 | AH46: 4 | AI46: 0 | AJ46: 0 | AK46: 0 | AL46: 0 | AM46: 0 | AN46: 0 | AO46: 0 | AP46: 0 | AQ46: 4 | AR46: 0 | AS46: 0 | AT46: 0 | AU46: 0 | AV46: 0 | AW46: 0 | AX46: 0 | AY46: 0 | AZ46: 25 | BA46: 0 | BB46: 0 | BC46: 2 | BD46: 0 | BE46: 0
A47: Chiayi County | B47: 一般 | C47: General | D47: 134 | E47: 91 | F47: 43 | G47: 0 | H47: 48 | I47: 37 | J47: 0 | K47: 0 | L47: 0 | M47: 1 | N47: 3 | O47: 0 | P47: 4 | Q47: 2 | R47: 0 | S47: 4 | T47: 1 | U47: 0 | V47: 0 | W47: 0 | X47: 0 | Y47: 0 | Z47: 0 | AA47: 0 | AB47: 0 | AC47: 0 | AD47: 0 | AE47: 0 | AF47: 0 | AG47: 0 | AH47: 4 | AI47: 0 | AJ47: 0 | AK47: 0 | AL47: 0 | AM47: 0 | AN47: 0 | AO47: 0 | AP47: 0 | AQ47: 4 | AR47: 0 | AS47: 0 | AT47: 0 | AU47: 0 | AV47: 0 | AW47: 0 | AX47: 0 | AY47: 0 | AZ47: 24 | BA47: 0 | BB47: 0 | BC47: 2 | BD47: 0 | BE47: 0
B48: 原住民 | C48: Indigenous | D48: 2 | E48: 1 | F48: 1 | G48: 0 | H48: 0 | I48: 1 | J48: 0 | K48: 0 | L48: 0 | M48: 0 | N48: 0 | O48: 0 | P48: 0 | Q48: 0 | R48: 0 | S48: 0 | T48: 0 | U48: 0 | V48: 0 | W48: 0 | X48: 0 | Y48: 0 | Z48: 0 | AA48: 0 | AB48: 0 | AC48: 0 | AD48: 0 | AE48: 0 | AF48: 0 | AG48: 0 | AH48: 0 | AI48: 0 | AJ48: 0 | AK48: 0 | AL48: 0 | AM48: 0 | AN48: 0 | AO48: 0 | AP48: 0 | AQ48: 0 | AR48: 0 | AS48: 0 | AT48: 0 | AU48: 0 | AV48: 0 | AW48: 0 | AX48: 0 | AY48: 0 | AZ48: 1 | BA48: 0 | BB48: 0 | BC48: 0 | BD48: 0 | BE48: 0
A49: 屏東縣 | B49: 計 | C49: Total | D49: 330 | E49: 234 | F49: 95 | G49: 1 | H49: 77 | I49: 54 | J49: 12 | K49: 4 | L49: 0 | M49: 4 | N49: 5 | O49: 0 | P49: 18 | Q49: 0 | R49: 0 | S49: 10 | T49: 3 | U49: 0 | V49: 1 | W49: 0 | X49: 0 | Y49: 0 | Z49: 0 | AA49: 0 | AB49: 0 | AC49: 0 | AD49: 0 | AE49: 0 | AF49: 0 | AG49: 0 | AH49: 0 | AI49: 0 | AJ49: 0 | AK49: 0 | AL49: 0 | AM49: 0 | AN49: 0 | AO49: 0 | AP49: 0 | AQ49: 11 | AR49: 0 | AS49: 0 | AT49: 0 | AU49: 0 | AV49: 0 | AW49: 0 | AX49: 0 | AY49: 0 | AZ49: 40 | BA49: 10 | BB49: 0 | BC49: 61 | BD49: 19 | BE49: 1
A50: Pingtung County | B50: 一般 | C50: General | D50: 286 | E50: 197 | F50: 88 | G50: 1 | H50: 66 | I50: 54 | J50: 11 | K50: 4 | L50: 0 | M50: 4 | N50: 5 | O50: 0 | P50: 11 | Q50: 0 | R50: 0 | S50: 10 | T50: 3 | U50: 0 | V50: 1 | W50: 0 | X50: 0 | Y50: 0 | Z50: 0 | AA50: 0 | AB50: 0 | AC50: 0 | AD50: 0 | AE50: 0 | AF50: 0 | AG50: 0 | AH50: 0 | AI50: 0 | AJ50: 0 | AK50: 0 | AL50: 0 | AM50: 0 | AN50: 0 | AO50: 0 | AP50: 0 | AQ50: 8 | AR50: 0 | AS50: 0 | AT50: 0 | AU50: 0 | AV50: 0 | AW50: 0 | AX50: 0 | AY50: 0 | AZ50: 35 | BA50: 5 | BB50: 0 | BC50: 51 | BD50: 17 | BE50: 1
B51: 原住民 | C51: Indigenous | D51: 44 | E51: 37 | F51: 7 | G51: 0 | H51: 11 | I51: 0 | J51: 1 | K51: 0 | L51: 0 | M51: 0 | N51: 0 | O51: 0 | P51: 7 | Q51: 0 | R51: 0 | S51: 0 | T51: 0 | U51: 0 | V51: 0 | W51: 0 | X51: 0 | Y51: 0 | Z51: 0 | AA51: 0 | AB51: 0 | AC51: 0 | AD51: 0 | AE51: 0 | AF51: 0 | AG51: 0 | AH51: 0 | AI51: 0 | AJ51: 0 | AK51: 0 | AL51: 0 | AM51: 0 | AN51: 0 | AO51: 0 | AP51: 0 | AQ51: 3 | AR51: 0 | AS51: 0 | AT51: 0 | AU51: 0 | AV51: 0 | AW51: 0 | AX51: 0 | AY51: 0 | AZ51: 5 | BA51: 5 | BB51: 0 | BC51: 10 | BD51: 2 | BE51: 0
A52: 臺東縣 | B52: 計 | C52: Total | D52: 83 | E52: 67 | F52: 14 | G52: 2 | H52: 15 | I52: 5 | J52: 0 | K52: 0 | L52: 0 | M52: 0 | N52: 0 | O52: 0 | P52: 6 | Q52: 0 | R52: 0 | S52: 1 | T52: 0 | U52: 0 | V52: 0 | W52: 0 | X52: 0 | Y52: 0 | Z52: 0 | AA52: 0 | AB52: 0 | AC52: 0 | AD52: 0 | AE52: 0 | AF52: 0 | AG52: 0 | AH52: 1 | AI52: 0 | AJ52: 0 | AK52: 0 | AL52: 0 | AM52: 0 | AN52: 0 | AO52: 0 | AP52: 0 | AQ52: 6 | AR52: 1 | AS52: 0 | AT52: 0 | AU52: 0 | AV52: 0 | AW52: 0 | AX52: 0 | AY52: 0 | AZ52: 10 | BA52: 0 | BB52: 0 | BC52: 28 | BD52: 8 | BE52: 2
A53: Taitung County | B53: 一般 | C53: General | D53: 41 | E53: 34 | F53: 5 | G53: 2 | H53: 7 | I53: 1 | J53: 0 | K53: 0 | L53: 0 | M53: 0 | N53: 0 | O53: 0 | P53: 1 | Q53: 0 | R53: 0 | S53: 1 | T53: 0 | U53: 0 | V53: 0 | W53: 0 | X53: 0 | Y53: 0 | Z53: 0 | AA53: 0 | AB53: 0 | AC53: 0 | AD53: 0 | AE53: 0 | AF53: 0 | AG53: 0 | AH53: 1 | AI53: 0 | AJ53: 0 | AK53: 0 | AL53: 0 | AM53: 0 | AN53: 0 | AO53: 0 | AP53: 0 | AQ53: 4 | AR53: 1 | AS53: 0 | AT53: 0 | AU53: 0 | AV53: 0 | AW53: 0 | AX53: 0 | AY53: 0 | AZ53: 4 | BA53: 0 | BB53: 0 | BC53: 16 | BD53: 3 | BE53: 2
B54: 原住民 | C54: Indigenous | D54: 42 | E54: 33 | F54: 9 | G54: 0 | H54: 8 | I54: 4 | J54: 0 | K54: 0 | L54: 0 | M54: 0 | N54: 0 | O54: 0 | P54: 5 | Q54: 0 | R54: 0 | S54: 0 | T54: 0 | U54: 0 | V54: 0 | W54: 0 | X54: 0 | Y54: 0 | Z54: 0 | AA54: 0 | AB54: 0 | AC54: 0 | AD54: 0 | AE54: 0 | AF54: 0 | AG54: 0 | AH54: 0 | AI54: 0 | AJ54: 0 | AK54: 0 | AL54: 0 | AM54: 0 | AN54: 0 | AO54: 0 | AP54: 0 | AQ54: 2 | AR54: 0 | AS54: 0 | AT54: 0 | AU54: 0 | AV54: 0 | AW54: 0 | AX54: 0 | AY54: 0 | AZ54: 6 | BA54: 0 | BB54: 0 | BC54: 12 | BD54: 5 | BE54: 0
A55: 花蓮縣 | B55: 計 | C55: Total | D55: 262 | E55: 181 | F55: 80 | G55: 1 | H55: 75 | I55: 65 | J55: 4 | K55: 3 | L55: 0 | M55: 0 | N55: 4 | O55: 0 | P55: 17 | Q55: 3 | R55: 0 | S55: 14 | T55: 1 | U55: 0 | V55: 0 | W55: 0 | X55: 0 | Y55: 0 | Z55: 0 | AA55: 0 | AB55: 0 | AC55: 0 | AD55: 0 | AE55: 0 | AF55: 0 | AG55: 0 | AH55: 0 | AI55: 0 | AJ55: 0 | AK55: 2 | AL55: 0 | AM55: 0 | AN55: 0 | AO55: 0 | AP55: 0 | AQ55: 16 | AR55: 0 | AS55: 0 | AT55: 0 | AU55: 0 | AV55: 0 | AW55: 6 | AX55: 0 | AY55: 0 | AZ55: 44 | BA55: 4 | BB55: 0 | BC55: 3 | BD55: 0 | BE55: 1
A56: Hualien County | B56: 一般 | C56: General | D56: 156 | E56: 111 | F56: 44 | G56: 1 | H56: 43 | I56: 34 | J56: 1 | K56: 2 | L56: 0 | M56: 0 | N56: 4 | O56: 0 | P56: 12 | Q56: 1 | R56: 0 | S56: 4 | T56: 0 | U56: 0 | V56: 0 | W56: 0 | X56: 0 | Y56: 0 | Z56: 0 | AA56: 0 | AB56: 0 | AC56: 0 | AD56: 0 | AE56: 0 | AF56: 0 | AG56: 0 | AH56: 0 | AI56: 0 | AJ56: 0 | AK56: 1 | AL56: 0 | AM56: 0 | AN56: 0 | AO56: 0 | AP56: 0 | AQ56: 10 | AR56: 0 | AS56: 0 | AT56: 0 | AU56: 0 | AV56: 0 | AW56: 4 | AX56: 0 | AY56: 0 | AZ56: 33 | BA56: 3 | BB56: 0 | BC56: 3 | BD56: 0 | BE56: 1
B57: 原住民 | C57: Indigenous | D57: 106 | E57: 70 | F57: 36 | G57: 0 | H57: 32 | I57: 31 | J57: 3 | K57: 1 | L57: 0 | M57: 0 | N57: 0 | O57: 0 | P57: 5 | Q57: 2 | R57: 0 | S57: 10 | T57: 1 | U57: 0 | V57: 0 | W57: 0 | X57: 0 | Y57: 0 | Z57: 0 | AA57: 0 | AB57: 0 | AC57: 0 | AD57: 0 | AE57: 0 | AF57: 0 | AG57: 0 | AH57: 0 | AI57: 0 | AJ57: 0 | AK57: 1 | AL57: 0 | AM57: 0 | AN57: 0 | AO57: 0 | AP57: 0 | AQ57: 6 | AR57: 0 | AS57: 0 | AT57: 0 | AU57: 0 | AV57: 0 | AW57: 2 | AX57: 0 | AY57: 0 | AZ57: 11 | BA57: 1 | BB57: 0 | BC57: 0 | BD57: 0 | BE57: 0
A58: 澎湖縣 | B58: 計 | C58: Total | D58: 17 | E58: 9 | F58: 8 | G58: 0 | H58: 7 | I58: 6 | J58: 0 | K58: 0 | L58: 0 | M58: 0 | N58: 0 | O58: 0 | P58: 0 | Q58: 0 | R58: 0 | S58: 0 | T58: 0 | U58: 0 | V58: 0 | W58: 0 | X58: 0 | Y58: 0 | Z58: 0 | AA58: 0 | AB58: 0 | AC58: 0 | AD58: 0 | AE58: 0 | AF58: 0 | AG58: 0 | AH58: 0 | AI58: 0 | AJ58: 0 | AK58: 0 | AL58: 0 | AM58: 0 | AN58: 0 | AO58: 0 | AP58: 0 | AQ58: 0 | AR58: 0 | AS58: 0 | AT58: 0 | AU58: 0 | AV58: 0 | AW58: 0 | AX58: 0 | AY58: 0 | AZ58: 2 | BA58: 2 | BB58: 0 | BC58: 0 | BD58: 0 | BE58: 0
A59: Penghu County | B59: 一般 | C59: General | D59: 17 | E59: 9 | F59: 8 | G59: 0 | H59: 7 | I59: 6 | J59: 0 | K59: 0 | L59: 0 | M59: 0 | N59: 0 | O59: 0 | P59: 0 | Q59: 0 | R59: 0 | S59: 0 | T59: 0 | U59: 0 | V59: 0 | W59: 0 | X59: 0 | Y59: 0 | Z59: 0 | AA59: 0 | AB59: 0 | AC59: 0 | AD59: 0 | AE59: 0 | AF59: 0 | AG59: 0 | AH59: 0 | AI59: 0 | AJ59: 0 | AK59: 0 | AL59: 0 | AM59: 0 | AN59: 0 | AO59: 0 | AP59: 0 | AQ59: 0 | AR59: 0 | AS59: 0 | AT59: 0 | AU59: 0 | AV59: 0 | AW59: 0 | AX59: 0 | AY59: 0 | AZ59: 2 | BA59: 2 | BB59: 0 | BC59: 0 | BD59: 0 | BE59: 0
B60: 原住民 | C60: Indigenous | D60: 0 | E60: 0 | F60: 0 | G60: 0 | H60: 0 | I60: 0 | J60: 0 | K60: 0 | L60: 0 | M60: 0 | N60: 0 | O60: 0 | P60: 0 | Q60: 0 | R60: 0 | S60: 0 | T60: 0 | U60: 0 | V60: 0 | W60: 0 | X60: 0 | Y60: 0 | Z60: 0 | AA60: 0 | AB60: 0 | AC60: 0 | AD60: 0 | AE60: 0 | AF60: 0 | AG60: 0 | AH60: 0 | AI60: 0 | AJ60: 0 | AK60: 0 | AL60: 0 | AM60: 0 | AN60: 0 | AO60: 0 | AP60: 0 | AQ60: 0 | AR60: 0 | AS60: 0 | AT60: 0 | AU60: 0 | AV60: 0 | AW60: 0 | AX60: 0 | AY60: 0 | AZ60: 0 | BA60: 0 | BB60: 0 | BC60: 0 | BD60: 0 | BE60: 0
A61: 基隆市 | B61: 計 | C61: Total | D61: 208 | E61: 123 | F61: 85 | G61: 0 | H61: 81 | I61: 72 | J61: 2 | K61: 0 | L61: 0 | M61: 3 | N61: 1 | O61: 0 | P61: 17 | Q61: 2 | R61: 0 | S61: 5 | T61: 4 | U61: 0 | V61: 0 | W61: 0 | X61: 0 | Y61: 0 | Z61: 0 | AA61: 0 | AB61: 0 | AC61: 0 | AD61: 0 | AE61: 0 | AF61: 0 | AG61: 0 | AH61: 0 | AI61: 0 | AJ61: 0 | AK61: 0 | AL61: 1 | AM61: 0 | AN61: 0 | AO61: 0 | AP61: 0 | AQ61: 5 | AR61: 2 | AS61: 0 | AT61: 0 | AU61: 0 | AV61: 0 | AW61: 0 | AX61: 0 | AY61: 0 | AZ61: 10 | BA61: 3 | BB61: 0 | BC61: 0 | BD61: 0 | BE61: 0
A62: Keelung City | B62: 一般 | C62: General | D62: 194 | E62: 116 | F62: 78 | G62: 0 | H62: 76 | I62: 66 | J62: 2 | K62: 0 | L62: 0 | M62: 2 | N62: 1 | O62: 0 | P62: 17 | Q62: 1 | R62: 0 | S62: 5 | T62: 4 | U62: 0 | V62: 0 | W62: 0 | X62: 0 | Y62: 0 | Z62: 0 | AA62: 0 | AB62: 0 | AC62: 0 | AD62: 0 | AE62: 0 | AF62: 0 | AG62: 0 | AH62: 0 | AI62: 0 | AJ62: 0 | AK62: 0 | AL62: 1 | AM62: 0 | AN62: 0 | AO62: 0 | AP62: 0 | AQ62: 4 | AR62: 2 | AS62: 0 | AT62: 0 | AU62: 0 | AV62: 0 | AW62: 0 | AX62: 0 | AY62: 0 | AZ62: 10 | BA62: 3 | BB62: 0 | BC62: 0 | BD62: 0 | BE62: 0
B63: 原住民 | C63: Indigenous | D63: 14 | E63: 7 | F63: 7 | G63: 0 | H63: 5 | I63: 6 | J63: 0 | K63: 0 | L63: 0 | M63: 1 | N63: 0 | O63: 0 | P63: 0 | Q63: 1 | R63: 0 | S63: 0 | T63: 0 | U63: 0 | V63: 0 | W63: 0 | X63: 0 | Y63: 0 | Z63: 0 | AA63: 0 | AB63: 0 | AC63: 0 | AD63: 0 | AE63: 0 | AF63: 0 | AG63: 0 | AH63: 0 | AI63: 0 | AJ63: 0 | AK63: 0 | AL63: 0 | AM63: 0 | AN63: 0 | AO63: 0 | AP63: 0 | AQ63: 1 | AR63: 0 | AS63: 0 | AT63: 0 | AU63: 0 | AV63: 0 | AW63: 0 | AX63: 0 | AY63: 0 | AZ63: 0 | BA63: 0 | BB63: 0 | BC63: 0 | BD63: 0 | BE63: 0
A64: 新竹市 | B64: 計 | C64: Total | D64: 178 | E64: 110 | F64: 67 | G64: 1 | H64: 36 | I64: 41 | J64: 10 | K64: 0 | L64: 0 | M64: 2 | N64: 2 | O64: 0 | P64: 4 | Q64: 0 | R64: 0 | S64: 5 | T64: 3 | U64: 0 | V64: 0 | W64: 0 | X64: 0 | Y64: 0 | Z64: 0 | AA64: 0 | AB64: 0 | AC64: 1 | AD64: 0 | AE64: 2 | AF64: 0 | AG64: 0 | AH64: 0 | AI64: 0 | AJ64: 0 | AK64: 3 | AL64: 0 | AM64: 0 | AN64: 0 | AO64: 0 | AP64: 0 | AQ64: 7 | AR64: 7 | AS64: 0 | AT64: 0 | AU64: 0 | AV64: 0 | AW64: 1 | AX64: 1 | AY64: 0 | AZ64: 23 | BA64: 4 | BB64: 0 | BC64: 17 | BD64: 8 | BE64: 1
A65: Hsinchu City | B65: 一般 | C65: General | D65: 170 | E65: 104 | F65: 65 | G65: 1 | H65: 34 | I65: 39 | J65: 8 | K65: 0 | L65: 0 | M65: 2 | N65: 2 | O65: 0 | P65: 4 | Q65: 0 | R65: 0 | S65: 4 | T65: 3 | U65: 0 | V65: 0 | W65: 0 | X65: 0 | Y65: 0 | Z65: 0 | AA65: 0 | AB65: 0 | AC65: 1 | AD65: 0 | AE65: 2 | AF65: 0 | AG65: 0 | AH65: 0 | AI65: 0 | AJ65: 0 | AK65: 3 | AL65: 0 | AM65: 0 | AN65: 0 | AO65: 0 | AP65: 0 | AQ65: 7 | AR65: 7 | AS65: 0 | AT65: 0 | AU65: 0 | AV65: 0 | AW65: 1 | AX65: 1 | AY65: 0 | AZ65: 22 | BA65: 4 | BB65: 0 | BC65: 17 | BD65: 8 | BE65: 1
B66: 原住民 | C66: Indigenous | D66: 8 | E66: 6 | F66: 2 | G66: 0 | H66: 2 | I66: 2 | J66: 2 | K66: 0 | L66: 0 | M66: 0 | N66: 0 | O66: 0 | P66: 0 | Q66: 0 | R66: 0 | S66: 1 | T66: 0 | U66: 0 | V66: 0 | W66: 0 | X66: 0 | Y66: 0 | Z66: 0 | AA66: 0 | AB66: 0 | AC66: 0 | AD66: 0 | AE66: 0 | AF66: 0 | AG66: 0 | AH66: 0 | AI66: 0 | AJ66: 0 | AK66: 0 | AL66: 0 | AM66: 0 | AN66: 0 | AO66: 0 | AP66: 0 | AQ66: 0 | AR66: 0 | AS66: 0 | AT66: 0 | AU66: 0 | AV66: 0 | AW66: 0 | AX66: 0 | AY66: 0 | AZ66: 1 | BA66: 0 | BB66: 0 | BC66: 0 | BD66: 0 | BE66: 0
A67: 嘉義市 | B67: 計 | C67: Total | D67: 135 | E67: 76 | F67: 59 | G67: 0 | H67: 43 | I67: 49 | J67: 3 | K67: 0 | L67: 0 | M67: 2 | N67: 4 | O67: 0 | P67: 5 | Q67: 3 | R67: 0 | S67: 5 | T67: 0 | U67: 0 | V67: 0 | W67: 0 | X67: 0 | Y67: 0 | Z67: 0 | AA67: 0 | AB67: 0 | AC67: 0 | AD67: 0 | AE67: 0 | AF67: 0 | AG67: 0 | AH67: 0 | AI67: 1 | AJ67: 0 | AK67: 0 | AL67: 1 | AM67: 0 | AN67: 0 | AO67: 0 | AP67: 0 | AQ67: 0 | AR67: 0 | AS67: 0 | AT67: 0 | AU67: 0 | AV67: 0 | AW67: 0 | AX67: 0 | AY67: 0 | AZ67: 11 | BA67: 0 | BB67: 0 | BC67: 7 | BD67: 1 | BE67: 0
A68: Chiayi City | B68: 一般 | C68: General | D68: 133 | E68: 74 | F68: 59 | G68: 0 | H68: 41 | I68: 49 | J68: 3 | K68: 0 | L68: 0 | M68: 2 | N68: 4 | O68: 0 | P68: 5 | Q68: 3 | R68: 0 | S68: 5 | T68: 0 | U68: 0 | V68: 0 | W68: 0 | X68: 0 | Y68: 0 | Z68: 0 | AA68: 0 | AB68: 0 | AC68: 0 | AD68: 0 | AE68: 0 | AF68: 0 | AG68: 0 | AH68: 0 | AI68: 1 | AJ68: 0 | AK68: 0 | AL68: 1 | AM68: 0 | AN68: 0 | AO68: 0 | AP68: 0 | AQ68: 0 | AR68: 0 | AS68: 0 | AT68: 0 | AU68: 0 | AV68: 0 | AW68: 0 | AX68: 0 | AY68: 0 | AZ68: 11 | BA68: 0 | BB68: 0 | BC68: 7 | BD68: 1 | BE68: 0
B69: 原住民 | C69: Indigenous | D69: 2 | E69: 2 | F69: 0 | G69: 0 | H69: 2 | I69: 0 | J69: 0 | K69: 0 | L69: 0 | M69: 0 | N69: 0 | O69: 0 | P69: 0 | Q69: 0 | R69: 0 | S69: 0 | T69: 0 | U69: 0 | V69: 0 | W69: 0 | X69: 0 | Y69: 0 | Z69: 0 | AA69: 0 | AB69: 0 | AC69: 0 | AD69: 0 | AE69: 0 | AF69: 0 | AG69: 0 | AH69: 0 | AI69: 0 | AJ69: 0 | AK69: 0 | AL69: 0 | AM69: 0 | AN69: 0 | AO69: 0 | AP69: 0 | AQ69: 0 | AR69: 0 | AS69: 0 | AT69: 0 | AU69: 0 | AV69: 0 | AW69: 0 | AX69: 0 | AY69: 0 | AZ69: 0 | BA69: 0 | BB69: 0 | BC69: 0 | BD69: 0 | BE69: 0
A70: 金門縣 | B70: 計 | C70: Total | D70: 41 | E70: 18 | F70: 23 | G70: 0 | H70: 7 | I70: 22 | J70: 0 | K70: 0 | L70: 0 | M70: 0 | N70: 1 | O70: 0 | P70: 5 | Q70: 0 | R70: 0 | S70: 1 | T70: 0 | U70: 0 | V70: 0 | W70: 0 | X70: 0 | Y70: 0 | Z70: 0 | AA70: 0 | AB70: 0 | AC70: 0 | AD70: 0 | AE70: 0 | AF70: 0 | AG70: 0 | AH70: 0 | AI70: 0 | AJ70: 0 | AK70: 0 | AL70: 0 | AM70: 0 | AN70: 0 | AO70: 0 | AP70: 0 | AQ70: 1 | AR70: 0 | AS70: 0 | AT70: 0 | AU70: 0 | AV70: 0 | AW70: 2 | AX70: 0 | AY70: 0 | AZ70: 2 | BA70: 0 | BB70: 0 | BC70: 0 | BD70: 0 | BE70: 0
A71: Kinmen County | B71: 一般 | C71: General | D71: 38 | E71: 15 | F71: 23 | G71: 0 | H71: 5 | I71: 22 | J71: 0 | K71: 0 | L71: 0 | M71: 0 | N71: 1 | O71: 0 | P71: 5 | Q71: 0 | R71: 0 | S71: 1 | T71: 0 | U71: 0 | V71: 0 | W71: 0 | X71: 0 | Y71: 0 | Z71: 0 | AA71: 0 | AB71: 0 | AC71: 0 | AD71: 0 | AE71: 0 | AF71: 0 | AG71: 0 | AH71: 0 | AI71: 0 | AJ71: 0 | AK71: 0 | AL71: 0 | AM71: 0 | AN71: 0 | AO71: 0 | AP71: 0 | AQ71: 1 | AR71: 0 | AS71: 0 | AT71: 0 | AU71: 0 | AV71: 0 | AW71: 2 | AX71: 0 | AY71: 0 | AZ71: 1 | BA71: 0 | BB71: 0 | BC71: 0 | BD71: 0 | BE71: 0
B72: 原住民 | C72: Indigenous | D72: 3 | E72: 3 | F72: 0 | G72: 0 | H72: 2 | I72: 0 | J72: 0 | K72: 0 | L72: 0 | M72: 0 | N72: 0 | O72: 0 | P72: 0 | Q72: 0 | R72: 0 | S72: 0 | T72: 0 | U72: 0 | V72: 0 | W72: 0 | X72: 0 | Y72: 0 | Z72: 0 | AA72: 0 | AB72: 0 | AC72: 0 | AD72: 0 | AE72: 0 | AF72: 0 | AG72: 0 | AH72: 0 | AI72: 0 | AJ72: 0 | AK72: 0 | AL72: 0 | AM72: 0 | AN72: 0 | AO72: 0 | AP72: 0 | AQ72: 0 | AR72: 0 | AS72: 0 | AT72: 0 | AU72: 0 | AV72: 0 | AW72: 0 | AX72: 0 | AY72: 0 | AZ72: 1 | BA72: 0 | BB72: 0 | BC72: 0 | BD72: 0 | BE72: 0
A73: 連江縣 | B73: 計 | C73: Total | D73: 3 | E73: 3 | F73: 0 | G73: 0 | H73: 0 | I73: 0 | J73: 0 | K73: 0 | L73: 0 | M73: 0 | N73: 0 | O73: 0 | P73: 0 | Q73: 0 | R73: 0 | S73: 2 | T73: 0 | U73: 0 | V73: 0 | W73: 0 | X73: 0 | Y73: 0 | Z73: 0 | AA73: 0 | AB73: 0 | AC73: 0 | AD73: 0 | AE73: 0 | AF73: 0 | AG73: 0 | AH73: 0 | AI73: 0 | AJ73: 0 | AK73: 0 | AL73: 0 | AM73: 0 | AN73: 0 | AO73: 0 | AP73: 0 | AQ73: 0 | AR73: 0 | AS73: 0 | AT73: 0 | AU73: 0 | AV73: 0 | AW73: 0 | AX73: 0 | AY73: 0 | AZ73: 0 | BA73: 0 | BB73: 0 | BC73: 1 | BD73: 0 | BE73: 0
A74: Lienchiang County | B74: 一般 | C74: General | D74: 3 | E74: 3 | F74: 0 | G74: 0 | H74: 0 | I74: 0 | J74: 0 | K74: 0 | L74: 0 | M74: 0 | N74: 0 | O74: 0 | P74: 0 | Q74: 0 | R74: 0 | S74: 2 | T74: 0 | U74: 0 | V74: 0 | W74: 0 | X74: 0 | Y74: 0 | Z74: 0 | AA74: 0 | AB74: 0 | AC74: 0 | AD74: 0 | AE74: 0 | AF74: 0 | AG74: 0 | AH74: 0 | AI74: 0 | AJ74: 0 | AK74: 0 | AL74: 0 | AM74: 0 | AN74: 0 | AO74: 0 | AP74: 0 | AQ74: 0 | AR74: 0 | AS74: 0 | AT74: 0 | AU74: 0 | AV74: 0 | AW74: 0 | AX74: 0 | AY74: 0 | AZ74: 0 | BA74: 0 | BB74: 0 | BC74: 1 | BD74: 0 | BE74: 0
B75: 原住民 | C75: Indigenous | D75: 0 | E75: 0 | F75: 0 | G75: 0 | H75: 0 | I75: 0 | J75: 0 | K75: 0 | L75: 0 | M75: 0 | N75: 0 | O75: 0 | P75: 0 | Q75: 0 | R75: 0 | S75: 0 | T75: 0 | U75: 0 | V75: 0 | W75: 0 | X75: 0 | Y75: 0 | Z75: 0 | AA75: 0 | AB75: 0 | AC75: 0 | AD75: 0 | AE75: 0 | AF75: 0 | AG75: 0 | AH75: 0 | AI75: 0 | AJ75: 0 | AK75: 0 | AL75: 0 | AM75: 0 | AN75: 0 | AO75: 0 | AP75: 0 | AQ75: 0 | AR75: 0 | AS75: 0 | AT75: 0 | AU75: 0 | AV75: 0 | AW75: 0 | AX75: 0 | AY75: 0 | AZ75: 0 | BA75: 0 | BB75: 0 | BC75: 0 | BD75: 0 | BE75: 0
A76: 資料來源：各直轄市、縣市政府。
A77: Source: County and Government.
A79: 更新日期：2026/03/31

Sheet July-Dec., 2025
A1: 兒童及少年保護-施虐者身分別分Number of Persons Who Abuse Child and Youth by Identity
A2: 單位：人 Unit : Persons
A3: 民國114年7-12月 July-Dec., 2025 | D3: =IF(D8=SUM(D11,D14,D17,D20,D23,D26,D29,D32,D35,D38,D41,D44,D47,D50,D53,D56,D59,D62,D65,D68,D71,D74,),"","*") | E3: =IF(E8=SUM(E11,E14,E17,E20,E23,E26,E29,E32,E35,E38,E41,E44,E47,E50,E53,E56,E59,E62,E65,E68,E71,E74,),"","*") | F3: =IF(F8=SUM(F11,F14,F17,F20,F23,F26,F29,F32,F35,F38,F41,F44,F47,F50,F53,F56,F59,F62,F65,F68,F71,F74,),"","*") | G3: =IF(G8=SUM(G11,G14,G17,G20,G23,G26,G29,G32,G35,G38,G41,G44,G47,G50,G53,G56,G59,G62,G65,G68,G71,G74,),"","*") | H3: =IF(H8=SUM(H11,H14,H17,H20,H23,H26,H29,H32,H35,H38,H41,H44,H47,H50,H53,H56,H59,H62,H65,H68,H71,H74,),"","*") | I3: =IF(I8=SUM(I11,I14,I17,I20,I23,I26,I29,I32,I35,I38,I41,I44,I47,I50,I53,I56,I59,I62,I65,I68,I71,I74,),"","*") | J3: =IF(J8=SUM(J11,J14,J17,J20,J23,J26,J29,J32,J35,J38,J41,J44,J47,J50,J53,J56,J59,J62,J65,J68,J71,J74,),"","*") | K3: =IF(K8=SUM(K11,K14,K17,K20,K23,K26,K29,K32,K35,K38,K41,K44,K47,K50,K53,K56,K59,K62,K65,K68,K71,K74,),"","*") | ... BE3: =IF(BE8=SUM(BE11,BE14,BE17,BE20,BE23,BE26,BE29,BE32,BE35,BE38,BE41,BE44,BE47,BE50,BE53,BE56,BE59,BE62,BE65,BE68,BE71,BE74,),"","*")
A4: 區域及特殊族群別 Locality & Ethnos | D4: 總計 Total | H4: (養)父母 Parents (Foster Parents) | J4: 手足 Siblings | M4: (外)祖父母 Grandparents | P4: 其他親屬 Other Relatives | S4: 父或母之同居人 Cohabitants | V4: (前)親密關係伴侶 Intimate Partner | Y4: 托育機構人員 Childcare Institution Staff | AB4: 居家式托育人員 Home-based Childcare Staff | AE4: 補習班或兒童課後 照顧服務中心人員 After-school Care Service Center Staff | AH4: 學校教職員工 School Faculty and Staff | AK4: 安置單位人員 Resettlement Agency Staff | AN4: 職場上司同事 Boss/Colleagues | AQ4: 朋友/鄰居 Friends/Neighbors | AT4: 網友 Netizens | AW4: 陌生人 Stranger | AZ4: 其他 Others | BC4: 不詳 Unknown
D5: 合計 SubTotal | E5: 男 Male | F5: 女 Female | G5: 不詳 Unknown | H5: 男 Male | I5: 女 Female | J5: 男 Male | K5: 女 Female | L5: 不詳 Unknown | M5: 男 Male | N5: 女 Female | O5: 不詳 Unknown | P5: 男 Male | Q5: 女 Female | R5: 不詳 Unknown | S5: 男 Male | T5: 女 Female | U5: 不詳 Unknown | V5: 男 Male | W5: 女 Female | X5: 不詳 Unknown | Y5: 男 Male | Z5: 女 Female | AA5: 不詳 Unknown | AB5: 男 Male | AC5: 女 Female | AD5: 不詳 Unknown | AE5: 男 Male | AF5: 女 Female | AG5: 不詳 Unknown | AH5: 男 Male | AI5: 女 Female | AJ5: 不詳 Unknown | AK5: 男 Male | AL5: 女 Female | AM5: 不詳 Unknown | AN5: 男 Male | AO5: 女 Female | AP5: 不詳 Unknown | AQ5: 男 Male | AR5: 女 Female | AS5: 不詳 Unknown | AT5: 男 Male | AU5: 女 Female | AV5: 不詳 Unknown | AW5: 男 Male | AX5: 女 Female | AY5: 不詳 Unknown | AZ5: 男 Male | BA5: 女 Female | BB5: 不詳 Unknown | BC5: 男 Male | BD5: 女 Female | BE5: 不詳 Unknown
A7: 總計 | B7: 計 | C7: Total | D7: 4474 | E7: 2852 | F7: 1578 | G7: 44 | H7: 1315 | I7: 1079 | J7: 77 | K7: 15 | L7: 0 | M7: 66 | N7: 98 | O7: 0 | P7: 113 | Q7: 32 | R7: 0 | S7: 125 | T7: 37 | U7: 1 | V7: 11 | W7: 0 | X7: 0 | Y7: 1 | Z7: 3 | AA7: 0 | AB7: 3 | AC7: 4 | AD7: 0 | AE7: 9 | AF7: 0 | AG7: 0 | AH7: 18 | AI7: 1 | AJ7: 0 | AK7: 11 | AL7: 3 | AM7: 0 | AN7: 1 | AO7: 0 | AP7: 0 | AQ7: 320 | AR7: 34 | AS7: 0 | AT7: 3 | AU7: 0 | AV7: 0 | AW7: 47 | AX7: 2 | AY7: 0 | AZ7: 308 | BA7: 58 | BB7: 0 | BC7: 424 | BD7: 212 | BE7: 43
A8: Total | B8: 一般 | C8: General | D8: 4159 | E8: 2661 | F8: 1454 | G8: 44 | H8: 1234 | I8: 981 | J8: 67 | K8: 12 | L8: 0 | M8: 61 | N8: 96 | O8: 0 | P8: 100 | Q8: 27 | R8: 0 | S8: 101 | T8: 37 | U8: 1 | V8: 11 | W8: 0 | X8: 0 | Y8: 1 | Z8: 3 | AA8: 0 | AB8: 3 | AC8: 4 | AD8: 0 | AE8: 9 | AF8: 0 | AG8: 0 | AH8: 18 | AI8: 1 | AJ8: 0 | AK8: 11 | AL8: 3 | AM8: 0 | AN8: 1 | AO8: 0 | AP8: 0 | AQ8: 302 | AR8: 33 | AS8: 0 | AT8: 3 | AU8: 0 | AV8: 0 | AW8: 44 | AX8: 2 | AY8: 0 | AZ8: 297 | BA8: 54 | BB8: 0 | BC8: 398 | BD8: 201 | BE8: 43
B9: 原住民 | C9: Indigenous | D9: 315 | E9: 191 | F9: 124 | G9: 0 | H9: 81 | I9: 98 | J9: 10 | K9: 3 | L9: 0 | M9: 5 | N9: 2 | O9: 0 | P9: 13 | Q9: 5 | R9: 0 | S9: 24 | T9: 0 | U9: 0 | V9: 0 | W9: 0 | X9: 0 | Y9: 0 | Z9: 0 | AA9: 0 | AB9: 0 | AC9: 0 | AD9: 0 | AE9: 0 | AF9: 0 | AG9: 0 | AH9: 0 | AI9: 0 | AJ9: 0 | AK9: 0 | AL9: 0 | AM9: 0 | AN9: 0 | AO9: 0 | AP9: 0 | AQ9: 18 | AR9: 1 | AS9: 0 | AT9: 0 | AU9: 0 | AV9: 0 | AW9: 3 | AX9: 0 | AY9: 0 | AZ9: 11 | BA9: 4 | BB9: 0 | BC9: 26 | BD9: 11 | BE9: 0
A10: 新北市 | B10: 計 | C10: Total | D10: 987 | E10: 666 | F10: 307 | G10: 14 | H10: 261 | I10: 182 | J10: 15 | K10: 2 | L10: 0 | M10: 10 | N10: 19 | O10: 0 | P10: 21 | Q10: 5 | R10: 0 | S10: 25 | T10: 5 | U10: 0 | V10: 0 | W10: 0 | X10: 0 | Y10: 0 | Z10: 0 | AA10: 0 | AB10: 0 | AC10: 1 | AD10: 0 | AE10: 0 | AF10: 0 | AG10: 0 | AH10: 5 | AI10: 0 | AJ10: 0 | AK10: 2 | AL10: 0 | AM10: 0 | AN10: 0 | AO10: 0 | AP10: 0 | AQ10: 104 | AR10: 5 | AS10: 0 | AT10: 0 | AU10: 0 | AV10: 0 | AW10: 14 | AX10: 1 | AY10: 0 | AZ10: 72 | BA10: 9 | BB10: 0 | BC10: 137 | BD10: 78 | BE10: 14
A11: New Taipei City | B11: 一般 | C11: General | D11: 936 | E11: 637 | F11: 285 | G11: 14 | H11: 251 | I11: 169 | J11: 14 | K11: 2 | L11: 0 | M11: 8 | N11: 18 | O11: 0 | P11: 18 | Q11: 5 | R11: 0 | S11: 18 | T11: 5 | U11: 0 | V11: 0 | W11: 0 | X11: 0 | Y11: 0 | Z11: 0 | AA11: 0 | AB11: 0 | AC11: 1 | AD11: 0 | AE11: 0 | AF11: 0 | AG11: 0 | AH11: 5 | AI11: 0 | AJ11: 0 | AK11: 2 | AL11: 0 | AM11: 0 | AN11: 0 | AO11: 0 | AP11: 0 | AQ11: 102 | AR11: 5 | AS11: 0 | AT11: 0 | AU11: 0 | AV11: 0 | AW11: 14 | AX11: 1 | AY11: 0 | AZ11: 72 | BA11: 6 | BB11: 0 | BC11: 133 | BD11: 73 | BE11: 14
B12: 原住民 | C12: Indigenous | D12: 51 | E12: 29 | F12: 22 | G12: 0 | H12: 10 | I12: 13 | J12: 1 | K12: 0 | L12: 0 | M12: 2 | N12: 1 | O12: 0 | P12: 3 | Q12: 0 | R12: 0 | S12: 7 | T12: 0 | U12: 0 | V12: 0 | W12: 0 | X12: 0 | Y12: 0 | Z12: 0 | AA12: 0 | AB12: 0 | AC12: 0 | AD12: 0 | AE12: 0 | AF12: 0 | AG12: 0 | AH12: 0 | AI12: 0 | AJ12: 0 | AK12: 0 | AL12: 0 | AM12: 0 | AN12: 0 | AO12: 0 | AP12: 0 | AQ12: 2 | AR12: 0 | AS12: 0 | AT12: 0 | AU12: 0 | AV12: 0 | AW12: 0 | AX12: 0 | AY12: 0 | AZ12: 0 | BA12: 3 | BB12: 0 | BC12: 4 | BD12: 5 | BE12: 0
A13: 臺北市 | B13: 計 | C13: Total | D13: 374 | E13: 239 | F13: 134 | G13: 1 | H13: 106 | I13: 91 | J13: 4 | K13: 0 | L13: 0 | M13: 3 | N13: 4 | O13: 0 | P13: 4 | Q13: 3 | R13: 0 | S13: 10 | T13: 2 | U13: 0 | V13: 0 | W13: 0 | X13: 0 | Y13: 1 | Z13: 0 | AA13: 0 | AB13: 0 | AC13: 0 | AD13: 0 | AE13: 3 | AF13: 0 | AG13: 0 | AH13: 3 | AI13: 0 | AJ13: 0 | AK13: 0 | AL13: 0 | AM13: 0 | AN13: 0 | AO13: 0 | AP13: 0 | AQ13: 32 | AR13: 4 | AS13: 0 | AT13: 0 | AU13: 0 | AV13: 0 | AW13: 3 | AX13: 0 | AY13: 0 | AZ13: 32 | BA13: 0 | BB13: 0 | BC13: 38 | BD13: 30 | BE13: 1
A14: Taipei City | B14: 一般 | C14: General | D14: 368 | E14: 238 | F14: 129 | G14: 1 | H14: 106 | I14: 87 | J14: 4 | K14: 0 | L14: 0 | M14: 3 | N14: 4 | O14: 0 | P14: 4 | Q14: 3 | R14: 0 | S14: 10 | T14: 2 | U14: 0 | V14: 0 | W14: 0 | X14: 0 | Y14: 1 | Z14: 0 | AA14: 0 | AB14: 0 | AC14: 0 | AD14: 0 | AE14: 3 | AF14: 0 | AG14: 0 | AH14: 3 | AI14: 0 | AJ14: 0 | AK14: 0 | AL14: 0 | AM14: 0 | AN14: 0 | AO14: 0 | AP14: 0 | AQ14: 31 | AR14: 4 | AS14: 0 | AT14: 0 | AU14: 0 | AV14: 0 | AW14: 3 | AX14: 0 | AY14: 0 | AZ14: 32 | BA14: 0 | BB14: 0 | BC14: 38 | BD14: 29 | BE14: 1
B15: 原住民 | C15: Indigenous | D15: 6 | E15: 1 | F15: 5 | G15: 0 | H15: 0 | I15: 4 | J15: 0 | K15: 0 | L15: 0 | M15: 0 | N15: 0 | O15: 0 | P15: 0 | Q15: 0 | R15: 0 | S15: 0 | T15: 0 | U15: 0 | V15: 0 | W15: 0 | X15: 0 | Y15: 0 | Z15: 0 | AA15: 0 | AB15: 0 | AC15: 0 | AD15: 0 | AE15: 0 | AF15: 0 | AG15: 0 | AH15: 0 | AI15: 0 | AJ15: 0 | AK15: 0 | AL15: 0 | AM15: 0 | AN15: 0 | AO15: 0 | AP15: 0 | AQ15: 1 | AR15: 0 | AS15: 0 | AT15: 0 | AU15: 0 | AV15: 0 | AW15: 0 | AX15: 0 | AY15: 0 | AZ15: 0 | BA15: 0 | BB15: 0 | BC15: 0 | BD15: 1 | BE15: 0
A16: 桃園市 | B16: 計 | C16: Total | D16: 352 | E16: 251 | F16: 92 | G16: 9 | H16: 120 | I16: 75 | J16: 4 | K16: 0 | L16: 0 | M16: 7 | N16: 7 | O16: 0 | P16: 14 | Q16: 1 | R16: 0 | S16: 10 | T16: 0 | U16: 0 | V16: 0 | W16: 0 | X16: 0 | Y16: 0 | Z16: 0 | AA16: 0 | AB16: 0 | AC16: 1 | AD16: 0 | AE16: 1 | AF16: 0 | AG16: 0 | AH16: 0 | AI16: 0 | AJ16: 0 | AK16: 0 | AL16: 0 | AM16: 0 | AN16: 0 | AO16: 0 | AP16: 0 | AQ16: 26 | AR16: 5 | AS16: 0 | AT16: 2 | AU16: 0 | AV16: 0 | AW16: 6 | AX16: 0 | AY16: 0 | AZ16: 39 | BA16: 1 | BB16: 0 | BC16: 22 | BD16: 2 | BE16: 9
A17: Taoyuan City | B17: 一般 | C17: General | D17: 311 | E17: 227 | F17: 75 | G17: 9 | H17: 106 | I17: 60 | J17: 3 | K17: 0 | L17: 0 | M17: 6 | N17: 7 | O17: 0 | P17: 14 | Q17: 0 | R17: 0 | S17: 6 | T17: 0 | U17: 0 | V17: 0 | W17: 0 | X17: 0 | Y17: 0 | Z17: 0 | AA17: 0 | AB17: 0 | AC17: 1 | AD17: 0 | AE17: 1 | AF17: 0 | AG17: 0 | AH17: 0 | AI17: 0 | AJ17: 0 | AK17: 0 | AL17: 0 | AM17: 0 | AN17: 0 | AO17: 0 | AP17: 0 | AQ17: 24 | AR17: 4 | AS17: 0 | AT17: 2 | AU17: 0 | AV17: 0 | AW17: 5 | AX17: 0 | AY17: 0 | AZ17: 38 | BA17: 1 | BB17: 0 | BC17: 22 | BD17: 2 | BE17: 9
B18: 原住民 | C18: Indigenous | D18: 41 | E18: 24 | F18: 17 | G18: 0 | H18: 14 | I18: 15 | J18: 1 | K18: 0 | L18: 0 | M18: 1 | N18: 0 | O18: 0 | P18: 0 | Q18: 1 | R18: 0 | S18: 4 | T18: 0 | U18: 0 | V18: 0 | W18: 0 | X18: 0 | Y18: 0 | Z18: 0 | AA18: 0 | AB18: 0 | AC18: 0 | AD18: 0 | AE18: 0 | AF18: 0 | AG18: 0 | AH18: 0 | AI18: 0 | AJ18: 0 | AK18: 0 | AL18: 0 | AM18: 0 | AN18: 0 | AO18: 0 | AP18: 0 | AQ18: 2 | AR18: 1 | AS18: 0 | AT18: 0 | AU18: 0 | AV18: 0 | AW18: 1 | AX18: 0 | AY18: 0 | AZ18: 1 | BA18: 0 | BB18: 0 | BC18: 0 | BD18: 0 | BE18: 0
A19: 臺中市 | B19: 計 | C19: Total | D19: 613 | E19: 398 | F19: 209 | G19: 6 | H19: 230 | I19: 153 | J19: 15 | K19: 5 | L19: 0 | M19: 14 | N19: 16 | O19: 0 | P19: 9 | Q19: 5 | R19: 0 | S19: 12 | T19: 7 | U19: 0 | V19: 0 | W19: 0 | X19: 0 | Y19: 0 | Z19: 0 | AA19: 0 | AB19: 0 | AC19: 0 | AD19: 0 | AE19: 0 | AF19: 0 | AG19: 0 | AH19: 2 | AI19: 0 | AJ19: 0 | AK19: 5 | AL19: 0 | AM19: 0 | AN19: 0 | AO19: 0 | AP19: 0 | AQ19: 46 | AR19: 2 | AS19: 0 | AT19: 0 | AU19: 0 | AV19: 0 | AW19: 2 | AX19: 0 | AY19: 0 | AZ19: 43 | BA19: 2 | BB19: 0 | BC19: 20 | BD19: 19 | BE19: 6
A20: Taichung City | B20: 一般 | C20: General | D20: 590 | E20: 384 | F20: 200 | G20: 6 | H20: 222 | I20: 146 | J20: 12 | K20: 4 | L20: 0 | M20: 13 | N20: 15 | O20: 0 | P20: 9 | Q20: 5 | R20: 0 | S20: 12 | T20: 7 | U20: 0 | V20: 0 | W20: 0 | X20: 0 | Y20: 0 | Z20: 0 | AA20: 0 | AB20: 0 | AC20: 0 | AD20: 0 | AE20: 0 | AF20: 0 | AG20: 0 | AH20: 2 | AI20: 0 | AJ20: 0 | AK20: 5 | AL20: 0 | AM20: 0 | AN20: 0 | AO20: 0 | AP20: 0 | AQ20: 45 | AR20: 2 | AS20: 0 | AT20: 0 | AU20: 0 | AV20: 0 | AW20: 1 | AX20: 0 | AY20: 0 | AZ20: 43 | BA20: 2 | BB20: 0 | BC20: 20 | BD20: 19 | BE20: 6
B21: 原住民 | C21: Indigenous | D21: 23 | E21: 14 | F21: 9 | G21: 0 | H21: 8 | I21: 7 | J21: 3 | K21: 1 | L21: 0 | M21: 1 | N21: 1 | O21: 0 | P21: 0 | Q21: 0 | R21: 0 | S21: 0 | T21: 0 | U21: 0 | V21: 0 | W21: 0 | X21: 0 | Y21: 0 | Z21: 0 | AA21: 0 | AB21: 0 | AC21: 0 | AD21: 0 | AE21: 0 | AF21: 0 | AG21: 0 | AH21: 0 | AI21: 0 | AJ21: 0 | AK21: 0 | AL21: 0 | AM21: 0 | AN21: 0 | AO21: 0 | AP21: 0 | AQ21: 1 | AR21: 0 | AS21: 0 | AT21: 0 | AU21: 0 | AV21: 0 | AW21: 1 | AX21: 0 | AY21: 0 | AZ21: 0 | BA21: 0 | BB21: 0 | BC21: 0 | BD21: 0 | BE21: 0
A22: 臺南市 | B22: 計 | C22: Total | D22: 214 | E22: 135 | F22: 77 | G22: 2 | H22: 55 | I22: 57 | J22: 6 | K22: 1 | L22: 0 | M22: 5 | N22: 6 | O22: 0 | P22: 4 | Q22: 3 | R22: 0 | S22: 9 | T22: 4 | U22: 0 | V22: 0 | W22: 0 | X22: 0 | Y22: 0 | Z22: 0 | AA22: 0 | AB22: 0 | AC22: 0 | AD22: 0 | AE22: 3 | AF22: 0 | AG22: 0 | AH22: 2 | AI22: 0 | AJ22: 0 | AK22: 2 | AL22: 1 | AM22: 0 | AN22: 0 | AO22: 0 | AP22: 0 | AQ22: 14 | AR22: 3 | AS22: 0 | AT22: 0 | AU22: 0 | AV22: 0 | AW22: 7 | AX22: 0 | AY22: 0 | AZ22: 24 | BA22: 1 | BB22: 0 | BC22: 4 | BD22: 1 | BE22: 2
A23: Tainan City | B23: 一般 | C23: General | D23: 210 | E23: 134 | F23: 74 | G23: 2 | H23: 55 | I23: 55 | J23: 5 | K23: 0 | L23: 0 | M23: 5 | N23: 6 | O23: 0 | P23: 4 | Q23: 3 | R23: 0 | S23: 9 | T23: 4 | U23: 0 | V23: 0 | W23: 0 | X23: 0 | Y23: 0 | Z23: 0 | AA23: 0 | AB23: 0 | AC23: 0 | AD23: 0 | AE23: 3 | AF23: 0 | AG23: 0 | AH23: 2 | AI23: 0 | AJ23: 0 | AK23: 2 | AL23: 1 | AM23: 0 | AN23: 0 | AO23: 0 | AP23: 0 | AQ23: 14 | AR23: 3 | AS23: 0 | AT23: 0 | AU23: 0 | AV23: 0 | AW23: 7 | AX23: 0 | AY23: 0 | AZ23: 24 | BA23: 1 | BB23: 0 | BC23: 4 | BD23: 1 | BE23: 2
B24: 原住民 | C24: Indigenous | D24: 4 | E24: 1 | F24: 3 | G24: 0 | H24: 0 | I24: 2 | J24: 1 | K24: 1 | L24: 0 | M24: 0 | N24: 0 | O24: 0 | P24: 0 | Q24: 0 | R24: 0 | S24: 0 | T24: 0 | U24: 0 | V24: 0 | W24: 0 | X24: 0 | Y24: 0 | Z24: 0 | AA24: 0 | AB24: 0 | AC24: 0 | AD24: 0 | AE24: 0 | AF24: 0 | AG24: 0 | AH24: 0 | AI24: 0 | AJ24: 0 | AK24: 0 | AL24: 0 | AM24: 0 | AN24: 0 | AO24: 0 | AP24: 0 | AQ24: 0 | AR24: 0 | AS24: 0 | AT24: 0 | AU24: 0 | AV24: 0 | AW24: 0 | AX24: 0 | AY24: 0 | AZ24: 0 | BA24: 0 | BB24: 0 | BC24: 0 | BD24: 0 | BE24: 0
A25: 高雄市 | B25: 計 | C25: Total | D25: 627 | E25: 349 | F25: 272 | G25: 6 | H25: 166 | I25: 149 | J25: 7 | K25: 2 | L25: 0 | M25: 8 | N25: 23 | O25: 0 | P25: 9 | Q25: 6 | R25: 0 | S25: 20 | T25: 5 | U25: 1 | V25: 0 | W25: 0 | X25: 0 | Y25: 0 | Z25: 3 | AA25: 0 | AB25: 1 | AC25: 0 | AD25: 0 | AE25: 0 | AF25: 0 | AG25: 0 | AH25: 2 | AI25: 0 | AJ25: 0 | AK25: 0 | AL25: 0 | AM25: 0 | AN25: 0 | AO25: 0 | AP25: 0 | AQ25: 28 | AR25: 1 | AS25: 0 | AT25: 0 | AU25: 0 | AV25: 0 | AW25: 3 | AX25: 0 | AY25: 0 | AZ25: 15 | BA25: 27 | BB25: 0 | BC25: 90 | BD25: 56 | BE25: 5
A26: Kaohsiung City | B26: 一般 | C26: General | D26: 607 | E26: 341 | F26: 260 | G26: 6 | H26: 162 | I26: 141 | J26: 7 | K26: 2 | L26: 0 | M26: 8 | N26: 23 | O26: 0 | P26: 9 | Q26: 4 | R26: 0 | S26: 20 | T26: 5 | U26: 1 | V26: 0 | W26: 0 | X26: 0 | Y26: 0 | Z26: 3 | AA26: 0 | AB26: 1 | AC26: 0 | AD26: 0 | AE26: 0 | AF26: 0 | AG26: 0 | AH26: 2 | AI26: 0 | AJ26: 0 | AK26: 0 | AL26: 0 | AM26: 0 | AN26: 0 | AO26: 0 | AP26: 0 | AQ26: 27 | AR26: 1 | AS26: 0 | AT26: 0 | AU26: 0 | AV26: 0 | AW26: 3 | AX26: 0 | AY26: 0 | AZ26: 15 | BA26: 27 | BB26: 0 | BC26: 87 | BD26: 54 | BE26: 5
B27: 原住民 | C27: Indigenous | D27: 20 | E27: 8 | F27: 12 | G27: 0 | H27: 4 | I27: 8 | J27: 0 | K27: 0 | L27: 0 | M27: 0 | N27: 0 | O27: 0 | P27: 0 | Q27: 2 | R27: 0 | S27: 0 | T27: 0 | U27: 0 | V27: 0 | W27: 0 | X27: 0 | Y27: 0 | Z27: 0 | AA27: 0 | AB27: 0 | AC27: 0 | AD27: 0 | AE27: 0 | AF27: 0 | AG27: 0 | AH27: 0 | AI27: 0 | AJ27: 0 | AK27: 0 | AL27: 0 | AM27: 0 | AN27: 0 | AO27: 0 | AP27: 0 | AQ27: 1 | AR27: 0 | AS27: 0 | AT27: 0 | AU27: 0 | AV27: 0 | AW27: 0 | AX27: 0 | AY27: 0 | AZ27: 0 | BA27: 0 | BB27: 0 | BC27: 3 | BD27: 2 | BE27: 0
A28: 宜蘭縣 | B28: 計 | C28: Total | D28: 30 | E28: 17 | F28: 13 | G28: 0 | H28: 10 | I28: 8 | J28: 0 | K28: 1 | L28: 0 | M28: 1 | N28: 1 | O28: 0 | P28: 2 | Q28: 1 | R28: 0 | S28: 4 | T28: 2 | U28: 0 | V28: 0 | W28: 0 | X28: 0 | Y28: 0 | Z28: 0 | AA28: 0 | AB28: 0 | AC28: 0 | AD28: 0 | AE28: 0 | AF28: 0 | AG28: 0 | AH28: 0 | AI28: 0 | AJ28: 0 | AK28: 0 | AL28: 0 | AM28: 0 | AN28: 0 | AO28: 0 | AP28: 0 | AQ28: 0 | AR28: 0 | AS28: 0 | AT28: 0 | AU28: 0 | AV28: 0 | AW28: 0 | AX28: 0 | AY28: 0 | AZ28: 0 | BA28: 0 | BB28: 0 | BC28: 0 | BD28: 0 | BE28: 0
A29: Yilan County | B29: 一般 | C29: General | D29: 28 | E29: 15 | F29: 13 | G29: 0 | H29: 10 | I29: 8 | J29: 0 | K29: 1 | L29: 0 | M29: 1 | N29: 1 | O29: 0 | P29: 1 | Q29: 1 | R29: 0 | S29: 3 | T29: 2 | U29: 0 | V29: 0 | W29: 0 | X29: 0 | Y29: 0 | Z29: 0 | AA29: 0 | AB29: 0 | AC29: 0 | AD29: 0 | AE29: 0 | AF29: 0 | AG29: 0 | AH29: 0 | AI29: 0 | AJ29: 0 | AK29: 0 | AL29: 0 | AM29: 0 | AN29: 0 | AO29: 0 | AP29: 0 | AQ29: 0 | AR29: 0 | AS29: 0 | AT29: 0 | AU29: 0 | AV29: 0 | AW29: 0 | AX29: 0 | AY29: 0 | AZ29: 0 | BA29: 0 | BB29: 0 | BC29: 0 | BD29: 0 | BE29: 0
B30: 原住民 | C30: Indigenous | D30: 2 | E30: 2 | F30: 0 | G30: 0 | H30: 0 | I30: 0 | J30: 0 | K30: 0 | L30: 0 | M30: 0 | N30: 0 | O30: 0 | P30: 1 | Q30: 0 | R30: 0 | S30: 1 | T30: 0 | U30: 0 | V30: 0 | W30: 0 | X30: 0 | Y30: 0 | Z30: 0 | AA30: 0 | AB30: 0 | AC30: 0 | AD30: 0 | AE30: 0 | AF30: 0 | AG30: 0 | AH30: 0 | AI30: 0 | AJ30: 0 | AK30: 0 | AL30: 0 | AM30: 0 | AN30: 0 | AO30: 0 | AP30: 0 | AQ30: 0 | AR30: 0 | AS30: 0 | AT30: 0 | AU30: 0 | AV30: 0 | AW30: 0 | AX30: 0 | AY30: 0 | AZ30: 0 | BA30: 0 | BB30: 0 | BC30: 0 | BD30: 0 | BE30: 0
A31: 新竹縣 | B31: 計 | C31: Total | D31: 168 | E31: 103 | F31: 64 | G31: 1 | H31: 59 | I31: 57 | J31: 5 | K31: 0 | L31: 0 | M31: 3 | N31: 1 | O31: 0 | P31: 2 | Q31: 1 | R31: 0 | S31: 8 | T31: 0 | U31: 0 | V31: 0 | W31: 0 | X31: 0 | Y31: 0 | Z31: 0 | AA31: 0 | AB31: 0 | AC31: 0 | AD31: 0 | AE31: 0 | AF31: 0 | AG31: 0 | AH31: 0 | AI31: 0 | AJ31: 0 | AK31: 2 | AL31: 1 | AM31: 0 | AN31: 0 | AO31: 0 | AP31: 0 | AQ31: 1 | AR31: 0 | AS31: 0 | AT31: 0 | AU31: 0 | AV31: 0 | AW31: 3 | AX31: 0 | AY31: 0 | AZ31: 15 | BA31: 4 | BB31: 0 | BC31: 5 | BD31: 0 | BE31: 1
A32: Hsinchu County | B32: 一般 | C32: General | D32: 141 | E32: 89 | F32: 51 | G32: 1 | H32: 54 | I32: 45 | J32: 4 | K32: 0 | L32: 0 | M32: 3 | N32: 1 | O32: 0 | P32: 2 | Q32: 1 | R32: 0 | S32: 3 | T32: 0 | U32: 0 | V32: 0 | W32: 0 | X32: 0 | Y32: 0 | Z32: 0 | AA32: 0 | AB32: 0 | AC32: 0 | AD32: 0 | AE32: 0 | AF32: 0 | AG32: 0 | AH32: 0 | AI32: 0 | AJ32: 0 | AK32: 2 | AL32: 1 | AM32: 0 | AN32: 0 | AO32: 0 | AP32: 0 | AQ32: 1 | AR32: 0 | AS32: 0 | AT32: 0 | AU32: 0 | AV32: 0 | AW32: 3 | AX32: 0 | AY32: 0 | AZ32: 12 | BA32: 3 | BB32: 0 | BC32: 5 | BD32: 0 | BE32: 1
B33: 原住民 | C33: Indigenous | D33: 27 | E33: 14 | F33: 13 | G33: 0 | H33: 5 | I33: 12 | J33: 1 | K33: 0 | L33: 0 | M33: 0 | N33: 0 | O33: 0 | P33: 0 | Q33: 0 | R33: 0 | S33: 5 | T33: 0 | U33: 0 | V33: 0 | W33: 0 | X33: 0 | Y33: 0 | Z33: 0 | AA33: 0 | AB33: 0 | AC33: 0 | AD33: 0 | AE33: 0 | AF33: 0 | AG33: 0 | AH33: 0 | AI33: 0 | AJ33: 0 | AK33: 0 | AL33: 0 | AM33: 0 | AN33: 0 | AO33: 0 | AP33: 0 | AQ33: 0 | AR33: 0 | AS33: 0 | AT33: 0 | AU33: 0 | AV33: 0 | AW33: 0 | AX33: 0 | AY33: 0 | AZ33: 3 | BA33: 1 | BB33: 0 | BC33: 0 | BD33: 0 | BE33: 0
A34: 苗栗縣 | B34: 計 | C34: Total | D34: 99 | E34: 71 | F34: 26 | G34: 2 | H34: 30 | I34: 19 | J34: 0 | K34: 0 | L34: 0 | M34: 0 | N34: 2 | O34: 0 | P34: 7 | Q34: 0 | R34: 0 | S34: 0 | T34: 2 | U34: 0 | V34: 11 | W34: 0 | X34: 0 | Y34: 0 | Z34: 0 | AA34: 0 | AB34: 0 | AC34: 0 | AD34: 0 | AE34: 1 | AF34: 0 | AG34: 0 | AH34: 1 | AI34: 0 | AJ34: 0 | AK34: 0 | AL34: 0 | AM34: 0 | AN34: 1 | AO34: 0 | AP34: 0 | AQ34: 5 | AR34: 1 | AS34: 0 | AT34: 0 | AU34: 0 | AV34: 0 | AW34: 5 | AX34: 0 | AY34: 0 | AZ34: 10 | BA34: 2 | BB34: 0 | BC34: 0 | BD34: 0 | BE34: 2
A35: Miaoli County | B35: 一般 | C35: General | D35: 94 | E35: 67 | F35: 25 | G35: 2 | H35: 26 | I35: 18 | J35: 0 | K35: 0 | L35: 0 | M35: 0 | N35: 2 | O35: 0 | P35: 7 | Q35: 0 | R35: 0 | S35: 0 | T35: 2 | U35: 0 | V35: 11 | W35: 0 | X35: 0 | Y35: 0 | Z35: 0 | AA35: 0 | AB35: 0 | AC35: 0 | AD35: 0 | AE35: 1 | AF35: 0 | AG35: 0 | AH35: 1 | AI35: 0 | AJ35: 0 | AK35: 0 | AL35: 0 | AM35: 0 | AN35: 1 | AO35: 0 | AP35: 0 | AQ35: 5 | AR35: 1 | AS35: 0 | AT35: 0 | AU35: 0 | AV35: 0 | AW35: 5 | AX35: 0 | AY35: 0 | AZ35: 10 | BA35: 2 | BB35: 0 | BC35: 0 | BD35: 0 | BE35: 2
B36: 原住民 | C36: Indigenous | D36: 5 | E36: 4 | F36: 1 | G36: 0 | H36: 4 | I36: 1 | J36: 0 | K36: 0 | L36: 0 | M36: 0 | N36: 0 | O36: 0 | P36: 0 | Q36: 0 | R36: 0 | S36: 0 | T36: 0 | U36: 0 | V36: 0 | W36: 0 | X36: 0 | Y36: 0 | Z36: 0 | AA36: 0 | AB36: 0 | AC36: 0 | AD36: 0 | AE36: 0 | AF36: 0 | AG36: 0 | AH36: 0 | AI36: 0 | AJ36: 0 | AK36: 0 | AL36: 0 | AM36: 0 | AN36: 0 | AO36: 0 | AP36: 0 | AQ36: 0 | AR36: 0 | AS36: 0 | AT36: 0 | AU36: 0 | AV36: 0 | AW36: 0 | AX36: 0 | AY36: 0 | AZ36: 0 | BA36: 0 | BB36: 0 | BC36: 0 | BD36: 0 | BE36: 0
A37: 彰化縣 | B37: 計 | C37: Total | D37: 150 | E37: 61 | F37: 89 | G37: 0 | H37: 52 | I37: 74 | J37: 3 | K37: 1 | L37: 0 | M37: 0 | N37: 6 | O37: 0 | P37: 2 | Q37: 2 | R37: 0 | S37: 2 | T37: 6 | U37: 0 | V37: 0 | W37: 0 | X37: 0 | Y37: 0 | Z37: 0 | AA37: 0 | AB37: 0 | AC37: 0 | AD37: 0 | AE37: 0 | AF37: 0 | AG37: 0 | AH37: 2 | AI37: 0 | AJ37: 0 | AK37: 0 | AL37: 0 | AM37: 0 | AN37: 0 | AO37: 0 | AP37: 0 | AQ37: 0 | AR37: 0 | AS37: 0 | AT37: 0 | AU37: 0 | AV37: 0 | AW37: 0 | AX37: 0 | AY37: 0 | AZ37: 0 | BA37: 0 | BB37: 0 | BC37: 0 | BD37: 0 | BE37: 0
A38: Changhua County | B38: 一般 | C38: General | D38: 140 | E38: 57 | F38: 83 | G38: 0 | H38: 48 | I38: 68 | J38: 3 | K38: 1 | L38: 0 | M38: 0 | N38: 6 | O38: 0 | P38: 2 | Q38: 2 | R38: 0 | S38: 2 | T38: 6 | U38: 0 | V38: 0 | W38: 0 | X38: 0 | Y38: 0 | Z38: 0 | AA38: 0 | AB38: 0 | AC38: 0 | AD38: 0 | AE38: 0 | AF38: 0 | AG38: 0 | AH38: 2 | AI38: 0 | AJ38: 0 | AK38: 0 | AL38: 0 | AM38: 0 | AN38: 0 | AO38: 0 | AP38: 0 | AQ38: 0 | AR38: 0 | AS38: 0 | AT38: 0 | AU38: 0 | AV38: 0 | AW38: 0 | AX38: 0 | AY38: 0 | AZ38: 0 | BA38: 0 | BB38: 0 | BC38: 0 | BD38: 0 | BE38: 0
B39: 原住民 | C39: Indigenous | D39: 10 | E39: 4 | F39: 6 | G39: 0 | H39: 4 | I39: 6 | J39: 0 | K39: 0 | L39: 0 | M39: 0 | N39: 0 | O39: 0 | P39: 0 | Q39: 0 | R39: 0 | S39: 0 | T39: 0 | U39: 0 | V39: 0 | W39: 0 | X39: 0 | Y39: 0 | Z39: 0 | AA39: 0 | AB39: 0 | AC39: 0 | AD39: 0 | AE39: 0 | AF39: 0 | AG39: 0 | AH39: 0 | AI39: 0 | AJ39: 0 | AK39: 0 | AL39: 0 | AM39: 0 | AN39: 0 | AO39: 0 | AP39: 0 | AQ39: 0 | AR39: 0 | AS39: 0 | AT39: 0 | AU39: 0 | AV39: 0 | AW39: 0 | AX39: 0 | AY39: 0 | AZ39: 0 | BA39: 0 | BB39: 0 | BC39: 0 | BD39: 0 | BE39: 0
A40: 南投縣 | B40: 計 | C40: Total | D40: 76 | E40: 60 | F40: 16 | G40: 0 | H40: 20 | I40: 11 | J40: 2 | K40: 0 | L40: 0 | M40: 1 | N40: 0 | O40: 0 | P40: 0 | Q40: 0 | R40: 0 | S40: 0 | T40: 0 | U40: 0 | V40: 0 | W40: 0 | X40: 0 | Y40: 0 | Z40: 0 | AA40: 0 | AB40: 0 | AC40: 0 | AD40: 0 | AE40: 0 | AF40: 0 | AG40: 0 | AH40: 0 | AI40: 0 | AJ40: 0 | AK40: 0 | AL40: 0 | AM40: 0 | AN40: 0 | AO40: 0 | AP40: 0 | AQ40: 1 | AR40: 1 | AS40: 0 | AT40: 1 | AU40: 0 | AV40: 0 | AW40: 0 | AX40: 0 | AY40: 0 | AZ40: 6 | BA40: 0 | BB40: 0 | BC40: 29 | BD40: 4 | BE40: 0
A41: Nantou County | B41: 一般 | C41: General | D41: 60 | E41: 47 | F41: 13 | G41: 0 | H41: 13 | I41: 9 | J41: 1 | K41: 0 | L41: 0 | M41: 1 | N41: 0 | O41: 0 | P41: 0 | Q41: 0 | R41: 0 | S41: 0 | T41: 0 | U41: 0 | V41: 0 | W41: 0 | X41: 0 | Y41: 0 | Z41: 0 | AA41: 0 | AB41: 0 | AC41: 0 | AD41: 0 | AE41: 0 | AF41: 0 | AG41: 0 | AH41: 0 | AI41: 0 | AJ41: 0 | AK41: 0 | AL41: 0 | AM41: 0 | AN41: 0 | AO41: 0 | AP41: 0 | AQ41: 1 | AR41: 1 | AS41: 0 | AT41: 1 | AU41: 0 | AV41: 0 | AW41: 0 | AX41: 0 | AY41: 0 | AZ41: 5 | BA41: 0 | BB41: 0 | BC41: 25 | BD41: 3 | BE41: 0
B42: 原住民 | C42: Indigenous | D42: 16 | E42: 13 | F42: 3 | G42: 0 | H42: 7 | I42: 2 | J42: 1 | K42: 0 | L42: 0 | M42: 0 | N42: 0 | O42: 0 | P42: 0 | Q42: 0 | R42: 0 | S42: 0 | T42: 0 | U42: 0 | V42: 0 | W42: 0 | X42: 0 | Y42: 0 | Z42: 0 | AA42: 0 | AB42: 0 | AC42: 0 | AD42: 0 | AE42: 0 | AF42: 0 | AG42: 0 | AH42: 0 | AI42: 0 | AJ42: 0 | AK42: 0 | AL42: 0 | AM42: 0 | AN42: 0 | AO42: 0 | AP42: 0 | AQ42: 0 | AR42: 0 | AS42: 0 | AT42: 0 | AU42: 0 | AV42: 0 | AW42: 0 | AX42: 0 | AY42: 0 | AZ42: 1 | BA42: 0 | BB42: 0 | BC42: 4 | BD42: 1 | BE42: 0
A43: 雲林縣 | B43: 計 | C43: Total | D43: 141 | E43: 106 | F43: 34 | G43: 1 | H43: 50 | I43: 25 | J43: 2 | K43: 0 | L43: 0 | M43: 6 | N43: 3 | O43: 0 | P43: 4 | Q43: 0 | R43: 0 | S43: 4 | T43: 0 | U43: 0 | V43: 0 | W43: 0 | X43: 0 | Y43: 0 | Z43: 0 | AA43: 0 | AB43: 2 | AC43: 1 | AD43: 0 | AE43: 0 | AF43: 0 | AG43: 0 | AH43: 0 | AI43: 0 | AJ43: 0 | AK43: 0 | AL43: 0 | AM43: 0 | AN43: 0 | AO43: 0 | AP43: 0 | AQ43: 17 | AR43: 2 | AS43: 0 | AT43: 0 | AU43: 0 | AV43: 0 | AW43: 0 | AX43: 0 | AY43: 0 | AZ43: 11 | BA43: 2 | BB43: 0 | BC43: 10 | BD43: 1 | BE43: 1
A44: Yunlin County | B44: 一般 | C44: General | D44: 140 | E44: 106 | F44: 33 | G44: 1 | H44: 50 | I44: 24 | J44: 2 | K44: 0 | L44: 0 | M44: 6 | N44: 3 | O44: 0 | P44: 4 | Q44: 0 | R44: 0 | S44: 4 | T44: 0 | U44: 0 | V44: 0 | W44: 0 | X44: 0 | Y44: 0 | Z44: 0 | AA44: 0 | AB44: 2 | AC44: 1 | AD44: 0 | AE44: 0 | AF44: 0 | AG44: 0 | AH44: 0 | AI44: 0 | AJ44: 0 | AK44: 0 | AL44: 0 | AM44: 0 | AN44: 0 | AO44: 0 | AP44: 0 | AQ44: 17 | AR44: 2 | AS44: 0 | AT44: 0 | AU44: 0 | AV44: 0 | AW44: 0 | AX44: 0 | AY44: 0 | AZ44: 11 | BA44: 2 | BB44: 0 | BC44: 10 | BD44: 1 | BE44: 1
B45: 原住民 | C45: Indigenous | D45: 1 | E45: 0 | F45: 1 | G45: 0 | H45: 0 | I45: 1 | J45: 0 | K45: 0 | L45: 0 | M45: 0 | N45: 0 | O45: 0 | P45: 0 | Q45: 0 | R45: 0 | S45: 0 | T45: 0 | U45: 0 | V45: 0 | W45: 0 | X45: 0 | Y45: 0 | Z45: 0 | AA45: 0 | AB45: 0 | AC45: 0 | AD45: 0 | AE45: 0 | AF45: 0 | AG45: 0 | AH45: 0 | AI45: 0 | AJ45: 0 | AK45: 0 | AL45: 0 | AM45: 0 | AN45: 0 | AO45: 0 | AP45: 0 | AQ45: 0 | AR45: 0 | AS45: 0 | AT45: 0 | AU45: 0 | AV45: 0 | AW45: 0 | AX45: 0 | AY45: 0 | AZ45: 0 | BA45: 0 | BB45: 0 | BC45: 0 | BD45: 0 | BE45: 0
A46: 嘉義縣 | B46: 計 | C46: Total | D46: 38 | E46: 26 | F46: 12 | G46: 0 | H46: 19 | I46: 9 | J46: 0 | K46: 0 | L46: 0 | M46: 1 | N46: 1 | O46: 0 | P46: 0 | Q46: 1 | R46: 0 | S46: 0 | T46: 1 | U46: 0 | V46: 0 | W46: 0 | X46: 0 | Y46: 0 | Z46: 0 | AA46: 0 | AB46: 0 | AC46: 0 | AD46: 0 | AE46: 0 | AF46: 0 | AG46: 0 | AH46: 1 | AI46: 0 | AJ46: 0 | AK46: 0 | AL46: 0 | AM46: 0 | AN46: 0 | AO46: 0 | AP46: 0 | AQ46: 3 | AR46: 0 | AS46: 0 | AT46: 0 | AU46: 0 | AV46: 0 | AW46: 0 | AX46: 0 | AY46: 0 | AZ46: 1 | BA46: 0 | BB46: 0 | BC46: 1 | BD46: 0 | BE46: 0
A47: Chiayi County | B47: 一般 | C47: General | D47: 38 | E47: 26 | F47: 12 | G47: 0 | H47: 19 | I47: 9 | J47: 0 | K47: 0 | L47: 0 | M47: 1 | N47: 1 | O47: 0 | P47: 0 | Q47: 1 | R47: 0 | S47: 0 | T47: 1 | U47: 0 | V47: 0 | W47: 0 | X47: 0 | Y47: 0 | Z47: 0 | AA47: 0 | AB47: 0 | AC47: 0 | AD47: 0 | AE47: 0 | AF47: 0 | AG47: 0 | AH47: 1 | AI47: 0 | AJ47: 0 | AK47: 0 | AL47: 0 | AM47: 0 | AN47: 0 | AO47: 0 | AP47: 0 | AQ47: 3 | AR47: 0 | AS47: 0 | AT47: 0 | AU47: 0 | AV47: 0 | AW47: 0 | AX47: 0 | AY47: 0 | AZ47: 1 | BA47: 0 | BB47: 0 | BC47: 1 | BD47: 0 | BE47: 0
B48: 原住民 | C48: Indigenous | D48: 0 | E48: 0 | F48: 0 | G48: 0 | H48: 0 | I48: 0 | J48: 0 | K48: 0 | L48: 0 | M48: 0 | N48: 0 | O48: 0 | P48: 0 | Q48: 0 | R48: 0 | S48: 0 | T48: 0 | U48: 0 | V48: 0 | W48: 0 | X48: 0 | Y48: 0 | Z48: 0 | AA48: 0 | AB48: 0 | AC48: 0 | AD48: 0 | AE48: 0 | AF48: 0 | AG48: 0 | AH48: 0 | AI48: 0 | AJ48: 0 | AK48: 0 | AL48: 0 | AM48: 0 | AN48: 0 | AO48: 0 | AP48: 0 | AQ48: 0 | AR48: 0 | AS48: 0 | AT48: 0 | AU48: 0 | AV48: 0 | AW48: 0 | AX48: 0 | AY48: 0 | AZ48: 0 | BA48: 0 | BB48: 0 | BC48: 0 | BD48: 0 | BE48: 0
A49: 屏東縣 | B49: 計 | C49: Total | D49: 166 | E49: 117 | F49: 48 | G49: 1 | H49: 42 | I49: 26 | J49: 5 | K49: 1 | L49: 0 | M49: 3 | N49: 3 | O49: 0 | P49: 11 | Q49: 0 | R49: 0 | S49: 5 | T49: 2 | U49: 0 | V49: 0 | W49: 0 | X49: 0 | Y49: 0 | Z49: 0 | AA49: 0 | AB49: 0 | AC49: 0 | AD49: 0 | AE49: 0 | AF49: 0 | AG49: 0 | AH49: 0 | AI49: 0 | AJ49: 0 | AK49: 0 | AL49: 0 | AM49: 0 | AN49: 0 | AO49: 0 | AP49: 0 | AQ49: 10 | AR49: 0 | AS49: 0 | AT49: 0 | AU49: 0 | AV49: 0 | AW49: 0 | AX49: 0 | AY49: 0 | AZ49: 7 | BA49: 3 | BB49: 0 | BC49: 34 | BD49: 13 | BE49: 1
A50: Pingtung County | B50: 一般 | C50: General | D50: 147 | E50: 98 | F50: 48 | G50: 1 | H50: 37 | I50: 26 | J50: 4 | K50: 1 | L50: 0 | M50: 3 | N50: 3 | O50: 0 | P50: 7 | Q50: 0 | R50: 0 | S50: 5 | T50: 2 | U50: 0 | V50: 0 | W50: 0 | X50: 0 | Y50: 0 | Z50: 0 | AA50: 0 | AB50: 0 | AC50: 0 | AD50: 0 | AE50: 0 | AF50: 0 | AG50: 0 | AH50: 0 | AI50: 0 | AJ50: 0 | AK50: 0 | AL50: 0 | AM50: 0 | AN50: 0 | AO50: 0 | AP50: 0 | AQ50: 7 | AR50: 0 | AS50: 0 | AT50: 0 | AU50: 0 | AV50: 0 | AW50: 0 | AX50: 0 | AY50: 0 | AZ50: 7 | BA50: 3 | BB50: 0 | BC50: 28 | BD50: 13 | BE50: 1
B51: 原住民 | C51: Indigenous | D51: 19 | E51: 19 | F51: 0 | G51: 0 | H51: 5 | I51: 0 | J51: 1 | K51: 0 | L51: 0 | M51: 0 | N51: 0 | O51: 0 | P51: 4 | Q51: 0 | R51: 0 | S51: 0 | T51: 0 | U51: 0 | V51: 0 | W51: 0 | X51: 0 | Y51: 0 | Z51: 0 | AA51: 0 | AB51: 0 | AC51: 0 | AD51: 0 | AE51: 0 | AF51: 0 | AG51: 0 | AH51: 0 | AI51: 0 | AJ51: 0 | AK51: 0 | AL51: 0 | AM51: 0 | AN51: 0 | AO51: 0 | AP51: 0 | AQ51: 3 | AR51: 0 | AS51: 0 | AT51: 0 | AU51: 0 | AV51: 0 | AW51: 0 | AX51: 0 | AY51: 0 | AZ51: 0 | BA51: 0 | BB51: 0 | BC51: 6 | BD51: 0 | BE51: 0
A52: 臺東縣 | B52: 計 | C52: Total | D52: 49 | E52: 38 | F52: 10 | G52: 1 | H52: 6 | I52: 4 | J52: 0 | K52: 0 | L52: 0 | M52: 0 | N52: 0 | O52: 0 | P52: 1 | Q52: 0 | R52: 0 | S52: 1 | T52: 0 | U52: 0 | V52: 0 | W52: 0 | X52: 0 | Y52: 0 | Z52: 0 | AA52: 0 | AB52: 0 | AC52: 0 | AD52: 0 | AE52: 0 | AF52: 0 | AG52: 0 | AH52: 0 | AI52: 0 | AJ52: 0 | AK52: 0 | AL52: 0 | AM52: 0 | AN52: 0 | AO52: 0 | AP52: 0 | AQ52: 5 | AR52: 1 | AS52: 0 | AT52: 0 | AU52: 0 | AV52: 0 | AW52: 0 | AX52: 0 | AY52: 0 | AZ52: 3 | BA52: 0 | BB52: 0 | BC52: 22 | BD52: 5 | BE52: 1
A53: Taitung County | B53: 一般 | C53: General | D53: 28 | E53: 22 | F53: 5 | G53: 1 | H53: 3 | I53: 1 | J53: 0 | K53: 0 | L53: 0 | M53: 0 | N53: 0 | O53: 0 | P53: 0 | Q53: 0 | R53: 0 | S53: 1 | T53: 0 | U53: 0 | V53: 0 | W53: 0 | X53: 0 | Y53: 0 | Z53: 0 | AA53: 0 | AB53: 0 | AC53: 0 | AD53: 0 | AE53: 0 | AF53: 0 | AG53: 0 | AH53: 0 | AI53: 0 | AJ53: 0 | AK53: 0 | AL53: 0 | AM53: 0 | AN53: 0 | AO53: 0 | AP53: 0 | AQ53: 4 | AR53: 1 | AS53: 0 | AT53: 0 | AU53: 0 | AV53: 0 | AW53: 0 | AX53: 0 | AY53: 0 | AZ53: 1 | BA53: 0 | BB53: 0 | BC53: 13 | BD53: 3 | BE53: 1
B54: 原住民 | C54: Indigenous | D54: 21 | E54: 16 | F54: 5 | G54: 0 | H54: 3 | I54: 3 | J54: 0 | K54: 0 | L54: 0 | M54: 0 | N54: 0 | O54: 0 | P54: 1 | Q54: 0 | R54: 0 | S54: 0 | T54: 0 | U54: 0 | V54: 0 | W54: 0 | X54: 0 | Y54: 0 | Z54: 0 | AA54: 0 | AB54: 0 | AC54: 0 | AD54: 0 | AE54: 0 | AF54: 0 | AG54: 0 | AH54: 0 | AI54: 0 | AJ54: 0 | AK54: 0 | AL54: 0 | AM54: 0 | AN54: 0 | AO54: 0 | AP54: 0 | AQ54: 1 | AR54: 0 | AS54: 0 | AT54: 0 | AU54: 0 | AV54: 0 | AW54: 0 | AX54: 0 | AY54: 0 | AZ54: 2 | BA54: 0 | BB54: 0 | BC54: 9 | BD54: 2 | BE54: 0
A55: 花蓮縣 | B55: 計 | C55: Total | D55: 120 | E55: 77 | F55: 43 | G55: 0 | H55: 26 | I55: 35 | J55: 1 | K55: 2 | L55: 0 | M55: 0 | N55: 2 | O55: 0 | P55: 13 | Q55: 2 | R55: 0 | S55: 8 | T55: 0 | U55: 0 | V55: 0 | W55: 0 | X55: 0 | Y55: 0 | Z55: 0 | AA55: 0 | AB55: 0 | AC55: 0 | AD55: 0 | AE55: 0 | AF55: 0 | AG55: 0 | AH55: 0 | AI55: 0 | AJ55: 0 | AK55: 0 | AL55: 0 | AM55: 0 | AN55: 0 | AO55: 0 | AP55: 0 | AQ55: 16 | AR55: 0 | AS55: 0 | AT55: 0 | AU55: 0 | AV55: 0 | AW55: 2 | AX55: 0 | AY55: 0 | AZ55: 9 | BA55: 2 | BB55: 0 | BC55: 2 | BD55: 0 | BE55: 0
A56: Hualien County | B56: 一般 | C56: General | D56: 66 | E56: 43 | F56: 23 | G56: 0 | H56: 13 | I56: 18 | J56: 0 | K56: 1 | L56: 0 | M56: 0 | N56: 2 | O56: 0 | P56: 9 | Q56: 0 | R56: 0 | S56: 2 | T56: 0 | U56: 0 | V56: 0 | W56: 0 | X56: 0 | Y56: 0 | Z56: 0 | AA56: 0 | AB56: 0 | AC56: 0 | AD56: 0 | AE56: 0 | AF56: 0 | AG56: 0 | AH56: 0 | AI56: 0 | AJ56: 0 | AK56: 0 | AL56: 0 | AM56: 0 | AN56: 0 | AO56: 0 | AP56: 0 | AQ56: 10 | AR56: 0 | AS56: 0 | AT56: 0 | AU56: 0 | AV56: 0 | AW56: 1 | AX56: 0 | AY56: 0 | AZ56: 6 | BA56: 2 | BB56: 0 | BC56: 2 | BD56: 0 | BE56: 0
B57: 原住民 | C57: Indigenous | D57: 54 | E57: 34 | F57: 20 | G57: 0 | H57: 13 | I57: 17 | J57: 1 | K57: 1 | L57: 0 | M57: 0 | N57: 0 | O57: 0 | P57: 4 | Q57: 2 | R57: 0 | S57: 6 | T57: 0 | U57: 0 | V57: 0 | W57: 0 | X57: 0 | Y57: 0 | Z57: 0 | AA57: 0 | AB57: 0 | AC57: 0 | AD57: 0 | AE57: 0 | AF57: 0 | AG57: 0 | AH57: 0 | AI57: 0 | AJ57: 0 | AK57: 0 | AL57: 0 | AM57: 0 | AN57: 0 | AO57: 0 | AP57: 0 | AQ57: 6 | AR57: 0 | AS57: 0 | AT57: 0 | AU57: 0 | AV57: 0 | AW57: 1 | AX57: 0 | AY57: 0 | AZ57: 3 | BA57: 0 | BB57: 0 | BC57: 0 | BD57: 0 | BE57: 0
A58: 澎湖縣 | B58: 計 | C58: Total | D58: 7 | E58: 4 | F58: 3 | G58: 0 | H58: 4 | I58: 3 | J58: 0 | K58: 0 | L58: 0 | M58: 0 | N58: 0 | O58: 0 | P58: 0 | Q58: 0 | R58: 0 | S58: 0 | T58: 0 | U58: 0 | V58: 0 | W58: 0 | X58: 0 | Y58: 0 | Z58: 0 | AA58: 0 | AB58: 0 | AC58: 0 | AD58: 0 | AE58: 0 | AF58: 0 | AG58: 0 | AH58: 0 | AI58: 0 | AJ58: 0 | AK58: 0 | AL58: 0 | AM58: 0 | AN58: 0 | AO58: 0 | AP58: 0 | AQ58: 0 | AR58: 0 | AS58: 0 | AT58: 0 | AU58: 0 | AV58: 0 | AW58: 0 | AX58: 0 | AY58: 0 | AZ58: 0 | BA58: 0 | BB58: 0 | BC58: 0 | BD58: 0 | BE58: 0
A59: Penghu County | B59: 一般 | C59: General | D59: 7 | E59: 4 | F59: 3 | G59: 0 | H59: 4 | I59: 3 | J59: 0 | K59: 0 | L59: 0 | M59: 0 | N59: 0 | O59: 0 | P59: 0 | Q59: 0 | R59: 0 | S59: 0 | T59: 0 | U59: 0 | V59: 0 | W59: 0 | X59: 0 | Y59: 0 | Z59: 0 | AA59: 0 | AB59: 0 | AC59: 0 | AD59: 0 | AE59: 0 | AF59: 0 | AG59: 0 | AH59: 0 | AI59: 0 | AJ59: 0 | AK59: 0 | AL59: 0 | AM59: 0 | AN59: 0 | AO59: 0 | AP59: 0 | AQ59: 0 | AR59: 0 | AS59: 0 | AT59: 0 | AU59: 0 | AV59: 0 | AW59: 0 | AX59: 0 | AY59: 0 | AZ59: 0 | BA59: 0 | BB59: 0 | BC59: 0 | BD59: 0 | BE59: 0
B60: 原住民 | C60: Indigenous | D60: 0 | E60: 0 | F60: 0 | G60: 0 | H60: 0 | I60: 0 | J60: 0 | K60: 0 | L60: 0 | M60: 0 | N60: 0 | O60: 0 | P60: 0 | Q60: 0 | R60: 0 | S60: 0 | T60: 0 | U60: 0 | V60: 0 | W60: 0 | X60: 0 | Y60: 0 | Z60: 0 | AA60: 0 | AB60: 0 | AC60: 0 | AD60: 0 | AE60: 0 | AF60: 0 | AG60: 0 | AH60: 0 | AI60: 0 | AJ60: 0 | AK60: 0 | AL60: 0 | AM60: 0 | AN60: 0 | AO60: 0 | AP60: 0 | AQ60: 0 | AR60: 0 | AS60: 0 | AT60: 0 | AU60: 0 | AV60: 0 | AW60: 0 | AX60: 0 | AY60: 0 | AZ60: 0 | BA60: 0 | BB60: 0 | BC60: 0 | BD60: 0 | BE60: 0
A61: 基隆市 | B61: 計 | C61: Total | D61: 96 | E61: 39 | F61: 57 | G61: 0 | H61: 18 | I61: 50 | J61: 2 | K61: 0 | L61: 0 | M61: 1 | N61: 0 | O61: 0 | P61: 2 | Q61: 0 | R61: 0 | S61: 1 | T61: 1 | U61: 0 | V61: 0 | W61: 0 | X61: 0 | Y61: 0 | Z61: 0 | AA61: 0 | AB61: 0 | AC61: 0 | AD61: 0 | AE61: 0 | AF61: 0 | AG61: 0 | AH61: 0 | AI61: 0 | AJ61: 0 | AK61: 0 | AL61: 1 | AM61: 0 | AN61: 0 | AO61: 0 | AP61: 0 | AQ61: 5 | AR61: 2 | AS61: 0 | AT61: 0 | AU61: 0 | AV61: 0 | AW61: 0 | AX61: 0 | AY61: 0 | AZ61: 10 | BA61: 3 | BB61: 0 | BC61: 0 | BD61: 0 | BE61: 0
A62: Keelung City | B62: 一般 | C62: General | D62: 88 | E62: 36 | F62: 52 | G62: 0 | H62: 17 | I62: 45 | J62: 2 | K62: 0 | L62: 0 | M62: 0 | N62: 0 | O62: 0 | P62: 2 | Q62: 0 | R62: 0 | S62: 1 | T62: 1 | U62: 0 | V62: 0 | W62: 0 | X62: 0 | Y62: 0 | Z62: 0 | AA62: 0 | AB62: 0 | AC62: 0 | AD62: 0 | AE62: 0 | AF62: 0 | AG62: 0 | AH62: 0 | AI62: 0 | AJ62: 0 | AK62: 0 | AL62: 1 | AM62: 0 | AN62: 0 | AO62: 0 | AP62: 0 | AQ62: 4 | AR62: 2 | AS62: 0 | AT62: 0 | AU62: 0 | AV62: 0 | AW62: 0 | AX62: 0 | AY62: 0 | AZ62: 10 | BA62: 3 | BB62: 0 | BC62: 0 | BD62: 0 | BE62: 0
B63: 原住民 | C63: Indigenous | D63: 8 | E63: 3 | F63: 5 | G63: 0 | H63: 1 | I63: 5 | J63: 0 | K63: 0 | L63: 0 | M63: 1 | N63: 0 | O63: 0 | P63: 0 | Q63: 0 | R63: 0 | S63: 0 | T63: 0 | U63: 0 | V63: 0 | W63: 0 | X63: 0 | Y63: 0 | Z63: 0 | AA63: 0 | AB63: 0 | AC63: 0 | AD63: 0 | AE63: 0 | AF63: 0 | AG63: 0 | AH63: 0 | AI63: 0 | AJ63: 0 | AK63: 0 | AL63: 0 | AM63: 0 | AN63: 0 | AO63: 0 | AP63: 0 | AQ63: 1 | AR63: 0 | AS63: 0 | AT63: 0 | AU63: 0 | AV63: 0 | AW63: 0 | AX63: 0 | AY63: 0 | AZ63: 0 | BA63: 0 | BB63: 0 | BC63: 0 | BD63: 0 | BE63: 0
A64: 新竹市 | B64: 計 | C64: Total | D64: 67 | E64: 39 | F64: 28 | G64: 0 | H64: 8 | I64: 14 | J64: 4 | K64: 0 | L64: 0 | M64: 1 | N64: 0 | O64: 0 | P64: 3 | Q64: 0 | R64: 0 | S64: 2 | T64: 0 | U64: 0 | V64: 0 | W64: 0 | X64: 0 | Y64: 0 | Z64: 0 | AA64: 0 | AB64: 0 | AC64: 1 | AD64: 0 | AE64: 1 | AF64: 0 | AG64: 0 | AH64: 0 | AI64: 0 | AJ64: 0 | AK64: 0 | AL64: 0 | AM64: 0 | AN64: 0 | AO64: 0 | AP64: 0 | AQ64: 7 | AR64: 7 | AS64: 0 | AT64: 0 | AU64: 0 | AV64: 0 | AW64: 1 | AX64: 1 | AY64: 0 | AZ64: 6 | BA64: 2 | BB64: 0 | BC64: 6 | BD64: 3 | BE64: 0
A65: Hsinchu City | B65: 一般 | C65: General | D65: 64 | E65: 38 | F65: 26 | G65: 0 | H65: 8 | I65: 12 | J65: 4 | K65: 0 | L65: 0 | M65: 1 | N65: 0 | O65: 0 | P65: 3 | Q65: 0 | R65: 0 | S65: 1 | T65: 0 | U65: 0 | V65: 0 | W65: 0 | X65: 0 | Y65: 0 | Z65: 0 | AA65: 0 | AB65: 0 | AC65: 1 | AD65: 0 | AE65: 1 | AF65: 0 | AG65: 0 | AH65: 0 | AI65: 0 | AJ65: 0 | AK65: 0 | AL65: 0 | AM65: 0 | AN65: 0 | AO65: 0 | AP65: 0 | AQ65: 7 | AR65: 7 | AS65: 0 | AT65: 0 | AU65: 0 | AV65: 0 | AW65: 1 | AX65: 1 | AY65: 0 | AZ65: 6 | BA65: 2 | BB65: 0 | BC65: 6 | BD65: 3 | BE65: 0
B66: 原住民 | C66: Indigenous | D66: 3 | E66: 1 | F66: 2 | G66: 0 | H66: 0 | I66: 2 | J66: 0 | K66: 0 | L66: 0 | M66: 0 | N66: 0 | O66: 0 | P66: 0 | Q66: 0 | R66: 0 | S66: 1 | T66: 0 | U66: 0 | V66: 0 | W66: 0 | X66: 0 | Y66: 0 | Z66: 0 | AA66: 0 | AB66: 0 | AC66: 0 | AD66: 0 | AE66: 0 | AF66: 0 | AG66: 0 | AH66: 0 | AI66: 0 | AJ66: 0 | AK66: 0 | AL66: 0 | AM66: 0 | AN66: 0 | AO66: 0 | AP66: 0 | AQ66: 0 | AR66: 0 | AS66: 0 | AT66: 0 | AU66: 0 | AV66: 0 | AW66: 0 | AX66: 0 | AY66: 0 | AZ66: 0 | BA66: 0 | BB66: 0 | BC66: 0 | BD66: 0 | BE66: 0
A67: 嘉義市 | B67: 計 | C67: Total | D67: 77 | E67: 43 | F67: 34 | G67: 0 | H67: 26 | I67: 27 | J67: 2 | K67: 0 | L67: 0 | M67: 2 | N67: 4 | O67: 0 | P67: 3 | Q67: 2 | R67: 0 | S67: 4 | T67: 0 | U67: 0 | V67: 0 | W67: 0 | X67: 0 | Y67: 0 | Z67: 0 | AA67: 0 | AB67: 0 | AC67: 0 | AD67: 0 | AE67: 0 | AF67: 0 | AG67: 0 | AH67: 0 | AI67: 1 | AJ67: 0 | AK67: 0 | AL67: 0 | AM67: 0 | AN67: 0 | AO67: 0 | AP67: 0 | AQ67: 0 | AR67: 0 | AS67: 0 | AT67: 0 | AU67: 0 | AV67: 0 | AW67: 0 | AX67: 0 | AY67: 0 | AZ67: 3 | BA67: 0 | BB67: 0 | BC67: 3 | BD67: 0 | BE67: 0
A68: Chiayi City | B68: 一般 | C68: General | D68: 76 | E68: 42 | F68: 34 | G68: 0 | H68: 25 | I68: 27 | J68: 2 | K68: 0 | L68: 0 | M68: 2 | N68: 4 | O68: 0 | P68: 3 | Q68: 2 | R68: 0 | S68: 4 | T68: 0 | U68: 0 | V68: 0 | W68: 0 | X68: 0 | Y68: 0 | Z68: 0 | AA68: 0 | AB68: 0 | AC68: 0 | AD68: 0 | AE68: 0 | AF68: 0 | AG68: 0 | AH68: 0 | AI68: 1 | AJ68: 0 | AK68: 0 | AL68: 0 | AM68: 0 | AN68: 0 | AO68: 0 | AP68: 0 | AQ68: 0 | AR68: 0 | AS68: 0 | AT68: 0 | AU68: 0 | AV68: 0 | AW68: 0 | AX68: 0 | AY68: 0 | AZ68: 3 | BA68: 0 | BB68: 0 | BC68: 3 | BD68: 0 | BE68: 0
B69: 原住民 | C69: Indigenous | D69: 1 | E69: 1 | F69: 0 | G69: 0 | H69: 1 | I69: 0 | J69: 0 | K69: 0 | L69: 0 | M69: 0 | N69: 0 | O69: 0 | P69: 0 | Q69: 0 | R69: 0 | S69: 0 | T69: 0 | U69: 0 | V69: 0 | W69: 0 | X69: 0 | Y69: 0 | Z69: 0 | AA69: 0 | AB69: 0 | AC69: 0 | AD69: 0 | AE69: 0 | AF69: 0 | AG69: 0 | AH69: 0 | AI69: 0 | AJ69: 0 | AK69: 0 | AL69: 0 | AM69: 0 | AN69: 0 | AO69: 0 | AP69: 0 | AQ69: 0 | AR69: 0 | AS69: 0 | AT69: 0 | AU69: 0 | AV69: 0 | AW69: 0 | AX69: 0 | AY69: 0 | AZ69: 0 | BA69: 0 | BB69: 0 | BC69: 0 | BD69: 0 | BE69: 0
A70: 金門縣 | B70: 計 | C70: Total | D70: 22 | E70: 12 | F70: 10 | G70: 0 | H70: 7 | I70: 10 | J70: 0 | K70: 0 | L70: 0 | M70: 0 | N70: 0 | O70: 0 | P70: 2 | Q70: 0 | R70: 0 | S70: 0 | T70: 0 | U70: 0 | V70: 0 | W70: 0 | X70: 0 | Y70: 0 | Z70: 0 | AA70: 0 | AB70: 0 | AC70: 0 | AD70: 0 | AE70: 0 | AF70: 0 | AG70: 0 | AH70: 0 | AI70: 0 | AJ70: 0 | AK70: 0 | AL70: 0 | AM70: 0 | AN70: 0 | AO70: 0 | AP70: 0 | AQ70: 0 | AR70: 0 | AS70: 0 | AT70: 0 | AU70: 0 | AV70: 0 | AW70: 1 | AX70: 0 | AY70: 0 | AZ70: 2 | BA70: 0 | BB70: 0 | BC70: 0 | BD70: 0 | BE70: 0
A71: Kinmen County | B71: 一般 | C71: General | D71: 19 | E71: 9 | F71: 10 | G71: 0 | H71: 5 | I71: 10 | J71: 0 | K71: 0 | L71: 0 | M71: 0 | N71: 0 | O71: 0 | P71: 2 | Q71: 0 | R71: 0 | S71: 0 | T71: 0 | U71: 0 | V71: 0 | W71: 0 | X71: 0 | Y71: 0 | Z71: 0 | AA71: 0 | AB71: 0 | AC71: 0 | AD71: 0 | AE71: 0 | AF71: 0 | AG71: 0 | AH71: 0 | AI71: 0 | AJ71: 0 | AK71: 0 | AL71: 0 | AM71: 0 | AN71: 0 | AO71: 0 | AP71: 0 | AQ71: 0 | AR71: 0 | AS71: 0 | AT71: 0 | AU71: 0 | AV71: 0 | AW71: 1 | AX71: 0 | AY71: 0 | AZ71: 1 | BA71: 0 | BB71: 0 | BC71: 0 | BD71: 0 | BE71: 0
B72: 原住民 | C72: Indigenous | D72: 3 | E72: 3 | F72: 0 | G72: 0 | H72: 2 | I72: 0 | J72: 0 | K72: 0 | L72: 0 | M72: 0 | N72: 0 | O72: 0 | P72: 0 | Q72: 0 | R72: 0 | S72: 0 | T72: 0 | U72: 0 | V72: 0 | W72: 0 | X72: 0 | Y72: 0 | Z72: 0 | AA72: 0 | AB72: 0 | AC72: 0 | AD72: 0 | AE72: 0 | AF72: 0 | AG72: 0 | AH72: 0 | AI72: 0 | AJ72: 0 | AK72: 0 | AL72: 0 | AM72: 0 | AN72: 0 | AO72: 0 | AP72: 0 | AQ72: 0 | AR72: 0 | AS72: 0 | AT72: 0 | AU72: 0 | AV72: 0 | AW72: 0 | AX72: 0 | AY72: 0 | AZ72: 1 | BA72: 0 | BB72: 0 | BC72: 0 | BD72: 0 | BE72: 0
A73: 連江縣 | B73: 計 | C73: Total | D73: 1 | E73: 1 | F73: 0 | G73: 0 | H73: 0 | I73: 0 | J73: 0 | K73: 0 | L73: 0 | M73: 0 | N73: 0 | O73: 0 | P73: 0 | Q73: 0 | R73: 0 | S73: 0 | T73: 0 | U73: 0 | V73: 0 | W73: 0 | X73: 0 | Y73: 0 | Z73: 0 | AA73: 0 | AB73: 0 | AC73: 0 | AD73: 0 | AE73: 0 | AF73: 0 | AG73: 0 | AH73: 0 | AI73: 0 | AJ73: 0 | AK73: 0 | AL73: 0 | AM73: 0 | AN73: 0 | AO73: 0 | AP73: 0 | AQ73: 0 | AR73: 0 | AS73: 0 | AT73: 0 | AU73: 0 | AV73: 0 | AW73: 0 | AX73: 0 | AY73: 0 | AZ73: 0 | BA73: 0 | BB73: 0 | BC73: 1 | BD73: 0 | BE73: 0
A74: Lienchiang County | B74: 一般 | C74: General | D74: 1 | E74: 1 | F74: 0 | G74: 0 | H74: 0 | I74: 0 | J74: 0 | K74: 0 | L74: 0 | M74: 0 | N74: 0 | O74: 0 | P74: 0 | Q74: 0 | R74: 0 | S74: 0 | T74: 0 | U74: 0 | V74: 0 | W74: 0 | X74: 0 | Y74: 0 | Z74: 0 | AA74: 0 | AB74: 0 | AC74: 0 | AD74: 0 | AE74: 0 | AF74: 0 | AG74: 0 | AH74: 0 | AI74: 0 | AJ74: 0 | AK74: 0 | AL74: 0 | AM74: 0 | AN74: 0 | AO74: 0 | AP74: 0 | AQ74: 0 | AR74: 0 | AS74: 0 | AT74: 0 | AU74: 0 | AV74: 0 | AW74: 0 | AX74: 0 | AY74: 0 | AZ74: 0 | BA74: 0 | BB74: 0 | BC74: 1 | BD74: 0 | BE74: 0
B75: 原住民 | C75: Indigenous | D75: 0 | E75: 0 | F75: 0 | G75: 0 | H75: 0 | I75: 0 | J75: 0 | K75: 0 | L75: 0 | M75: 0 | N75: 0 | O75: 0 | P75: 0 | Q75: 0 | R75: 0 | S75: 0 | T75: 0 | U75: 0 | V75: 0 | W75: 0 | X75: 0 | Y75: 0 | Z75: 0 | AA75: 0 | AB75: 0 | AC75: 0 | AD75: 0 | AE75: 0 | AF75: 0 | AG75: 0 | AH75: 0 | AI75: 0 | AJ75: 0 | AK75: 0 | AL75: 0 | AM75: 0 | AN75: 0 | AO75: 0 | AP75: 0 | AQ75: 0 | AR75: 0 | AS75: 0 | AT75: 0 | AU75: 0 | AV75: 0 | AW75: 0 | AX75: 0 | AY75: 0 | AZ75: 0 | BA75: 0 | BB75: 0 | BC75: 0 | BD75: 0 | BE75: 0
A76: 資料來源：各直轄市、縣市政府。
A77: Source: County and Government.
A79: 更新日期：2026/03/31

Sheet Jan.-June, 2025
A1: 兒童及少年保護-施虐者身分別分Number of Persons Who Abuse Child and Youth by Identity
A2: 單位：人 Unit : Persons
A3: 民國114年1-6月 Jan.-June, 2025 | D3: =IF(D8=SUM(D11,D14,D17,D20,D23,D26,D29,D32,D35,D38,D41,D44,D47,D50,D53,D56,D59,D62,D65,D68,D71,D74,),"","*") | E3: =IF(E8=SUM(E11,E14,E17,E20,E23,E26,E29,E32,E35,E38,E41,E44,E47,E50,E53,E56,E59,E62,E65,E68,E71,E74,),"","*") | F3: =IF(F8=SUM(F11,F14,F17,F20,F23,F26,F29,F32,F35,F38,F41,F44,F47,F50,F53,F56,F59,F62,F65,F68,F71,F74,),"","*") | G3: =IF(G8=SUM(G11,G14,G17,G20,G23,G26,G29,G32,G35,G38,G41,G44,G47,G50,G53,G56,G59,G62,G65,G68,G71,G74,),"","*") | H3: =IF(H8=SUM(H11,H14,H17,H20,H23,H26,H29,H32,H35,H38,H41,H44,H47,H50,H53,H56,H59,H62,H65,H68,H71,H74,),"","*") | I3: =IF(I8=SUM(I11,I14,I17,I20,I23,I26,I29,I32,I35,I38,I41,I44,I47,I50,I53,I56,I59,I62,I65,I68,I71,I74,),"","*") | J3: =IF(J8=SUM(J11,J14,J17,J20,J23,J26,J29,J32,J35,J38,J41,J44,J47,J50,J53,J56,J59,J62,J65,J68,J71,J74,),"","*") | K3: =IF(K8=SUM(K11,K14,K17,K20,K23,K26,K29,K32,K35,K38,K41,K44,K47,K50,K53,K56,K59,K62,K65,K68,K71,K74,),"","*") | ... BE3: =IF(BE8=SUM(BE11,BE14,BE17,BE20,BE23,BE26,BE29,BE32,BE35,BE38,BE41,BE44,BE47,BE50,BE53,BE56,BE59,BE62,BE65,BE68,BE71,BE74,),"","*")
A4: 區域及特殊族群別 Locality & Ethnos | D4: 總計 Total | H4: (養)父母 Parents (Foster Parents) | J4: 手足 Siblings | M4: (外)祖父母 Grandparents | P4: 其他親屬 Other Relatives | S4: 父或母之同居人 Cohabitants | V4: (前)親密關係伴侶 Intimate Partner | Y4: 托育機構人員 Childcare Institution Staff | AB4: 居家式托育人員 Home-based Childcare Staff | AE4: 補習班或兒童課後 照顧服務中心人員 After-school Care Service Center Staff | AH4: 學校教職員工 School Faculty and Staff | AK4: 安置單位人員 Resettlement Agency Staff | AN4: 職場上司同事 Boss/Colleagues | AQ4: 朋友/鄰居 Friends/Neighbors | AT4: 網友 Netizens | AW4: 陌生人 Stranger | AZ4: 其他 Others | BC4: 不詳 Unknown
D5: 合計 SubTotal | E5: 男 Male | F5: 女 Female | G5: 不詳 Unknown | H5: 男 Male | I5: 女 Female | J5: 男 Male | K5: 女 Female | L5: 不詳 Unknown | M5: 男 Male | N5: 女 Female | O5: 不詳 Unknown | P5: 男 Male | Q5: 女 Female | R5: 不詳 Unknown | S5: 男 Male | T5: 女 Female | U5: 不詳 Unknown | V5: 男 Male | W5: 女 Female | X5: 不詳 Unknown | Y5: 男 Male | Z5: 女 Female | AA5: 不詳 Unknown | AB5: 男 Male | AC5: 女 Female | AD5: 不詳 Unknown | AE5: 男 Male | AF5: 女 Female | AG5: 不詳 Unknown | AH5: 男 Male | AI5: 女 Female | AJ5: 不詳 Unknown | AK5: 男 Male | AL5: 女 Female | AM5: 不詳 Unknown | AN5: 男 Male | AO5: 女 Female | AP5: 不詳 Unknown | AQ5: 男 Male | AR5: 女 Female | AS5: 不詳 Unknown | AT5: 男 Male | AU5: 女 Female | AV5: 不詳 Unknown | AW5: 男 Male | AX5: 女 Female | AY5: 不詳 Unknown | AZ5: 男 Male | BA5: 女 Female | BB5: 不詳 Unknown | BC5: 男 Male | BD5: 女 Female | BE5: 不詳 Unknown
A7: 總計 | B7: 計 | C7: Total | D7: 5307 | E7: 3489 | F7: 1730 | G7: 88 | H7: 1755 | I7: 1288 | J7: 125 | K7: 28 | L7: 0 | M7: 74 | N7: 81 | O7: 0 | P7: 153 | Q7: 39 | R7: 0 | S7: 136 | T7: 42 | U7: 0 | V7: 91 | W7: 6 | X7: 0 | Y7: 0 | Z7: 2 | AA7: 0 | AB7: 2 | AC7: 5 | AD7: 0 | AE7: 8 | AF7: 1 | AG7: 0 | AH7: 34 | AI7: 8 | AJ7: 0 | AK7: 16 | AL7: 2 | AM7: 0 | AN7: 2 | AO7: 0 | AP7: 0 | AQ7: 134 | AR7: 6 | AS7: 0 | AT7: 25 | AU7: 0 | AV7: 0 | AW7: 54 | AX7: 3 | AY7: 0 | AZ7: 614 | BA7: 72 | BB7: 0 | BC7: 266 | BD7: 147 | BE7: 88
A8: Total | B8: 一般 | C8: General | D8: 4977 | E8: 3286 | F8: 1603 | G8: 88 | H8: 1650 | I8: 1188 | J8: 115 | K8: 24 | L8: 0 | M8: 74 | N8: 79 | O8: 0 | P8: 136 | Q8: 37 | R8: 0 | S8: 124 | T8: 41 | U8: 0 | V8: 86 | W8: 6 | X8: 0 | Y8: 0 | Z8: 1 | AA8: 0 | AB8: 2 | AC8: 5 | AD8: 0 | AE8: 8 | AF8: 1 | AG8: 0 | AH8: 33 | AI8: 8 | AJ8: 0 | AK8: 15 | AL8: 2 | AM8: 0 | AN8: 2 | AO8: 0 | AP8: 0 | AQ8: 132 | AR8: 6 | AS8: 0 | AT8: 25 | AU8: 0 | AV8: 0 | AW8: 52 | AX8: 3 | AY8: 0 | AZ8: 578 | BA8: 61 | BB8: 0 | BC8: 254 | BD8: 141 | BE8: 88
B9: 原住民 | C9: Indigenous | D9: 330 | E9: 203 | F9: 127 | G9: 0 | H9: 105 | I9: 100 | J9: 10 | K9: 4 | L9: 0 | M9: 0 | N9: 2 | O9: 0 | P9: 17 | Q9: 2 | R9: 0 | S9: 12 | T9: 1 | U9: 0 | V9: 5 | W9: 0 | X9: 0 | Y9: 0 | Z9: 1 | AA9: 0 | AB9: 0 | AC9: 0 | AD9: 0 | AE9: 0 | AF9: 0 | AG9: 0 | AH9: 1 | AI9: 0 | AJ9: 0 | AK9: 1 | AL9: 0 | AM9: 0 | AN9: 0 | AO9: 0 | AP9: 0 | AQ9: 2 | AR9: 0 | AS9: 0 | AT9: 0 | AU9: 0 | AV9: 0 | AW9: 2 | AX9: 0 | AY9: 0 | AZ9: 36 | BA9: 11 | BB9: 0 | BC9: 12 | BD9: 6 | BE9: 0
A10: 新北市 | B10: 計 | C10: Total | D10: 1132 | E10: 772 | F10: 344 | G10: 16 | H10: 374 | I10: 277 | J10: 28 | K10: 8 | L10: 0 | M10: 24 | N10: 14 | O10: 0 | P10: 34 | Q10: 5 | R10: 0 | S10: 16 | T10: 6 | U10: 0 | V10: 0 | W10: 0 | X10: 0 | Y10: 0 | Z10: 2 | AA10: 0 | AB10: 0 | AC10: 3 | AD10: 0 | AE10: 1 | AF10: 0 | AG10: 0 | AH10: 12 | AI10: 0 | AJ10: 0 | AK10: 2 | AL10: 0 | AM10: 0 | AN10: 0 | AO10: 0 | AP10: 0 | AQ10: 106 | AR10: 3 | AS10: 0 | AT10: 0 | AU10: 0 | AV10: 0 | AW10: 18 | AX10: 1 | AY10: 0 | AZ10: 96 | BA10: 7 | BB10: 0 | BC10: 61 | BD10: 18 | BE10: 16
A11: New Taipei City | B11: 一般 | C11: General | D11: 1088 | E11: 750 | F11: 322 | G11: 16 | H11: 363 | I11: 259 | J11: 26 | K11: 6 | L11: 0 | M11: 24 | N11: 14 | O11: 0 | P11: 31 | Q11: 4 | R11: 0 | S11: 16 | T11: 6 | U11: 0 | V11: 0 | W11: 0 | X11: 0 | Y11: 0 | Z11: 1 | AA11: 0 | AB11: 0 | AC11: 3 | AD11: 0 | AE11: 1 | AF11: 0 | AG11: 0 | AH11: 12 | AI11: 0 | AJ11: 0 | AK11: 2 | AL11: 0 | AM11: 0 | AN11: 0 | AO11: 0 | AP11: 0 | AQ11: 106 | AR11: 3 | AS11: 0 | AT11: 0 | AU11: 0 | AV11: 0 | AW11: 17 | AX11: 1 | AY11: 0 | AZ11: 92 | BA11: 7 | BB11: 0 | BC11: 60 | BD11: 18 | BE11: 16
B12: 原住民 | C12: Indigenous | D12: 44 | E12: 22 | F12: 22 | G12: 0 | H12: 11 | I12: 18 | J12: 2 | K12: 2 | L12: 0 | M12: 0 | N12: 0 | O12: 0 | P12: 3 | Q12: 1 | R12: 0 | S12: 0 | T12: 0 | U12: 0 | V12: 0 | W12: 0 | X12: 0 | Y12: 0 | Z12: 1 | AA12: 0 | AB12: 0 | AC12: 0 | AD12: 0 | AE12: 0 | AF12: 0 | AG12: 0 | AH12: 0 | AI12: 0 | AJ12: 0 | AK12: 0 | AL12: 0 | AM12: 0 | AN12: 0 | AO12: 0 | AP12: 0 | AQ12: 0 | AR12: 0 | AS12: 0 | AT12: 0 | AU12: 0 | AV12: 0 | AW12: 1 | AX12: 0 | AY12: 0 | AZ12: 4 | BA12: 0 | BB12: 0 | BC12: 1 | BD12: 0 | BE12: 0
A13: 臺北市 | B13: 計 | C13: Total | D13: 533 | E13: 307 | F13: 190 | G13: 36 | H13: 168 | I13: 136 | J13: 10 | K13: 4 | L13: 0 | M13: 5 | N13: 10 | O13: 0 | P13: 6 | Q13: 2 | R13: 0 | S13: 15 | T13: 2 | U13: 0 | V13: 0 | W13: 0 | X13: 0 | Y13: 0 | Z13: 0 | AA13: 0 | AB13: 0 | AC13: 0 | AD13: 0 | AE13: 1 | AF13: 0 | AG13: 0 | AH13: 0 | AI13: 0 | AJ13: 0 | AK13: 1 | AL13: 0 | AM13: 0 | AN13: 0 | AO13: 0 | AP13: 0 | AQ13: 0 | AR13: 0 | AS13: 0 | AT13: 0 | AU13: 0 | AV13: 0 | AW13: 8 | AX13: 0 | AY13: 0 | AZ13: 84 | BA13: 20 | BB13: 0 | BC13: 9 | BD13: 16 | BE13: 36
A14: Taipei City | B14: 一般 | C14: General | D14: 527 | E14: 305 | F14: 186 | G14: 36 | H14: 166 | I14: 132 | J14: 10 | K14: 4 | L14: 0 | M14: 5 | N14: 10 | O14: 0 | P14: 6 | Q14: 2 | R14: 0 | S14: 15 | T14: 2 | U14: 0 | V14: 0 | W14: 0 | X14: 0 | Y14: 0 | Z14: 0 | AA14: 0 | AB14: 0 | AC14: 0 | AD14: 0 | AE14: 1 | AF14: 0 | AG14: 0 | AH14: 0 | AI14: 0 | AJ14: 0 | AK14: 1 | AL14: 0 | AM14: 0 | AN14: 0 | AO14: 0 | AP14: 0 | AQ14: 0 | AR14: 0 | AS14: 0 | AT14: 0 | AU14: 0 | AV14: 0 | AW14: 8 | AX14: 0 | AY14: 0 | AZ14: 84 | BA14: 20 | BB14: 0 | BC14: 9 | BD14: 16 | BE14: 36
B15: 原住民 | C15: Indigenous | D15: 6 | E15: 2 | F15: 4 | G15: 0 | H15: 2 | I15: 4 | J15: 0 | K15: 0 | L15: 0 | M15: 0 | N15: 0 | O15: 0 | P15: 0 | Q15: 0 | R15: 0 | S15: 0 | T15: 0 | U15: 0 | V15: 0 | W15: 0 | X15: 0 | Y15: 0 | Z15: 0 | AA15: 0 | AB15: 0 | AC15: 0 | AD15: 0 | AE15: 0 | AF15: 0 | AG15: 0 | AH15: 0 | AI15: 0 | AJ15: 0 | AK15: 0 | AL15: 0 | AM15: 0 | AN15: 0 | AO15: 0 | AP15: 0 | AQ15: 0 | AR15: 0 | AS15: 0 | AT15: 0 | AU15: 0 | AV15: 0 | AW15: 0 | AX15: 0 | AY15: 0 | AZ15: 0 | BA15: 0 | BB15: 0 | BC15: 0 | BD15: 0 | BE15: 0
A16: 桃園市 | B16: 計 | C16: Total | D16: 438 | E16: 312 | F16: 124 | G16: 2 | H16: 150 | I16: 94 | J16: 4 | K16: 3 | L16: 0 | M16: 5 | N16: 4 | O16: 0 | P16: 9 | Q16: 4 | R16: 0 | S16: 5 | T16: 5 | U16: 0 | V16: 3 | W16: 0 | X16: 0 | Y16: 0 | Z16: 0 | AA16: 0 | AB16: 0 | AC16: 2 | AD16: 0 | AE16: 1 | AF16: 0 | AG16: 0 | AH16: 11 | AI16: 1 | AJ16: 0 | AK16: 2 | AL16: 0 | AM16: 0 | AN16: 0 | AO16: 0 | AP16: 0 | AQ16: 3 | AR16: 0 | AS16: 0 | AT16: 0 | AU16: 0 | AV16: 0 | AW16: 2 | AX16: 1 | AY16: 0 | AZ16: 95 | BA16: 10 | BB16: 0 | BC16: 22 | BD16: 0 | BE16: 2
A17: Taoyuan City | B17: 一般 | C17: General | D17: 398 | E17: 291 | F17: 105 | G17: 2 | H17: 138 | I17: 78 | J17: 4 | K17: 2 | L17: 0 | M17: 5 | N17: 4 | O17: 0 | P17: 9 | Q17: 4 | R17: 0 | S17: 5 | T17: 5 | U17: 0 | V17: 0 | W17: 0 | X17: 0 | Y17: 0 | Z17: 0 | AA17: 0 | AB17: 0 | AC17: 2 | AD17: 0 | AE17: 1 | AF17: 0 | AG17: 0 | AH17: 11 | AI17: 1 | AJ17: 0 | AK17: 2 | AL17: 0 | AM17: 0 | AN17: 0 | AO17: 0 | AP17: 0 | AQ17: 2 | AR17: 0 | AS17: 0 | AT17: 0 | AU17: 0 | AV17: 0 | AW17: 2 | AX17: 1 | AY17: 0 | AZ17: 91 | BA17: 8 | BB17: 0 | BC17: 21 | BD17: 0 | BE17: 2
B18: 原住民 | C18: Indigenous | D18: 40 | E18: 21 | F18: 19 | G18: 0 | H18: 12 | I18: 16 | J18: 0 | K18: 1 | L18: 0 | M18: 0 | N18: 0 | O18: 0 | P18: 0 | Q18: 0 | R18: 0 | S18: 0 | T18: 0 | U18: 0 | V18: 3 | W18: 0 | X18: 0 | Y18: 0 | Z18: 0 | AA18: 0 | AB18: 0 | AC18: 0 | AD18: 0 | AE18: 0 | AF18: 0 | AG18: 0 | AH18: 0 | AI18: 0 | AJ18: 0 | AK18: 0 | AL18: 0 | AM18: 0 | AN18: 0 | AO18: 0 | AP18: 0 | AQ18: 1 | AR18: 0 | AS18: 0 | AT18: 0 | AU18: 0 | AV18: 0 | AW18: 0 | AX18: 0 | AY18: 0 | AZ18: 4 | BA18: 2 | BB18: 0 | BC18: 1 | BD18: 0 | BE18: 0
A19: 臺中市 | B19: 計 | C19: Total | D19: 682 | E19: 433 | F19: 234 | G19: 15 | H19: 242 | I19: 130 | J19: 12 | K19: 2 | L19: 0 | M19: 8 | N19: 11 | O19: 0 | P19: 18 | Q19: 6 | R19: 0 | S19: 17 | T19: 6 | U19: 0 | V19: 0 | W19: 0 | X19: 0 | Y19: 0 | Z19: 0 | AA19: 0 | AB19: 0 | AC19: 0 | AD19: 0 | AE19: 1 | AF19: 0 | AG19: 0 | AH19: 2 | AI19: 0 | AJ19: 0 | AK19: 3 | AL19: 0 | AM19: 0 | AN19: 0 | AO19: 0 | AP19: 0 | AQ19: 1 | AR19: 0 | AS19: 0 | AT19: 1 | AU19: 0 | AV19: 0 | AW19: 6 | AX19: 1 | AY19: 0 | AZ19: 90 | BA19: 6 | BB19: 0 | BC19: 32 | BD19: 72 | BE19: 15
A20: Taichung City | B20: 一般 | C20: General | D20: 650 | E20: 410 | F20: 225 | G20: 15 | H20: 225 | I20: 123 | J20: 12 | K20: 2 | L20: 0 | M20: 8 | N20: 9 | O20: 0 | P20: 17 | Q20: 6 | R20: 0 | S20: 15 | T20: 6 | U20: 0 | V20: 0 | W20: 0 | X20: 0 | Y20: 0 | Z20: 0 | AA20: 0 | AB20: 0 | AC20: 0 | AD20: 0 | AE20: 1 | AF20: 0 | AG20: 0 | AH20: 1 | AI20: 0 | AJ20: 0 | AK20: 3 | AL20: 0 | AM20: 0 | AN20: 0 | AO20: 0 | AP20: 0 | AQ20: 1 | AR20: 0 | AS20: 0 | AT20: 1 | AU20: 0 | AV20: 0 | AW20: 6 | AX20: 1 | AY20: 0 | AZ20: 89 | BA20: 6 | BB20: 0 | BC20: 31 | BD20: 72 | BE20: 15
B21: 原住民 | C21: Indigenous | D21: 32 | E21: 23 | F21: 9 | G21: 0 | H21: 17 | I21: 7 | J21: 0 | K21: 0 | L21: 0 | M21: 0 | N21: 2 | O21: 0 | P21: 1 | Q21: 0 | R21: 0 | S21: 2 | T21: 0 | U21: 0 | V21: 0 | W21: 0 | X21: 0 | Y21: 0 | Z21: 0 | AA21: 0 | AB21: 0 | AC21: 0 | AD21: 0 | AE21: 0 | AF21: 0 | AG21: 0 | AH21: 1 | AI21: 0 | AJ21: 0 | AK21: 0 | AL21: 0 | AM21: 0 | AN21: 0 | AO21: 0 | AP21: 0 | AQ21: 0 | AR21: 0 | AS21: 0 | AT21: 0 | AU21: 0 | AV21: 0 | AW21: 0 | AX21: 0 | AY21: 0 | AZ21: 1 | BA21: 0 | BB21: 0 | BC21: 1 | BD21: 0 | BE21: 0
A22: 臺南市 | B22: 計 | C22: Total | D22: 329 | E22: 205 | F22: 124 | G22: 0 | H22: 119 | I22: 100 | J22: 20 | K22: 1 | L22: 0 | M22: 2 | N22: 3 | O22: 0 | P22: 5 | Q22: 4 | R22: 0 | S22: 15 | T22: 11 | U22: 0 | V22: 0 | W22: 0 | X22: 0 | Y22: 0 | Z22: 0 | AA22: 0 | AB22: 0 | AC22: 0 | AD22: 0 | AE22: 1 | AF22: 0 | AG22: 0 | AH22: 1 | AI22: 0 | AJ22: 0 | AK22: 0 | AL22: 0 | AM22: 0 | AN22: 0 | AO22: 0 | AP22: 0 | AQ22: 0 | AR22: 0 | AS22: 0 | AT22: 0 | AU22: 0 | AV22: 0 | AW22: 2 | AX22: 0 | AY22: 0 | AZ22: 37 | BA22: 3 | BB22: 0 | BC22: 3 | BD22: 2 | BE22: 0
A23: Tainan City | B23: 一般 | C23: General | D23: 319 | E23: 200 | F23: 119 | G23: 0 | H23: 116 | I23: 95 | J23: 19 | K23: 1 | L23: 0 | M23: 2 | N23: 3 | O23: 0 | P23: 5 | Q23: 4 | R23: 0 | S23: 15 | T23: 11 | U23: 0 | V23: 0 | W23: 0 | X23: 0 | Y23: 0 | Z23: 0 | AA23: 0 | AB23: 0 | AC23: 0 | AD23: 0 | AE23: 1 | AF23: 0 | AG23: 0 | AH23: 1 | AI23: 0 | AJ23: 0 | AK23: 0 | AL23: 0 | AM23: 0 | AN23: 0 | AO23: 0 | AP23: 0 | AQ23: 0 | AR23: 0 | AS23: 0 | AT23: 0 | AU23: 0 | AV23: 0 | AW23: 2 | AX23: 0 | AY23: 0 | AZ23: 37 | BA23: 3 | BB23: 0 | BC23: 2 | BD23: 2 | BE23: 0
B24: 原住民 | C24: Indigenous | D24: 10 | E24: 5 | F24: 5 | G24: 0 | H24: 3 | I24: 5 | J24: 1 | K24: 0 | L24: 0 | M24: 0 | N24: 0 | O24: 0 | P24: 0 | Q24: 0 | R24: 0 | S24: 0 | T24: 0 | U24: 0 | V24: 0 | W24: 0 | X24: 0 | Y24: 0 | Z24: 0 | AA24: 0 | AB24: 0 | AC24: 0 | AD24: 0 | AE24: 0 | AF24: 0 | AG24: 0 | AH24: 0 | AI24: 0 | AJ24: 0 | AK24: 0 | AL24: 0 | AM24: 0 | AN24: 0 | AO24: 0 | AP24: 0 | AQ24: 0 | AR24: 0 | AS24: 0 | AT24: 0 | AU24: 0 | AV24: 0 | AW24: 0 | AX24: 0 | AY24: 0 | AZ24: 0 | BA24: 0 | BB24: 0 | BC24: 1 | BD24: 0 | BE24: 0
A25: 高雄市 | B25: 計 | C25: Total | D25: 670 | E25: 439 | F25: 224 | G25: 7 | H25: 229 | I25: 177 | J25: 13 | K25: 2 | L25: 0 | M25: 9 | N25: 19 | O25: 0 | P25: 11 | Q25: 4 | R25: 0 | S25: 22 | T25: 1 | U25: 0 | V25: 73 | W25: 5 | X25: 0 | Y25: 0 | Z25: 0 | AA25: 0 | AB25: 0 | AC25: 0 | AD25: 0 | AE25: 1 | AF25: 0 | AG25: 0 | AH25: 1 | AI25: 1 | AJ25: 0 | AK25: 1 | AL25: 0 | AM25: 0 | AN25: 2 | AO25: 0 | AP25: 0 | AQ25: 13 | AR25: 3 | AS25: 0 | AT25: 18 | AU25: 0 | AV25: 0 | AW25: 9 | AX25: 0 | AY25: 0 | AZ25: 5 | BA25: 2 | BB25: 0 | BC25: 32 | BD25: 10 | BE25: 7
A26: Kaohsiung City | B26: 一般 | C26: General | D26: 646 | E26: 427 | F26: 212 | G26: 7 | H26: 221 | I26: 166 | J26: 12 | K26: 2 | L26: 0 | M26: 9 | N26: 19 | O26: 0 | P26: 10 | Q26: 4 | R26: 0 | S26: 22 | T26: 1 | U26: 0 | V26: 71 | W26: 5 | X26: 0 | Y26: 0 | Z26: 0 | AA26: 0 | AB26: 0 | AC26: 0 | AD26: 0 | AE26: 1 | AF26: 0 | AG26: 0 | AH26: 1 | AI26: 1 | AJ26: 0 | AK26: 1 | AL26: 0 | AM26: 0 | AN26: 2 | AO26: 0 | AP26: 0 | AQ26: 13 | AR26: 3 | AS26: 0 | AT26: 18 | AU26: 0 | AV26: 0 | AW26: 9 | AX26: 0 | AY26: 0 | AZ26: 5 | BA26: 1 | BB26: 0 | BC26: 32 | BD26: 10 | BE26: 7
B27: 原住民 | C27: Indigenous | D27: 24 | E27: 12 | F27: 12 | G27: 0 | H27: 8 | I27: 11 | J27: 1 | K27: 0 | L27: 0 | M27: 0 | N27: 0 | O27: 0 | P27: 1 | Q27: 0 | R27: 0 | S27: 0 | T27: 0 | U27: 0 | V27: 2 | W27: 0 | X27: 0 | Y27: 0 | Z27: 0 | AA27: 0 | AB27: 0 | AC27: 0 | AD27: 0 | AE27: 0 | AF27: 0 | AG27: 0 | AH27: 0 | AI27: 0 | AJ27: 0 | AK27: 0 | AL27: 0 | AM27: 0 | AN27: 0 | AO27: 0 | AP27: 0 | AQ27: 0 | AR27: 0 | AS27: 0 | AT27: 0 | AU27: 0 | AV27: 0 | AW27: 0 | AX27: 0 | AY27: 0 | AZ27: 0 | BA27: 1 | BB27: 0 | BC27: 0 | BD27: 0 | BE27: 0
A28: 宜蘭縣 | B28: 計 | C28: Total | D28: 30 | E28: 22 | F28: 8 | G28: 0 | H28: 10 | I28: 7 | J28: 1 | K28: 0 | L28: 0 | M28: 0 | N28: 0 | O28: 0 | P28: 1 | Q28: 0 | R28: 0 | S28: 1 | T28: 0 | U28: 0 | V28: 0 | W28: 0 | X28: 0 | Y28: 0 | Z28: 0 | AA28: 0 | AB28: 0 | AC28: 0 | AD28: 0 | AE28: 0 | AF28: 0 | AG28: 0 | AH28: 1 | AI28: 0 | AJ28: 0 | AK28: 0 | AL28: 0 | AM28: 0 | AN28: 0 | AO28: 0 | AP28: 0 | AQ28: 0 | AR28: 0 | AS28: 0 | AT28: 0 | AU28: 0 | AV28: 0 | AW28: 0 | AX28: 0 | AY28: 0 | AZ28: 8 | BA28: 1 | BB28: 0 | BC28: 0 | BD28: 0 | BE28: 0
A29: Yilan County | B29: 一般 | C29: General | D29: 26 | E29: 19 | F29: 7 | G29: 0 | H29: 10 | I29: 7 | J29: 1 | K29: 0 | L29: 0 | M29: 0 | N29: 0 | O29: 0 | P29: 1 | Q29: 0 | R29: 0 | S29: 1 | T29: 0 | U29: 0 | V29: 0 | W29: 0 | X29: 0 | Y29: 0 | Z29: 0 | AA29: 0 | AB29: 0 | AC29: 0 | AD29: 0 | AE29: 0 | AF29: 0 | AG29: 0 | AH29: 1 | AI29: 0 | AJ29: 0 | AK29: 0 | AL29: 0 | AM29: 0 | AN29: 0 | AO29: 0 | AP29: 0 | AQ29: 0 | AR29: 0 | AS29: 0 | AT29: 0 | AU29: 0 | AV29: 0 | AW29: 0 | AX29: 0 | AY29: 0 | AZ29: 5 | BA29: 0 | BB29: 0 | BC29: 0 | BD29: 0 | BE29: 0
B30: 原住民 | C30: Indigenous | D30: 4 | E30: 3 | F30: 1 | G30: 0 | H30: 0 | I30: 0 | J30: 0 | K30: 0 | L30: 0 | M30: 0 | N30: 0 | O30: 0 | P30: 0 | Q30: 0 | R30: 0 | S30: 0 | T30: 0 | U30: 0 | V30: 0 | W30: 0 | X30: 0 | Y30: 0 | Z30: 0 | AA30: 0 | AB30: 0 | AC30: 0 | AD30: 0 | AE30: 0 | AF30: 0 | AG30: 0 | AH30: 0 | AI30: 0 | AJ30: 0 | AK30: 0 | AL30: 0 | AM30: 0 | AN30: 0 | AO30: 0 | AP30: 0 | AQ30: 0 | AR30: 0 | AS30: 0 | AT30: 0 | AU30: 0 | AV30: 0 | AW30: 0 | AX30: 0 | AY30: 0 | AZ30: 3 | BA30: 1 | BB30: 0 | BC30: 0 | BD30: 0 | BE30: 0
A31: 新竹縣 | B31: 計 | C31: Total | D31: 168 | E31: 103 | F31: 64 | G31: 1 | H31: 59 | I31: 57 | J31: 5 | K31: 0 | L31: 0 | M31: 3 | N31: 1 | O31: 0 | P31: 2 | Q31: 1 | R31: 0 | S31: 8 | T31: 0 | U31: 0 | V31: 0 | W31: 0 | X31: 0 | Y31: 0 | Z31: 0 | AA31: 0 | AB31: 0 | AC31: 0 | AD31: 0 | AE31: 0 | AF31: 0 | AG31: 0 | AH31: 0 | AI31: 0 | AJ31: 0 | AK31: 2 | AL31: 1 | AM31: 0 | AN31: 0 | AO31: 0 | AP31: 0 | AQ31: 1 | AR31: 0 | AS31: 0 | AT31: 0 | AU31: 0 | AV31: 0 | AW31: 3 | AX31: 0 | AY31: 0 | AZ31: 15 | BA31: 4 | BB31: 0 | BC31: 5 | BD31: 0 | BE31: 1
A32: Hsinchu County | B32: 一般 | C32: General | D32: 141 | E32: 89 | F32: 51 | G32: 1 | H32: 54 | I32: 45 | J32: 4 | K32: 0 | L32: 0 | M32: 3 | N32: 1 | O32: 0 | P32: 2 | Q32: 1 | R32: 0 | S32: 3 | T32: 0 | U32: 0 | V32: 0 | W32: 0 | X32: 0 | Y32: 0 | Z32: 0 | AA32: 0 | AB32: 0 | AC32: 0 | AD32: 0 | AE32: 0 | AF32: 0 | AG32: 0 | AH32: 0 | AI32: 0 | AJ32: 0 | AK32: 2 | AL32: 1 | AM32: 0 | AN32: 0 | AO32: 0 | AP32: 0 | AQ32: 1 | AR32: 0 | AS32: 0 | AT32: 0 | AU32: 0 | AV32: 0 | AW32: 3 | AX32: 0 | AY32: 0 | AZ32: 12 | BA32: 3 | BB32: 0 | BC32: 5 | BD32: 0 | BE32: 1
B33: 原住民 | C33: Indigenous | D33: 27 | E33: 14 | F33: 13 | G33: 0 | H33: 5 | I33: 12 | J33: 1 | K33: 0 | L33: 0 | M33: 0 | N33: 0 | O33: 0 | P33: 0 | Q33: 0 | R33: 0 | S33: 5 | T33: 0 | U33: 0 | V33: 0 | W33: 0 | X33: 0 | Y33: 0 | Z33: 0 | AA33: 0 | AB33: 0 | AC33: 0 | AD33: 0 | AE33: 0 | AF33: 0 | AG33: 0 | AH33: 0 | AI33: 0 | AJ33: 0 | AK33: 0 | AL33: 0 | AM33: 0 | AN33: 0 | AO33: 0 | AP33: 0 | AQ33: 0 | AR33: 0 | AS33: 0 | AT33: 0 | AU33: 0 | AV33: 0 | AW33: 0 | AX33: 0 | AY33: 0 | AZ33: 3 | BA33: 1 | BB33: 0 | BC33: 0 | BD33: 0 | BE33: 0
A34: 苗栗縣 | B34: 計 | C34: Total | D34: 102 | E34: 79 | F34: 23 | G34: 0 | H34: 26 | I34: 19 | J34: 1 | K34: 0 | L34: 0 | M34: 1 | N34: 1 | O34: 0 | P34: 6 | Q34: 0 | R34: 0 | S34: 4 | T34: 1 | U34: 0 | V34: 14 | W34: 1 | X34: 0 | Y34: 0 | Z34: 0 | AA34: 0 | AB34: 0 | AC34: 0 | AD34: 0 | AE34: 0 | AF34: 0 | AG34: 0 | AH34: 1 | AI34: 0 | AJ34: 0 | AK34: 0 | AL34: 0 | AM34: 0 | AN34: 0 | AO34: 0 | AP34: 0 | AQ34: 5 | AR34: 0 | AS34: 0 | AT34: 6 | AU34: 0 | AV34: 0 | AW34: 1 | AX34: 0 | AY34: 0 | AZ34: 14 | BA34: 1 | BB34: 0 | BC34: 0 | BD34: 0 | BE34: 0
A35: Miaoli County | B35: 一般 | C35: General | D35: 100 | E35: 77 | F35: 23 | G35: 0 | H35: 25 | I35: 19 | J35: 1 | K35: 0 | L35: 0 | M35: 1 | N35: 1 | O35: 0 | P35: 6 | Q35: 0 | R35: 0 | S35: 4 | T35: 1 | U35: 0 | V35: 14 | W35: 1 | X35: 0 | Y35: 0 | Z35: 0 | AA35: 0 | AB35: 0 | AC35: 0 | AD35: 0 | AE35: 0 | AF35: 0 | AG35: 0 | AH35: 1 | AI35: 0 | AJ35: 0 | AK35: 0 | AL35: 0 | AM35: 0 | AN35: 0 | AO35: 0 | AP35: 0 | AQ35: 5 | AR35: 0 | AS35: 0 | AT35: 6 | AU35: 0 | AV35: 0 | AW35: 1 | AX35: 0 | AY35: 0 | AZ35: 13 | BA35: 1 | BB35: 0 | BC35: 0 | BD35: 0 | BE35: 0
B36: 原住民 | C36: Indigenous | D36: 2 | E36: 2 | F36: 0 | G36: 0 | H36: 1 | I36: 0 | J36: 0 | K36: 0 | L36: 0 | M36: 0 | N36: 0 | O36: 0 | P36: 0 | Q36: 0 | R36: 0 | S36: 0 | T36: 0 | U36: 0 | V36: 0 | W36: 0 | X36: 0 | Y36: 0 | Z36: 0 | AA36: 0 | AB36: 0 | AC36: 0 | AD36: 0 | AE36: 0 | AF36: 0 | AG36: 0 | AH36: 0 | AI36: 0 | AJ36: 0 | AK36: 0 | AL36: 0 | AM36: 0 | AN36: 0 | AO36: 0 | AP36: 0 | AQ36: 0 | AR36: 0 | AS36: 0 | AT36: 0 | AU36: 0 | AV36: 0 | AW36: 0 | AX36: 0 | AY36: 0 | AZ36: 1 | BA36: 0 | BB36: 0 | BC36: 0 | BD36: 0 | BE36: 0
A37: 彰化縣 | B37: 計 | C37: Total | D37: 223 | E37: 133 | F37: 88 | G37: 2 | H37: 79 | I37: 61 | J37: 7 | K37: 3 | L37: 0 | M37: 4 | N37: 4 | O37: 0 | P37: 8 | Q37: 3 | R37: 0 | S37: 2 | T37: 1 | U37: 0 | V37: 0 | W37: 0 | X37: 0 | Y37: 0 | Z37: 0 | AA37: 0 | AB37: 0 | AC37: 0 | AD37: 0 | AE37: 1 | AF37: 1 | AG37: 0 | AH37: 1 | AI37: 6 | AJ37: 0 | AK37: 0 | AL37: 0 | AM37: 0 | AN37: 0 | AO37: 0 | AP37: 0 | AQ37: 0 | AR37: 0 | AS37: 0 | AT37: 0 | AU37: 0 | AV37: 0 | AW37: 0 | AX37: 0 | AY37: 0 | AZ37: 0 | BA37: 0 | BB37: 0 | BC37: 31 | BD37: 9 | BE37: 2
A38: Changhua County | B38: 一般 | C38: General | D38: 220 | E38: 131 | F38: 87 | G38: 2 | H38: 77 | I38: 60 | J38: 7 | K38: 3 | L38: 0 | M38: 4 | N38: 4 | O38: 0 | P38: 8 | Q38: 3 | R38: 0 | S38: 2 | T38: 1 | U38: 0 | V38: 0 | W38: 0 | X38: 0 | Y38: 0 | Z38: 0 | AA38: 0 | AB38: 0 | AC38: 0 | AD38: 0 | AE38: 1 | AF38: 1 | AG38: 0 | AH38: 1 | AI38: 6 | AJ38: 0 | AK38: 0 | AL38: 0 | AM38: 0 | AN38: 0 | AO38: 0 | AP38: 0 | AQ38: 0 | AR38: 0 | AS38: 0 | AT38: 0 | AU38: 0 | AV38: 0 | AW38: 0 | AX38: 0 | AY38: 0 | AZ38: 0 | BA38: 0 | BB38: 0 | BC38: 31 | BD38: 9 | BE38: 2
B39: 原住民 | C39: Indigenous | D39: 3 | E39: 2 | F39: 1 | G39: 0 | H39: 2 | I39: 1 | J39: 0 | K39: 0 | L39: 0 | M39: 0 | N39: 0 | O39: 0 | P39: 0 | Q39: 0 | R39: 0 | S39: 0 | T39: 0 | U39: 0 | V39: 0 | W39: 0 | X39: 0 | Y39: 0 | Z39: 0 | AA39: 0 | AB39: 0 | AC39: 0 | AD39: 0 | AE39: 0 | AF39: 0 | AG39: 0 | AH39: 0 | AI39: 0 | AJ39: 0 | AK39: 0 | AL39: 0 | AM39: 0 | AN39: 0 | AO39: 0 | AP39: 0 | AQ39: 0 | AR39: 0 | AS39: 0 | AT39: 0 | AU39: 0 | AV39: 0 | AW39: 0 | AX39: 0 | AY39: 0 | AZ39: 0 | BA39: 0 | BB39: 0 | BC39: 0 | BD39: 0 | BE39: 0
A40: 南投縣 | B40: 計 | C40: Total | D40: 114 | E40: 78 | F40: 33 | G40: 3 | H40: 31 | I40: 29 | J40: 5 | K40: 1 | L40: 0 | M40: 6 | N40: 2 | O40: 0 | P40: 6 | Q40: 0 | R40: 0 | S40: 2 | T40: 0 | U40: 0 | V40: 0 | W40: 0 | X40: 0 | Y40: 0 | Z40: 0 | AA40: 0 | AB40: 0 | AC40: 0 | AD40: 0 | AE40: 0 | AF40: 0 | AG40: 0 | AH40: 0 | AI40: 0 | AJ40: 0 | AK40: 0 | AL40: 0 | AM40: 0 | AN40: 0 | AO40: 0 | AP40: 0 | AQ40: 1 | AR40: 0 | AS40: 0 | AT40: 0 | AU40: 0 | AV40: 0 | AW40: 0 | AX40: 0 | AY40: 0 | AZ40: 10 | BA40: 0 | BB40: 0 | BC40: 17 | BD40: 1 | BE40: 3
A41: Nantou County | B41: 一般 | C41: General | D41: 90 | E41: 64 | F41: 23 | G41: 3 | H41: 24 | I41: 21 | J41: 4 | K41: 0 | L41: 0 | M41: 6 | N41: 2 | O41: 0 | P41: 3 | Q41: 0 | R41: 0 | S41: 1 | T41: 0 | U41: 0 | V41: 0 | W41: 0 | X41: 0 | Y41: 0 | Z41: 0 | AA41: 0 | AB41: 0 | AC41: 0 | AD41: 0 | AE41: 0 | AF41: 0 | AG41: 0 | AH41: 0 | AI41: 0 | AJ41: 0 | AK41: 0 | AL41: 0 | AM41: 0 | AN41: 0 | AO41: 0 | AP41: 0 | AQ41: 1 | AR41: 0 | AS41: 0 | AT41: 0 | AU41: 0 | AV41: 0 | AW41: 0 | AX41: 0 | AY41: 0 | AZ41: 9 | BA41: 0 | BB41: 0 | BC41: 16 | BD41: 0 | BE41: 3
B42: 原住民 | C42: Indigenous | D42: 24 | E42: 14 | F42: 10 | G42: 0 | H42: 7 | I42: 8 | J42: 1 | K42: 1 | L42: 0 | M42: 0 | N42: 0 | O42: 0 | P42: 3 | Q42: 0 | R42: 0 | S42: 1 | T42: 0 | U42: 0 | V42: 0 | W42: 0 | X42: 0 | Y42: 0 | Z42: 0 | AA42: 0 | AB42: 0 | AC42: 0 | AD42: 0 | AE42: 0 | AF42: 0 | AG42: 0 | AH42: 0 | AI42: 0 | AJ42: 0 | AK42: 0 | AL42: 0 | AM42: 0 | AN42: 0 | AO42: 0 | AP42: 0 | AQ42: 0 | AR42: 0 | AS42: 0 | AT42: 0 | AU42: 0 | AV42: 0 | AW42: 0 | AX42: 0 | AY42: 0 | AZ42: 1 | BA42: 0 | BB42: 0 | BC42: 1 | BD42: 1 | BE42: 0
A43: 雲林縣 | B43: 計 | C43: Total | D43: 136 | E43: 89 | F43: 44 | G43: 3 | H43: 35 | I43: 27 | J43: 2 | K43: 0 | L43: 0 | M43: 3 | N43: 2 | O43: 0 | P43: 6 | Q43: 5 | R43: 0 | S43: 3 | T43: 1 | U43: 0 | V43: 0 | W43: 0 | X43: 0 | Y43: 0 | Z43: 0 | AA43: 0 | AB43: 2 | AC43: 0 | AD43: 0 | AE43: 0 | AF43: 0 | AG43: 0 | AH43: 0 | AI43: 0 | AJ43: 0 | AK43: 0 | AL43: 0 | AM43: 0 | AN43: 0 | AO43: 0 | AP43: 0 | AQ43: 0 | AR43: 0 | AS43: 0 | AT43: 0 | AU43: 0 | AV43: 0 | AW43: 0 | AX43: 0 | AY43: 0 | AZ43: 34 | BA43: 5 | BB43: 0 | BC43: 4 | BD43: 4 | BE43: 3
A44: Yunlin County | B44: 一般 | C44: General | D44: 134 | E44: 88 | F44: 43 | G44: 3 | H44: 35 | I44: 26 | J44: 2 | K44: 0 | L44: 0 | M44: 3 | N44: 2 | O44: 0 | P44: 5 | Q44: 5 | R44: 0 | S44: 3 | T44: 1 | U44: 0 | V44: 0 | W44: 0 | X44: 0 | Y44: 0 | Z44: 0 | AA44: 0 | AB44: 2 | AC44: 0 | AD44: 0 | AE44: 0 | AF44: 0 | AG44: 0 | AH44: 0 | AI44: 0 | AJ44: 0 | AK44: 0 | AL44: 0 | AM44: 0 | AN44: 0 | AO44: 0 | AP44: 0 | AQ44: 0 | AR44: 0 | AS44: 0 | AT44: 0 | AU44: 0 | AV44: 0 | AW44: 0 | AX44: 0 | AY44: 0 | AZ44: 34 | BA44: 5 | BB44: 0 | BC44: 4 | BD44: 4 | BE44: 3
B45: 原住民 | C45: Indigenous | D45: 2 | E45: 1 | F45: 1 | G45: 0 | H45: 0 | I45: 1 | J45: 0 | K45: 0 | L45: 0 | M45: 0 | N45: 0 | O45: 0 | P45: 1 | Q45: 0 | R45: 0 | S45: 0 | T45: 0 | U45: 0 | V45: 0 | W45: 0 | X45: 0 | Y45: 0 | Z45: 0 | AA45: 0 | AB45: 0 | AC45: 0 | AD45: 0 | AE45: 0 | AF45: 0 | AG45: 0 | AH45: 0 | AI45: 0 | AJ45: 0 | AK45: 0 | AL45: 0 | AM45: 0 | AN45: 0 | AO45: 0 | AP45: 0 | AQ45: 0 | AR45: 0 | AS45: 0 | AT45: 0 | AU45: 0 | AV45: 0 | AW45: 0 | AX45: 0 | AY45: 0 | AZ45: 0 | BA45: 0 | BB45: 0 | BC45: 0 | BD45: 0 | BE45: 0
A46: 嘉義縣 | B46: 計 | C46: Total | D46: 98 | E46: 66 | F46: 32 | G46: 0 | H46: 29 | I46: 29 | J46: 0 | K46: 0 | L46: 0 | M46: 0 | N46: 2 | O46: 0 | P46: 4 | Q46: 1 | R46: 0 | S46: 4 | T46: 0 | U46: 0 | V46: 0 | W46: 0 | X46: 0 | Y46: 0 | Z46: 0 | AA46: 0 | AB46: 0 | AC46: 0 | AD46: 0 | AE46: 0 | AF46: 0 | AG46: 0 | AH46: 3 | AI46: 0 | AJ46: 0 | AK46: 0 | AL46: 0 | AM46: 0 | AN46: 0 | AO46: 0 | AP46: 0 | AQ46: 1 | AR46: 0 | AS46: 0 | AT46: 0 | AU46: 0 | AV46: 0 | AW46: 0 | AX46: 0 | AY46: 0 | AZ46: 24 | BA46: 0 | BB46: 0 | BC46: 1 | BD46: 0 | BE46: 0
A47: Chiayi County | B47: 一般 | C47: General | D47: 96 | E47: 65 | F47: 31 | G47: 0 | H47: 29 | I47: 28 | J47: 0 | K47: 0 | L47: 0 | M47: 0 | N47: 2 | O47: 0 | P47: 4 | Q47: 1 | R47: 0 | S47: 4 | T47: 0 | U47: 0 | V47: 0 | W47: 0 | X47: 0 | Y47: 0 | Z47: 0 | AA47: 0 | AB47: 0 | AC47: 0 | AD47: 0 | AE47: 0 | AF47: 0 | AG47: 0 | AH47: 3 | AI47: 0 | AJ47: 0 | AK47: 0 | AL47: 0 | AM47: 0 | AN47: 0 | AO47: 0 | AP47: 0 | AQ47: 1 | AR47: 0 | AS47: 0 | AT47: 0 | AU47: 0 | AV47: 0 | AW47: 0 | AX47: 0 | AY47: 0 | AZ47: 23 | BA47: 0 | BB47: 0 | BC47: 1 | BD47: 0 | BE47: 0
B48: 原住民 | C48: Indigenous | D48: 2 | E48: 1 | F48: 1 | G48: 0 | H48: 0 | I48: 1 | J48: 0 | K48: 0 | L48: 0 | M48: 0 | N48: 0 | O48: 0 | P48: 0 | Q48: 0 | R48: 0 | S48: 0 | T48: 0 | U48: 0 | V48: 0 | W48: 0 | X48: 0 | Y48: 0 | Z48: 0 | AA48: 0 | AB48: 0 | AC48: 0 | AD48: 0 | AE48: 0 | AF48: 0 | AG48: 0 | AH48: 0 | AI48: 0 | AJ48: 0 | AK48: 0 | AL48: 0 | AM48: 0 | AN48: 0 | AO48: 0 | AP48: 0 | AQ48: 0 | AR48: 0 | AS48: 0 | AT48: 0 | AU48: 0 | AV48: 0 | AW48: 0 | AX48: 0 | AY48: 0 | AZ48: 1 | BA48: 0 | BB48: 0 | BC48: 0 | BD48: 0 | BE48: 0
A49: 屏東縣 | B49: 計 | C49: Total | D49: 164 | E49: 117 | F49: 47 | G49: 0 | H49: 35 | I49: 28 | J49: 7 | K49: 3 | L49: 0 | M49: 1 | N49: 2 | O49: 0 | P49: 7 | Q49: 0 | R49: 0 | S49: 5 | T49: 1 | U49: 0 | V49: 1 | W49: 0 | X49: 0 | Y49: 0 | Z49: 0 | AA49: 0 | AB49: 0 | AC49: 0 | AD49: 0 | AE49: 0 | AF49: 0 | AG49: 0 | AH49: 0 | AI49: 0 | AJ49: 0 | AK49: 0 | AL49: 0 | AM49: 0 | AN49: 0 | AO49: 0 | AP49: 0 | AQ49: 1 | AR49: 0 | AS49: 0 | AT49: 0 | AU49: 0 | AV49: 0 | AW49: 0 | AX49: 0 | AY49: 0 | AZ49: 33 | BA49: 7 | BB49: 0 | BC49: 27 | BD49: 6 | BE49: 0
A50: Pingtung County | B50: 一般 | C50: General | D50: 139 | E50: 99 | F50: 40 | G50: 0 | H50: 29 | I50: 28 | J50: 7 | K50: 3 | L50: 0 | M50: 1 | N50: 2 | O50: 0 | P50: 4 | Q50: 0 | R50: 0 | S50: 5 | T50: 1 | U50: 0 | V50: 1 | W50: 0 | X50: 0 | Y50: 0 | Z50: 0 | AA50: 0 | AB50: 0 | AC50: 0 | AD50: 0 | AE50: 0 | AF50: 0 | AG50: 0 | AH50: 0 | AI50: 0 | AJ50: 0 | AK50: 0 | AL50: 0 | AM50: 0 | AN50: 0 | AO50: 0 | AP50: 0 | AQ50: 1 | AR50: 0 | AS50: 0 | AT50: 0 | AU50: 0 | AV50: 0 | AW50: 0 | AX50: 0 | AY50: 0 | AZ50: 28 | BA50: 2 | BB50: 0 | BC50: 23 | BD50: 4 | BE50: 0
B51: 原住民 | C51: Indigenous | D51: 25 | E51: 18 | F51: 7 | G51: 0 | H51: 6 | I51: 0 | J51: 0 | K51: 0 | L51: 0 | M51: 0 | N51: 0 | O51: 0 | P51: 3 | Q51: 0 | R51: 0 | S51: 0 | T51: 0 | U51: 0 | V51: 0 | W51: 0 | X51: 0 | Y51: 0 | Z51: 0 | AA51: 0 | AB51: 0 | AC51: 0 | AD51: 0 | AE51: 0 | AF51: 0 | AG51: 0 | AH51: 0 | AI51: 0 | AJ51: 0 | AK51: 0 | AL51: 0 | AM51: 0 | AN51: 0 | AO51: 0 | AP51: 0 | AQ51: 0 | AR51: 0 | AS51: 0 | AT51: 0 | AU51: 0 | AV51: 0 | AW51: 0 | AX51: 0 | AY51: 0 | AZ51: 5 | BA51: 5 | BB51: 0 | BC51: 4 | BD51: 2 | BE51: 0
A52: 臺東縣 | B52: 計 | C52: Total | D52: 34 | E52: 29 | F52: 4 | G52: 1 | H52: 9 | I52: 1 | J52: 0 | K52: 0 | L52: 0 | M52: 0 | N52: 0 | O52: 0 | P52: 5 | Q52: 0 | R52: 0 | S52: 0 | T52: 0 | U52: 0 | V52: 0 | W52: 0 | X52: 0 | Y52: 0 | Z52: 0 | AA52: 0 | AB52: 0 | AC52: 0 | AD52: 0 | AE52: 0 | AF52: 0 | AG52: 0 | AH52: 1 | AI52: 0 | AJ52: 0 | AK52: 0 | AL52: 0 | AM52: 0 | AN52: 0 | AO52: 0 | AP52: 0 | AQ52: 1 | AR52: 0 | AS52: 0 | AT52: 0 | AU52: 0 | AV52: 0 | AW52: 0 | AX52: 0 | AY52: 0 | AZ52: 7 | BA52: 0 | BB52: 0 | BC52: 6 | BD52: 3 | BE52: 1
A53: Taitung County | B53: 一般 | C53: General | D53: 13 | E53: 12 | F53: 0 | G53: 1 | H53: 4 | I53: 0 | J53: 0 | K53: 0 | L53: 0 | M53: 0 | N53: 0 | O53: 0 | P53: 1 | Q53: 0 | R53: 0 | S53: 0 | T53: 0 | U53: 0 | V53: 0 | W53: 0 | X53: 0 | Y53: 0 | Z53: 0 | AA53: 0 | AB53: 0 | AC53: 0 | AD53: 0 | AE53: 0 | AF53: 0 | AG53: 0 | AH53: 1 | AI53: 0 | AJ53: 0 | AK53: 0 | AL53: 0 | AM53: 0 | AN53: 0 | AO53: 0 | AP53: 0 | AQ53: 0 | AR53: 0 | AS53: 0 | AT53: 0 | AU53: 0 | AV53: 0 | AW53: 0 | AX53: 0 | AY53: 0 | AZ53: 3 | BA53: 0 | BB53: 0 | BC53: 3 | BD53: 0 | BE53: 1
B54: 原住民 | C54: Indigenous | D54: 21 | E54: 17 | F54: 4 | G54: 0 | H54: 5 | I54: 1 | J54: 0 | K54: 0 | L54: 0 | M54: 0 | N54: 0 | O54: 0 | P54: 4 | Q54: 0 | R54: 0 | S54: 0 | T54: 0 | U54: 0 | V54: 0 | W54: 0 | X54: 0 | Y54: 0 | Z54: 0 | AA54: 0 | AB54: 0 | AC54: 0 | AD54: 0 | AE54: 0 | AF54: 0 | AG54: 0 | AH54: 0 | AI54: 0 | AJ54: 0 | AK54: 0 | AL54: 0 | AM54: 0 | AN54: 0 | AO54: 0 | AP54: 0 | AQ54: 1 | AR54: 0 | AS54: 0 | AT54: 0 | AU54: 0 | AV54: 0 | AW54: 0 | AX54: 0 | AY54: 0 | AZ54: 4 | BA54: 0 | BB54: 0 | BC54: 3 | BD54: 3 | BE54: 0
A55: 花蓮縣 | B55: 計 | C55: Total | D55: 142 | E55: 104 | F55: 37 | G55: 1 | H55: 49 | I55: 30 | J55: 3 | K55: 1 | L55: 0 | M55: 0 | N55: 2 | O55: 0 | P55: 4 | Q55: 1 | R55: 0 | S55: 6 | T55: 1 | U55: 0 | V55: 0 | W55: 0 | X55: 0 | Y55: 0 | Z55: 0 | AA55: 0 | AB55: 0 | AC55: 0 | AD55: 0 | AE55: 0 | AF55: 0 | AG55: 0 | AH55: 0 | AI55: 0 | AJ55: 0 | AK55: 2 | AL55: 0 | AM55: 0 | AN55: 0 | AO55: 0 | AP55: 0 | AQ55: 0 | AR55: 0 | AS55: 0 | AT55: 0 | AU55: 0 | AV55: 0 | AW55: 4 | AX55: 0 | AY55: 0 | AZ55: 35 | BA55: 2 | BB55: 0 | BC55: 1 | BD55: 0 | BE55: 1
A56: Hualien County | B56: 一般 | C56: General | D56: 90 | E56: 68 | F56: 21 | G56: 1 | H56: 30 | I56: 16 | J56: 1 | K56: 1 | L56: 0 | M56: 0 | N56: 2 | O56: 0 | P56: 3 | Q56: 1 | R56: 0 | S56: 2 | T56: 0 | U56: 0 | V56: 0 | W56: 0 | X56: 0 | Y56: 0 | Z56: 0 | AA56: 0 | AB56: 0 | AC56: 0 | AD56: 0 | AE56: 0 | AF56: 0 | AG56: 0 | AH56: 0 | AI56: 0 | AJ56: 0 | AK56: 1 | AL56: 0 | AM56: 0 | AN56: 0 | AO56: 0 | AP56: 0 | AQ56: 0 | AR56: 0 | AS56: 0 | AT56: 0 | AU56: 0 | AV56: 0 | AW56: 3 | AX56: 0 | AY56: 0 | AZ56: 27 | BA56: 1 | BB56: 0 | BC56: 1 | BD56: 0 | BE56: 1
B57: 原住民 | C57: Indigenous | D57: 52 | E57: 36 | F57: 16 | G57: 0 | H57: 19 | I57: 14 | J57: 2 | K57: 0 | L57: 0 | M57: 0 | N57: 0 | O57: 0 | P57: 1 | Q57: 0 | R57: 0 | S57: 4 | T57: 1 | U57: 0 | V57: 0 | W57: 0 | X57: 0 | Y57: 0 | Z57: 0 | AA57: 0 | AB57: 0 | AC57: 0 | AD57: 0 | AE57: 0 | AF57: 0 | AG57: 0 | AH57: 0 | AI57: 0 | AJ57: 0 | AK57: 1 | AL57: 0 | AM57: 0 | AN57: 0 | AO57: 0 | AP57: 0 | AQ57: 0 | AR57: 0 | AS57: 0 | AT57: 0 | AU57: 0 | AV57: 0 | AW57: 1 | AX57: 0 | AY57: 0 | AZ57: 8 | BA57: 1 | BB57: 0 | BC57: 0 | BD57: 0 | BE57: 0
A58: 澎湖縣 | B58: 計 | C58: Total | D58: 10 | E58: 5 | F58: 5 | G58: 0 | H58: 3 | I58: 3 | J58: 0 | K58: 0 | L58: 0 | M58: 0 | N58: 0 | O58: 0 | P58: 0 | Q58: 0 | R58: 0 | S58: 0 | T58: 0 | U58: 0 | V58: 0 | W58: 0 | X58: 0 | Y58: 0 | Z58: 0 | AA58: 0 | AB58: 0 | AC58: 0 | AD58: 0 | AE58: 0 | AF58: 0 | AG58: 0 | AH58: 0 | AI58: 0 | AJ58: 0 | AK58: 0 | AL58: 0 | AM58: 0 | AN58: 0 | AO58: 0 | AP58: 0 | AQ58: 0 | AR58: 0 | AS58: 0 | AT58: 0 | AU58: 0 | AV58: 0 | AW58: 0 | AX58: 0 | AY58: 0 | AZ58: 2 | BA58: 2 | BB58: 0 | BC58: 0 | BD58: 0 | BE58: 0
A59: Penghu County | B59: 一般 | C59: General | D59: 10 | E59: 5 | F59: 5 | G59: 0 | H59: 3 | I59: 3 | J59: 0 | K59: 0 | L59: 0 | M59: 0 | N59: 0 | O59: 0 | P59: 0 | Q59: 0 | R59: 0 | S59: 0 | T59: 0 | U59: 0 | V59: 0 | W59: 0 | X59: 0 | Y59: 0 | Z59: 0 | AA59: 0 | AB59: 0 | AC59: 0 | AD59: 0 | AE59: 0 | AF59: 0 | AG59: 0 | AH59: 0 | AI59: 0 | AJ59: 0 | AK59: 0 | AL59: 0 | AM59: 0 | AN59: 0 | AO59: 0 | AP59: 0 | AQ59: 0 | AR59: 0 | AS59: 0 | AT59: 0 | AU59: 0 | AV59: 0 | AW59: 0 | AX59: 0 | AY59: 0 | AZ59: 2 | BA59: 2 | BB59: 0 | BC59: 0 | BD59: 0 | BE59: 0
B60: 原住民 | C60: Indigenous | D60: 0 | E60: 0 | F60: 0 | G60: 0 | H60: 0 | I60: 0 | J60: 0 | K60: 0 | L60: 0 | M60: 0 | N60: 0 | O60: 0 | P60: 0 | Q60: 0 | R60: 0 | S60: 0 | T60: 0 | U60: 0 | V60: 0 | W60: 0 | X60: 0 | Y60: 0 | Z60: 0 | AA60: 0 | AB60: 0 | AC60: 0 | AD60: 0 | AE60: 0 | AF60: 0 | AG60: 0 | AH60: 0 | AI60: 0 | AJ60: 0 | AK60: 0 | AL60: 0 | AM60: 0 | AN60: 0 | AO60: 0 | AP60: 0 | AQ60: 0 | AR60: 0 | AS60: 0 | AT60: 0 | AU60: 0 | AV60: 0 | AW60: 0 | AX60: 0 | AY60: 0 | AZ60: 0 | BA60: 0 | BB60: 0 | BC60: 0 | BD60: 0 | BE60: 0
A61: 基隆市 | B61: 計 | C61: Total | D61: 112 | E61: 84 | F61: 28 | G61: 0 | H61: 63 | I61: 22 | J61: 0 | K61: 0 | L61: 0 | M61: 2 | N61: 1 | O61: 0 | P61: 15 | Q61: 2 | R61: 0 | S61: 4 | T61: 3 | U61: 0 | V61: 0 | W61: 0 | X61: 0 | Y61: 0 | Z61: 0 | AA61: 0 | AB61: 0 | AC61: 0 | AD61: 0 | AE61: 0 | AF61: 0 | AG61: 0 | AH61: 0 | AI61: 0 | AJ61: 0 | AK61: 0 | AL61: 0 | AM61: 0 | AN61: 0 | AO61: 0 | AP61: 0 | AQ61: 0 | AR61: 0 | AS61: 0 | AT61: 0 | AU61: 0 | AV61: 0 | AW61: 0 | AX61: 0 | AY61: 0 | AZ61: 0 | BA61: 0 | BB61: 0 | BC61: 0 | BD61: 0 | BE61: 0
A62: Keelung City | B62: 一般 | C62: General | D62: 106 | E62: 80 | F62: 26 | G62: 0 | H62: 59 | I62: 21 | J62: 0 | K62: 0 | L62: 0 | M62: 2 | N62: 1 | O62: 0 | P62: 15 | Q62: 1 | R62: 0 | S62: 4 | T62: 3 | U62: 0 | V62: 0 | W62: 0 | X62: 0 | Y62: 0 | Z62: 0 | AA62: 0 | AB62: 0 | AC62: 0 | AD62: 0 | AE62: 0 | AF62: 0 | AG62: 0 | AH62: 0 | AI62: 0 | AJ62: 0 | AK62: 0 | AL62: 0 | AM62: 0 | AN62: 0 | AO62: 0 | AP62: 0 | AQ62: 0 | AR62: 0 | AS62: 0 | AT62: 0 | AU62: 0 | AV62: 0 | AW62: 0 | AX62: 0 | AY62: 0 | AZ62: 0 | BA62: 0 | BB62: 0 | BC62: 0 | BD62: 0 | BE62: 0
B63: 原住民 | C63: Indigenous | D63: 6 | E63: 4 | F63: 2 | G63: 0 | H63: 4 | I63: 1 | J63: 0 | K63: 0 | L63: 0 | M63: 0 | N63: 0 | O63: 0 | P63: 0 | Q63: 1 | R63: 0 | S63: 0 | T63: 0 | U63: 0 | V63: 0 | W63: 0 | X63: 0 | Y63: 0 | Z63: 0 | AA63: 0 | AB63: 0 | AC63: 0 | AD63: 0 | AE63: 0 | AF63: 0 | AG63: 0 | AH63: 0 | AI63: 0 | AJ63: 0 | AK63: 0 | AL63: 0 | AM63: 0 | AN63: 0 | AO63: 0 | AP63: 0 | AQ63: 0 | AR63: 0 | AS63: 0 | AT63: 0 | AU63: 0 | AV63: 0 | AW63: 0 | AX63: 0 | AY63: 0 | AZ63: 0 | BA63: 0 | BB63: 0 | BC63: 0 | BD63: 0 | BE63: 0
A64: 新竹市 | B64: 計 | C64: Total | D64: 111 | E64: 71 | F64: 39 | G64: 1 | H64: 28 | I64: 27 | J64: 6 | K64: 0 | L64: 0 | M64: 1 | N64: 2 | O64: 0 | P64: 1 | Q64: 0 | R64: 0 | S64: 3 | T64: 3 | U64: 0 | V64: 0 | W64: 0 | X64: 0 | Y64: 0 | Z64: 0 | AA64: 0 | AB64: 0 | AC64: 0 | AD64: 0 | AE64: 1 | AF64: 0 | AG64: 0 | AH64: 0 | AI64: 0 | AJ64: 0 | AK64: 3 | AL64: 0 | AM64: 0 | AN64: 0 | AO64: 0 | AP64: 0 | AQ64: 0 | AR64: 0 | AS64: 0 | AT64: 0 | AU64: 0 | AV64: 0 | AW64: 0 | AX64: 0 | AY64: 0 | AZ64: 17 | BA64: 2 | BB64: 0 | BC64: 11 | BD64: 5 | BE64: 1
A65: Hsinchu City | B65: 一般 | C65: General | D65: 106 | E65: 66 | F65: 39 | G65: 1 | H65: 26 | I65: 27 | J65: 4 | K65: 0 | L65: 0 | M65: 1 | N65: 2 | O65: 0 | P65: 1 | Q65: 0 | R65: 0 | S65: 3 | T65: 3 | U65: 0 | V65: 0 | W65: 0 | X65: 0 | Y65: 0 | Z65: 0 | AA65: 0 | AB65: 0 | AC65: 0 | AD65: 0 | AE65: 1 | AF65: 0 | AG65: 0 | AH65: 0 | AI65: 0 | AJ65: 0 | AK65: 3 | AL65: 0 | AM65: 0 | AN65: 0 | AO65: 0 | AP65: 0 | AQ65: 0 | AR65: 0 | AS65: 0 | AT65: 0 | AU65: 0 | AV65: 0 | AW65: 0 | AX65: 0 | AY65: 0 | AZ65: 16 | BA65: 2 | BB65: 0 | BC65: 11 | BD65: 5 | BE65: 1
B66: 原住民 | C66: Indigenous | D66: 5 | E66: 5 | F66: 0 | G66: 0 | H66: 2 | I66: 0 | J66: 2 | K66: 0 | L66: 0 | M66: 0 | N66: 0 | O66: 0 | P66: 0 | Q66: 0 | R66: 0 | S66: 0 | T66: 0 | U66: 0 | V66: 0 | W66: 0 | X66: 0 | Y66: 0 | Z66: 0 | AA66: 0 | AB66: 0 | AC66: 0 | AD66: 0 | AE66: 0 | AF66: 0 | AG66: 0 | AH66: 0 | AI66: 0 | AJ66: 0 | AK66: 0 | AL66: 0 | AM66: 0 | AN66: 0 | AO66: 0 | AP66: 0 | AQ66: 0 | AR66: 0 | AS66: 0 | AT66: 0 | AU66: 0 | AV66: 0 | AW66: 0 | AX66: 0 | AY66: 0 | AZ66: 1 | BA66: 0 | BB66: 0 | BC66: 0 | BD66: 0 | BE66: 0
A67: 嘉義市 | B67: 計 | C67: Total | D67: 58 | E67: 33 | F67: 25 | G67: 0 | H67: 17 | I67: 22 | J67: 1 | K67: 0 | L67: 0 | M67: 0 | N67: 0 | O67: 0 | P67: 2 | Q67: 1 | R67: 0 | S67: 1 | T67: 0 | U67: 0 | V67: 0 | W67: 0 | X67: 0 | Y67: 0 | Z67: 0 | AA67: 0 | AB67: 0 | AC67: 0 | AD67: 0 | AE67: 0 | AF67: 0 | AG67: 0 | AH67: 0 | AI67: 0 | AJ67: 0 | AK67: 0 | AL67: 1 | AM67: 0 | AN67: 0 | AO67: 0 | AP67: 0 | AQ67: 0 | AR67: 0 | AS67: 0 | AT67: 0 | AU67: 0 | AV67: 0 | AW67: 0 | AX67: 0 | AY67: 0 | AZ67: 8 | BA67: 0 | BB67: 0 | BC67: 4 | BD67: 1 | BE67: 0
A68: Chiayi City | B68: 一般 | C68: General | D68: 57 | E68: 32 | F68: 25 | G68: 0 | H68: 16 | I68: 22 | J68: 1 | K68: 0 | L68: 0 | M68: 0 | N68: 0 | O68: 0 | P68: 2 | Q68: 1 | R68: 0 | S68: 1 | T68: 0 | U68: 0 | V68: 0 | W68: 0 | X68: 0 | Y68: 0 | Z68: 0 | AA68: 0 | AB68: 0 | AC68: 0 | AD68: 0 | AE68: 0 | AF68: 0 | AG68: 0 | AH68: 0 | AI68: 0 | AJ68: 0 | AK68: 0 | AL68: 1 | AM68: 0 | AN68: 0 | AO68: 0 | AP68: 0 | AQ68: 0 | AR68: 0 | AS68: 0 | AT68: 0 | AU68: 0 | AV68: 0 | AW68: 0 | AX68: 0 | AY68: 0 | AZ68: 8 | BA68: 0 | BB68: 0 | BC68: 4 | BD68: 1 | BE68: 0
B69: 原住民 | C69: Indigenous | D69: 1 | E69: 1 | F69: 0 | G69: 0 | H69: 1 | I69: 0 | J69: 0 | K69: 0 | L69: 0 | M69: 0 | N69: 0 | O69: 0 | P69: 0 | Q69: 0 | R69: 0 | S69: 0 | T69: 0 | U69: 0 | V69: 0 | W69: 0 | X69: 0 | Y69: 0 | Z69: 0 | AA69: 0 | AB69: 0 | AC69: 0 | AD69: 0 | AE69: 0 | AF69: 0 | AG69: 0 | AH69: 0 | AI69: 0 | AJ69: 0 | AK69: 0 | AL69: 0 | AM69: 0 | AN69: 0 | AO69: 0 | AP69: 0 | AQ69: 0 | AR69: 0 | AS69: 0 | AT69: 0 | AU69: 0 | AV69: 0 | AW69: 0 | AX69: 0 | AY69: 0 | AZ69: 0 | BA69: 0 | BB69: 0 | BC69: 0 | BD69: 0 | BE69: 0
A70: 金門縣 | B70: 計 | C70: Total | D70: 19 | E70: 6 | F70: 13 | G70: 0 | H70: 0 | I70: 12 | J70: 0 | K70: 0 | L70: 0 | M70: 0 | N70: 1 | O70: 0 | P70: 3 | Q70: 0 | R70: 0 | S70: 1 | T70: 0 | U70: 0 | V70: 0 | W70: 0 | X70: 0 | Y70: 0 | Z70: 0 | AA70: 0 | AB70: 0 | AC70: 0 | AD70: 0 | AE70: 0 | AF70: 0 | AG70: 0 | AH70: 0 | AI70: 0 | AJ70: 0 | AK70: 0 | AL70: 0 | AM70: 0 | AN70: 0 | AO70: 0 | AP70: 0 | AQ70: 1 | AR70: 0 | AS70: 0 | AT70: 0 | AU70: 0 | AV70: 0 | AW70: 1 | AX70: 0 | AY70: 0 | AZ70: 0 | BA70: 0 | BB70: 0 | BC70: 0 | BD70: 0 | BE70: 0
A71: Kinmen County | B71: 一般 | C71: General | D71: 19 | E71: 6 | F71: 13 | G71: 0 | H71: 0 | I71: 12 | J71: 0 | K71: 0 | L71: 0 | M71: 0 | N71: 1 | O71: 0 | P71: 3 | Q71: 0 | R71: 0 | S71: 1 | T71: 0 | U71: 0 | V71: 0 | W71: 0 | X71: 0 | Y71: 0 | Z71: 0 | AA71: 0 | AB71: 0 | AC71: 0 | AD71: 0 | AE71: 0 | AF71: 0 | AG71: 0 | AH71: 0 | AI71: 0 | AJ71: 0 | AK71: 0 | AL71: 0 | AM71: 0 | AN71: 0 | AO71: 0 | AP71: 0 | AQ71: 1 | AR71: 0 | AS71: 0 | AT71: 0 | AU71: 0 | AV71: 0 | AW71: 1 | AX71: 0 | AY71: 0 | AZ71: 0 | BA71: 0 | BB71: 0 | BC71: 0 | BD71: 0 | BE71: 0
B72: 原住民 | C72: Indigenous | D72: 0 | E72: 0 | F72: 0 | G72: 0 | H72: 0 | I72: 0 | J72: 0 | K72: 0 | L72: 0 | M72: 0 | N72: 0 | O72: 0 | P72: 0 | Q72: 0 | R72: 0 | S72: 0 | T72: 0 | U72: 0 | V72: 0 | W72: 0 | X72: 0 | Y72: 0 | Z72: 0 | AA72: 0 | AB72: 0 | AC72: 0 | AD72: 0 | AE72: 0 | AF72: 0 | AG72: 0 | AH72: 0 | AI72: 0 | AJ72: 0 | AK72: 0 | AL72: 0 | AM72: 0 | AN72: 0 | AO72: 0 | AP72: 0 | AQ72: 0 | AR72: 0 | AS72: 0 | AT72: 0 | AU72: 0 | AV72: 0 | AW72: 0 | AX72: 0 | AY72: 0 | AZ72: 0 | BA72: 0 | BB72: 0 | BC72: 0 | BD72: 0 | BE72: 0
A73: 連江縣 | B73: 計 | C73: Total | D73: 2 | E73: 2 | F73: 0 | G73: 0 | H73: 0 | I73: 0 | J73: 0 | K73: 0 | L73: 0 | M73: 0 | N73: 0 | O73: 0 | P73: 0 | Q73: 0 | R73: 0 | S73: 2 | T73: 0 | U73: 0 | V73: 0 | W73: 0 | X73: 0 | Y73: 0 | Z73: 0 | AA73: 0 | AB73: 0 | AC73: 0 | AD73: 0 | AE73: 0 | AF73: 0 | AG73: 0 | AH73: 0 | AI73: 0 | AJ73: 0 | AK73: 0 | AL73: 0 | AM73: 0 | AN73: 0 | AO73: 0 | AP73: 0 | AQ73: 0 | AR73: 0 | AS73: 0 | AT73: 0 | AU73: 0 | AV73: 0 | AW73: 0 | AX73: 0 | AY73: 0 | AZ73: 0 | BA73: 0 | BB73: 0 | BC73: 0 | BD73: 0 | BE73: 0
A74: Lienchiang County | B74: 一般 | C74: General | D74: 2 | E74: 2 | F74: 0 | G74: 0 | H74: 0 | I74: 0 | J74: 0 | K74: 0 | L74: 0 | M74: 0 | N74: 0 | O74: 0 | P74: 0 | Q74: 0 | R74: 0 | S74: 2 | T74: 0 | U74: 0 | V74: 0 | W74: 0 | X74: 0 | Y74: 0 | Z74: 0 | AA74: 0 | AB74: 0 | AC74: 0 | AD74: 0 | AE74: 0 | AF74: 0 | AG74: 0 | AH74: 0 | AI74: 0 | AJ74: 0 | AK74: 0 | AL74: 0 | AM74: 0 | AN74: 0 | AO74: 0 | AP74: 0 | AQ74: 0 | AR74: 0 | AS74: 0 | AT74: 0 | AU74: 0 | AV74: 0 | AW74: 0 | AX74: 0 | AY74: 0 | AZ74: 0 | BA74: 0 | BB74: 0 | BC74: 0 | BD74: 0 | BE74: 0
B75: 原住民 | C75: Indigenous | D75: 0 | E75: 0 | F75: 0 | G75: 0 | H75: 0 | I75: 0 | J75: 0 | K75: 0 | L75: 0 | M75: 0 | N75: 0 | O75: 0 | P75: 0 | Q75: 0 | R75: 0 | S75: 0 | T75: 0 | U75: 0 | V75: 0 | W75: 0 | X75: 0 | Y75: 0 | Z75: 0 | AA75: 0 | AB75: 0 | AC75: 0 | AD75: 0 | AE75: 0 | AF75: 0 | AG75: 0 | AH75: 0 | AI75: 0 | AJ75: 0 | AK75: 0 | AL75: 0 | AM75: 0 | AN75: 0 | AO75: 0 | AP75: 0 | AQ75: 0 | AR75: 0 | AS75: 0 | AT75: 0 | AU75: 0 | AV75: 0 | AW75: 0 | AX75: 0 | AY75: 0 | AZ75: 0 | BA75: 0 | BB75: 0 | BC75: 0 | BD75: 0 | BE75: 0
A76: 資料來源：各直轄市、縣市政府。
A77: Source: County and Government.
A79: 更新日期：2025/09/30
A81: 總計 | B81: 計 | C81: Total | D81: 5305 | E81: 3488 | F81: 1729 | G81: 88 | H81: 1755 | I81: 1288 | J81: 125 | K81: 28 | L81: 0 | M81: 74 | N81: 81 | O81: 0 | P81: 153 | Q81: 39 | R81: 0 | S81: 136 | T81: 42 | U81: 0 | V81: 77 | W81: 5 | X81: 0 | Y81: 0 | Z81: 2 | AA81: 0 | AB81: 2 | AC81: 5 | AD81: 0 | AE81: 8 | AF81: 1 | AG81: 0 | AH81: 34 | AI81: 8 | AJ81: 0 | AK81: 16 | AL81: 2 | AM81: 0 | AN81: 2 | AO81: 0 | AP81: 0 | AQ81: 24 | AR81: 3 | AS81: 0 | AT81: 19 | AU81: 0 | AV81: 0 | AW81: 52 | AX81: 3 | AY81: 0 | AZ81: 743 | BA81: 76 | BB81: 0 | BC81: 268 | BD81: 146 | BE81: 88
A82: Total | B82: 一般 | C82: General | D82: 4975 | E82: 3285 | F82: 1602 | G82: 88 | H82: 1650 | I82: 1188 | J82: 115 | K82: 24 | L82: 0 | M82: 74 | N82: 79 | O82: 0 | P82: 136 | Q82: 37 | R82: 0 | S82: 124 | T82: 41 | U82: 0 | V82: 72 | W82: 5 | X82: 0 | Y82: 0 | Z82: 1 | AA82: 0 | AB82: 2 | AC82: 5 | AD82: 0 | AE82: 8 | AF82: 1 | AG82: 0 | AH82: 33 | AI82: 8 | AJ82: 0 | AK82: 15 | AL82: 2 | AM82: 0 | AN82: 2 | AO82: 0 | AP82: 0 | AQ82: 22 | AR82: 3 | AS82: 0 | AT82: 19 | AU82: 0 | AV82: 0 | AW82: 50 | AX82: 3 | AY82: 0 | AZ82: 707 | BA82: 65 | BB82: 0 | BC82: 256 | BD82: 140 | BE82: 88
B83: 原住民 | C83: Indigenous | D83: 330 | E83: 203 | F83: 127 | G83: 0 | H83: 105 | I83: 100 | J83: 10 | K83: 4 | L83: 0 | M83: 0 | N83: 2 | O83: 0 | P83: 17 | Q83: 2 | R83: 0 | S83: 12 | T83: 1 | U83: 0 | V83: 5 | W83: 0 | X83: 0 | Y83: 0 | Z83: 1 | AA83: 0 | AB83: 0 | AC83: 0 | AD83: 0 | AE83: 0 | AF83: 0 | AG83: 0 | AH83: 1 | AI83: 0 | AJ83: 0 | AK83: 1 | AL83: 0 | AM83: 0 | AN83: 0 | AO83: 0 | AP83: 0 | AQ83: 2 | AR83: 0 | AS83: 0 | AT83: 0 | AU83: 0 | AV83: 0 | AW83: 2 | AX83: 0 | AY83: 0 | AZ83: 36 | BA83: 11 | BB83: 0 | BC83: 12 | BD83: 6 | BE83: 0
A84: 新北市 | B84: 計 | C84: Total | D84: 1130 | E84: 771 | F84: 343 | G84: 16 | H84: 374 | I84: 277 | J84: 28 | K84: 8 | L84: 0 | M84: 24 | N84: 14 | O84: 0 | P84: 34 | Q84: 5 | R84: 0 | S84: 16 | T84: 6 | U84: 0 | V84: 0 | W84: 0 | X84: 0 | Y84: 0 | Z84: 2 | AA84: 0 | AB84: 0 | AC84: 3 | AD84: 0 | AE84: 1 | AF84: 0 | AG84: 0 | AH84: 12 | AI84: 0 | AJ84: 0 | AK84: 2 | AL84: 0 | AM84: 0 | AN84: 0 | AO84: 0 | AP84: 0 | AQ84: 2 | AR84: 0 | AS84: 0 | AT84: 0 | AU84: 0 | AV84: 0 | AW84: 18 | AX84: 1 | AY84: 0 | AZ84: 199 | BA84: 10 | BB84: 0 | BC84: 61 | BD84: 17 | BE84: 16
A85: New Taipei City | B85: 一般 | C85: General | D85: 1086 | E85: 749 | F85: 321 | G85: 16 | H85: 363 | I85: 259 | J85: 26 | K85: 6 | L85: 0 | M85: 24 | N85: 14 | O85: 0 | P85: 31 | Q85: 4 | R85: 0 | S85: 16 | T85: 6 | U85: 0 | V85: 0 | W85: 0 | X85: 0 | Y85: 0 | Z85: 1 | AA85: 0 | AB85: 0 | AC85: 3 | AD85: 0 | AE85: 1 | AF85: 0 | AG85: 0 | AH85: 12 | AI85: 0 | AJ85: 0 | AK85: 2 | AL85: 0 | AM85: 0 | AN85: 0 | AO85: 0 | AP85: 0 | AQ85: 2 | AR85: 0 | AS85: 0 | AT85: 0 | AU85: 0 | AV85: 0 | AW85: 17 | AX85: 1 | AY85: 0 | AZ85: 195 | BA85: 10 | BB85: 0 | BC85: 60 | BD85: 17 | BE85: 16
B86: 原住民 | C86: Indigenous | D86: 44 | E86: 22 | F86: 22 | G86: 0 | H86: 11 | I86: 18 | J86: 2 | K86: 2 | L86: 0 | M86: 0 | N86: 0 | O86: 0 | P86: 3 | Q86: 1 | R86: 0 | S86: 0 | T86: 0 | U86: 0 | V86: 0 | W86: 0 | X86: 0 | Y86: 0 | Z86: 1 | AA86: 0 | AB86: 0 | AC86: 0 | AD86: 0 | AE86: 0 | AF86: 0 | AG86: 0 | AH86: 0 | AI86: 0 | AJ86: 0 | AK86: 0 | AL86: 0 | AM86: 0 | AN86: 0 | AO86: 0 | AP86: 0 | AQ86: 0 | AR86: 0 | AS86: 0 | AT86: 0 | AU86: 0 | AV86: 0 | AW86: 1 | AX86: 0 | AY86: 0 | AZ86: 4 | BA86: 0 | BB86: 0 | BC86: 1 | BD86: 0 | BE86: 0
A87: 臺北市 | B87: 計 | C87: Total | D87: 533 | E87: 307 | F87: 190 | G87: 36 | H87: 168 | I87: 136 | J87: 10 | K87: 4 | L87: 0 | M87: 5 | N87: 10 | O87: 0 | P87: 6 | Q87: 2 | R87: 0 | S87: 15 | T87: 2 | U87: 0 | V87: 0 | W87: 0 | X87: 0 | Y87: 0 | Z87: 0 | AA87: 0 | AB87: 0 | AC87: 0 | AD87: 0 | AE87: 1 | AF87: 0 | AG87: 0 | AH87: 0 | AI87: 0 | AJ87: 0 | AK87: 1 | AL87: 0 | AM87: 0 | AN87: 0 | AO87: 0 | AP87: 0 | AQ87: 0 | AR87: 0 | AS87: 0 | AT87: 0 | AU87: 0 | AV87: 0 | AW87: 8 | AX87: 0 | AY87: 0 | AZ87: 84 | BA87: 20 | BB87: 0 | BC87: 9 | BD87: 16 | BE87: 36
A88: Taipei City | B88: 一般 | C88: General | D88: 527 | E88: 305 | F88: 186 | G88: 36 | H88: 166 | I88: 132 | J88: 10 | K88: 4 | L88: 0 | M88: 5 | N88: 10 | O88: 0 | P88: 6 | Q88: 2 | R88: 0 | S88: 15 | T88: 2 | U88: 0 | V88: 0 | W88: 0 | X88: 0 | Y88: 0 | Z88: 0 | AA88: 0 | AB88: 0 | AC88: 0 | AD88: 0 | AE88: 1 | AF88: 0 | AG88: 0 | AH88: 0 | AI88: 0 | AJ88: 0 | AK88: 1 | AL88: 0 | AM88: 0 | AN88: 0 | AO88: 0 | AP88: 0 | AQ88: 0 | AR88: 0 | AS88: 0 | AT88: 0 | AU88: 0 | AV88: 0 | AW88: 8 | AX88: 0 | AY88: 0 | AZ88: 84 | BA88: 20 | BB88: 0 | BC88: 9 | BD88: 16 | BE88: 36
B89: 原住民 | C89: Indigenous | D89: 6 | E89: 2 | F89: 4 | G89: 0 | H89: 2 | I89: 4 | J89: 0 | K89: 0 | L89: 0 | M89: 0 | N89: 0 | O89: 0 | P89: 0 | Q89: 0 | R89: 0 | S89: 0 | T89: 0 | U89: 0 | V89: 0 | W89: 0 | X89: 0 | Y89: 0 | Z89: 0 | AA89: 0 | AB89: 0 | AC89: 0 | AD89: 0 | AE89: 0 | AF89: 0 | AG89: 0 | AH89: 0 | AI89: 0 | AJ89: 0 | AK89: 0 | AL89: 0 | AM89: 0 | AN89: 0 | AO89: 0 | AP89: 0 | AQ89: 0 | AR89: 0 | AS89: 0 | AT89: 0 | AU89: 0 | AV89: 0 | AW89: 0 | AX89: 0 | AY89: 0 | AZ89: 0 | BA89: 0 | BB89: 0 | BC89: 0 | BD89: 0 | BE89: 0
A90: 桃園市 | B90: 計 | C90: Total | D90: 438 | E90: 312 | F90: 124 | G90: 2 | H90: 150 | I90: 94 | J90: 4 | K90: 3 | L90: 0 | M90: 5 | N90: 4 | O90: 0 | P90: 9 | Q90: 4 | R90: 0 | S90: 5 | T90: 5 | U90: 0 | V90: 3 | W90: 0 | X90: 0 | Y90: 0 | Z90: 0 | AA90: 0 | AB90: 0 | AC90: 2 | AD90: 0 | AE90: 1 | AF90: 0 | AG90: 0 | AH90: 11 | AI90: 1 | AJ90: 0 | AK90: 2 | AL90: 0 | AM90: 0 | AN90: 0 | AO90: 0 | AP90: 0 | AQ90: 3 | AR90: 0 | AS90: 0 | AT90: 0 | AU90: 0 | AV90: 0 | AW90: 2 | AX90: 1 | AY90: 0 | AZ90: 95 | BA90: 10 | BB90: 0 | BC90: 22 | BD90: 0 | BE90: 2
A91: Taoyuan City | B91: 一般 | C91: General | D91: 398 | E91: 291 | F91: 105 | G91: 2 | H91: 138 | I91: 78 | J91: 4 | K91: 2 | L91: 0 | M91: 5 | N91: 4 | O91: 0 | P91: 9 | Q91: 4 | R91: 0 | S91: 5 | T91: 5 | U91: 0 | V91: 0 | W91: 0 | X91: 0 | Y91: 0 | Z91: 0 | AA91: 0 | AB91: 0 | AC91: 2 | AD91: 0 | AE91: 1 | AF91: 0 | AG91: 0 | AH91: 11 | AI91: 1 | AJ91: 0 | AK91: 2 | AL91: 0 | AM91: 0 | AN91: 0 | AO91: 0 | AP91: 0 | AQ91: 2 | AR91: 0 | AS91: 0 | AT91: 0 | AU91: 0 | AV91: 0 | AW91: 2 | AX91: 1 | AY91: 0 | AZ91: 91 | BA91: 8 | BB91: 0 | BC91: 21 | BD91: 0 | BE91: 2
B92: 原住民 | C92: Indigenous | D92: 40 | E92: 21 | F92: 19 | G92: 0 | H92: 12 | I92: 16 | J92: 0 | K92: 1 | L92: 0 | M92: 0 | N92: 0 | O92: 0 | P92: 0 | Q92: 0 | R92: 0 | S92: 0 | T92: 0 | U92: 0 | V92: 3 | W92: 0 | X92: 0 | Y92: 0 | Z92: 0 | AA92: 0 | AB92: 0 | AC92: 0 | AD92: 0 | AE92: 0 | AF92: 0 | AG92: 0 | AH92: 0 | AI92: 0 | AJ92: 0 | AK92: 0 | AL92: 0 | AM92: 0 | AN92: 0 | AO92: 0 | AP92: 0 | AQ92: 1 | AR92: 0 | AS92: 0 | AT92: 0 | AU92: 0 | AV92: 0 | AW92: 0 | AX92: 0 | AY92: 0 | AZ92: 4 | BA92: 2 | BB92: 0 | BC92: 1 | BD92: 0 | BE92: 0
A93: 臺中市 | B93: 計 | C93: Total | D93: 682 | E93: 433 | F93: 234 | G93: 15 | H93: 242 | I93: 130 | J93: 12 | K93: 2 | L93: 0 | M93: 8 | N93: 11 | O93: 0 | P93: 18 | Q93: 6 | R93: 0 | S93: 17 | T93: 6 | U93: 0 | V93: 0 | W93: 0 | X93: 0 | Y93: 0 | Z93: 0 | AA93: 0 | AB93: 0 | AC93: 0 | AD93: 0 | AE93: 1 | AF93: 0 | AG93: 0 | AH93: 2 | AI93: 0 | AJ93: 0 | AK93: 3 | AL93: 0 | AM93: 0 | AN93: 0 | AO93: 0 | AP93: 0 | AQ93: 1 | AR93: 0 | AS93: 0 | AT93: 1 | AU93: 0 | AV93: 0 | AW93: 6 | AX93: 1 | AY93: 0 | AZ93: 90 | BA93: 6 | BB93: 0 | BC93: 32 | BD93: 72 | BE93: 15
A94: Taichung City | B94: 一般 | C94: General | D94: 650 | E94: 410 | F94: 225 | G94: 15 | H94: 225 | I94: 123 | J94: 12 | K94: 2 | L94: 0 | M94: 8 | N94: 9 | O94: 0 | P94: 17 | Q94: 6 | R94: 0 | S94: 15 | T94: 6 | U94: 0 | V94: 0 | W94: 0 | X94: 0 | Y94: 0 | Z94: 0 | AA94: 0 | AB94: 0 | AC94: 0 | AD94: 0 | AE94: 1 | AF94: 0 | AG94: 0 | AH94: 1 | AI94: 0 | AJ94: 0 | AK94: 3 | AL94: 0 | AM94: 0 | AN94: 0 | AO94: 0 | AP94: 0 | AQ94: 1 | AR94: 0 | AS94: 0 | AT94: 1 | AU94: 0 | AV94: 0 | AW94: 6 | AX94: 1 | AY94: 0 | AZ94: 89 | BA94: 6 | BB94: 0 | BC94: 31 | BD94: 72 | BE94: 15
B95: 原住民 | C95: Indigenous | D95: 32 | E95: 23 | F95: 9 | G95: 0 | H95: 17 | I95: 7 | J95: 0 | K95: 0 | L95: 0 | M95: 0 | N95: 2 | O95: 0 | P95: 1 | Q95: 0 | R95: 0 | S95: 2 | T95: 0 | U95: 0 | V95: 0 | W95: 0 | X95: 0 | Y95: 0 | Z95: 0 | AA95: 0 | AB95: 0 | AC95: 0 | AD95: 0 | AE95: 0 | AF95: 0 | AG95: 0 | AH95: 1 | AI95: 0 | AJ95: 0 | AK95: 0 | AL95: 0 | AM95: 0 | AN95: 0 | AO95: 0 | AP95: 0 | AQ95: 0 | AR95: 0 | AS95: 0 | AT95: 0 | AU95: 0 | AV95: 0 | AW95: 0 | AX95: 0 | AY95: 0 | AZ95: 1 | BA95: 0 | BB95: 0 | BC95: 1 | BD95: 0 | BE95: 0
A96: 臺南市 | B96: 計 | C96: Total | D96: 329 | E96: 205 | F96: 124 | G96: 0 | H96: 119 | I96: 100 | J96: 20 | K96: 1 | L96: 0 | M96: 2 | N96: 3 | O96: 0 | P96: 5 | Q96: 4 | R96: 0 | S96: 15 | T96: 11 | U96: 0 | V96: 0 | W96: 0 | X96: 0 | Y96: 0 | Z96: 0 | AA96: 0 | AB96: 0 | AC96: 0 | AD96: 0 | AE96: 1 | AF96: 0 | AG96: 0 | AH96: 1 | AI96: 0 | AJ96: 0 | AK96: 0 | AL96: 0 | AM96: 0 | AN96: 0 | AO96: 0 | AP96: 0 | AQ96: 0 | AR96: 0 | AS96: 0 | AT96: 0 | AU96: 0 | AV96: 0 | AW96: 2 | AX96: 0 | AY96: 0 | AZ96: 37 | BA96: 3 | BB96: 0 | BC96: 3 | BD96: 2 | BE96: 0
A97: Tainan City | B97: 一般 | C97: General | D97: 319 | E97: 200 | F97: 119 | G97: 0 | H97: 116 | I97: 95 | J97: 19 | K97: 1 | L97: 0 | M97: 2 | N97: 3 | O97: 0 | P97: 5 | Q97: 4 | R97: 0 | S97: 15 | T97: 11 | U97: 0 | V97: 0 | W97: 0 | X97: 0 | Y97: 0 | Z97: 0 | AA97: 0 | AB97: 0 | AC97: 0 | AD97: 0 | AE97: 1 | AF97: 0 | AG97: 0 | AH97: 1 | AI97: 0 | AJ97: 0 | AK97: 0 | AL97: 0 | AM97: 0 | AN97: 0 | AO97: 0 | AP97: 0 | AQ97: 0 | AR97: 0 | AS97: 0 | AT97: 0 | AU97: 0 | AV97: 0 | AW97: 2 | AX97: 0 | AY97: 0 | AZ97: 37 | BA97: 3 | BB97: 0 | BC97: 2 | BD97: 2 | BE97: 0
B98: 原住民 | C98: Indigenous | D98: 10 | E98: 5 | F98: 5 | G98: 0 | H98: 3 | I98: 5 | J98: 1 | K98: 0 | L98: 0 | M98: 0 | N98: 0 | O98: 0 | P98: 0 | Q98: 0 | R98: 0 | S98: 0 | T98: 0 | U98: 0 | V98: 0 | W98: 0 | X98: 0 | Y98: 0 | Z98: 0 | AA98: 0 | AB98: 0 | AC98: 0 | AD98: 0 | AE98: 0 | AF98: 0 | AG98: 0 | AH98: 0 | AI98: 0 | AJ98: 0 | AK98: 0 | AL98: 0 | AM98: 0 | AN98: 0 | AO98: 0 | AP98: 0 | AQ98: 0 | AR98: 0 | AS98: 0 | AT98: 0 | AU98: 0 | AV98: 0 | AW98: 0 | AX98: 0 | AY98: 0 | AZ98: 0 | BA98: 0 | BB98: 0 | BC98: 1 | BD98: 0 | BE98: 0
A99: 高雄市 | B99: 計 | C99: Total | D99: 670 | E99: 439 | F99: 224 | G99: 7 | H99: 229 | I99: 177 | J99: 13 | K99: 2 | L99: 0 | M99: 9 | N99: 19 | O99: 0 | P99: 11 | Q99: 4 | R99: 0 | S99: 22 | T99: 1 | U99: 0 | V99: 73 | W99: 5 | X99: 0 | Y99: 0 | Z99: 0 | AA99: 0 | AB99: 0 | AC99: 0 | AD99: 0 | AE99: 1 | AF99: 0 | AG99: 0 | AH99: 1 | AI99: 1 | AJ99: 0 | AK99: 1 | AL99: 0 | AM99: 0 | AN99: 2 | AO99: 0 | AP99: 0 | AQ99: 13 | AR99: 3 | AS99: 0 | AT99: 18 | AU99: 0 | AV99: 0 | AW99: 9 | AX99: 0 | AY99: 0 | AZ99: 5 | BA99: 2 | BB99: 0 | BC99: 32 | BD99: 10 | BE99: 7
A100: Kaohsiung City | B100: 一般 | C100: General | D100: 646 | E100: 427 | F100: 212 | G100: 7 | H100: 221 | I100: 166 | J100: 12 | K100: 2 | L100: 0 | M100: 9 | N100: 19 | O100: 0 | P100: 10 | Q100: 4 | R100: 0 | S100: 22 | T100: 1 | U100: 0 | V100: 71 | W100: 5 | X100: 0 | Y100: 0 | Z100: 0 | AA100: 0 | AB100: 0 | AC100: 0 | AD100: 0 | AE100: 1 | AF100: 0 | AG100: 0 | AH100: 1 | AI100: 1 | AJ100: 0 | AK100: 1 | AL100: 0 | AM100: 0 | AN100: 2 | AO100: 0 | AP100: 0 | AQ100: 13 | AR100: 3 | AS100: 0 | AT100: 18 | AU100: 0 | AV100: 0 | AW100: 9 | AX100: 0 | AY100: 0 | AZ100: 5 | BA100: 1 | BB100: 0 | BC100: 32 | BD100: 10 | BE100: 7
B101: 原住民 | C101: Indigenous | D101: 24 | E101: 12 | F101: 12 | G101: 0 | H101: 8 | I101: 11 | J101: 1 | K101: 0 | L101: 0 | M101: 0 | N101: 0 | O101: 0 | P101: 1 | Q101: 0 | R101: 0 | S101: 0 | T101: 0 | U101: 0 | V101: 2 | W101: 0 | X101: 0 | Y101: 0 | Z101: 0 | AA101: 0 | AB101: 0 | AC101: 0 | AD101: 0 | AE101: 0 | AF101: 0 | AG101: 0 | AH101: 0 | AI101: 0 | AJ101: 0 | AK101: 0 | AL101: 0 | AM101: 0 | AN101: 0 | AO101: 0 | AP101: 0 | AQ101: 0 | AR101: 0 | AS101: 0 | AT101: 0 | AU101: 0 | AV101: 0 | AW101: 0 | AX101: 0 | AY101: 0 | AZ101: 0 | BA101: 1 | BB101: 0 | BC101: 0 | BD101: 0 | BE101: 0
A102: 宜蘭縣 | B102: 計 | C102: Total | D102: 30 | E102: 22 | F102: 8 | G102: 0 | H102: 10 | I102: 7 | J102: 1 | K102: 0 | L102: 0 | M102: 0 | N102: 0 | O102: 0 | P102: 1 | Q102: 0 | R102: 0 | S102: 1 | T102: 0 | U102: 0 | V102: 0 | W102: 0 | X102: 0 | Y102: 0 | Z102: 0 | AA102: 0 | AB102: 0 | AC102: 0 | AD102: 0 | AE102: 0 | AF102: 0 | AG102: 0 | AH102: 1 | AI102: 0 | AJ102: 0 | AK102: 0 | AL102: 0 | AM102: 0 | AN102: 0 | AO102: 0 | AP102: 0 | AQ102: 0 | AR102: 0 | AS102: 0 | AT102: 0 | AU102: 0 | AV102: 0 | AW102: 0 | AX102: 0 | AY102: 0 | AZ102: 8 | BA102: 1 | BB102: 0 | BC102: 0 | BD102: 0 | BE102: 0
A103: Yilan County | B103: 一般 | C103: General | D103: 26 | E103: 19 | F103: 7 | G103: 0 | H103: 10 | I103: 7 | J103: 1 | K103: 0 | L103: 0 | M103: 0 | N103: 0 | O103: 0 | P103: 1 | Q103: 0 | R103: 0 | S103: 1 | T103: 0 | U103: 0 | V103: 0 | W103: 0 | X103: 0 | Y103: 0 | Z103: 0 | AA103: 0 | AB103: 0 | AC103: 0 | AD103: 0 | AE103: 0 | AF103: 0 | AG103: 0 | AH103: 1 | AI103: 0 | AJ103: 0 | AK103: 0 | AL103: 0 | AM103: 0 | AN103: 0 | AO103: 0 | AP103: 0 | AQ103: 0 | AR103: 0 | AS103: 0 | AT103: 0 | AU103: 0 | AV103: 0 | AW103: 0 | AX103: 0 | AY103: 0 | AZ103: 5 | BA103: 0 | BB103: 0 | BC103: 0 | BD103: 0 | BE103: 0
...

Sheet 2024
A1: 兒童及少年保護-施虐者身分別分Number of Persons Who Abuse Child and Youth by Identity
A2: 單位：人 Unit : Persons
A3: 民國113年, 2024 | D3: =IF(D8=SUM(D11,D14,D17,D20,D23,D26,D29,D32,D35,D38,D41,D44,D47,D50,D53,D56,D59,D62,D65,D68,D71,D74,),"","*") | E3: =IF(E8=SUM(E11,E14,E17,E20,E23,E26,E29,E32,E35,E38,E41,E44,E47,E50,E53,E56,E59,E62,E65,E68,E71,E74,),"","*") | F3: =IF(F8=SUM(F11,F14,F17,F20,F23,F26,F29,F32,F35,F38,F41,F44,F47,F50,F53,F56,F59,F62,F65,F68,F71,F74,),"","*") | G3: =IF(G8=SUM(G11,G14,G17,G20,G23,G26,G29,G32,G35,G38,G41,G44,G47,G50,G53,G56,G59,G62,G65,G68,G71,G74,),"","*") | H3: =IF(H8=SUM(H11,H14,H17,H20,H23,H26,H29,H32,H35,H38,H41,H44,H47,H50,H53,H56,H59,H62,H65,H68,H71,H74,),"","*") | I3: =IF(I8=SUM(I11,I14,I17,I20,I23,I26,I29,I32,I35,I38,I41,I44,I47,I50,I53,I56,I59,I62,I65,I68,I71,I74,),"","*") | J3: =IF(J8=SUM(J11,J14,J17,J20,J23,J26,J29,J32,J35,J38,J41,J44,J47,J50,J53,J56,J59,J62,J65,J68,J71,J74,),"","*") | K3: =IF(K8=SUM(K11,K14,K17,K20,K23,K26,K29,K32,K35,K38,K41,K44,K47,K50,K53,K56,K59,K62,K65,K68,K71,K74,),"","*") | ... AJ3: =IF(AJ8=SUM(AJ11,AJ14,AJ17,AJ20,AJ23,AJ26,AJ29,AJ32,AJ35,AJ38,AJ41,AJ44,AJ47,AJ50,AJ53,AJ56,AJ59,AJ62,AJ65,AJ68,AJ71,AJ74,),"","*")
A4: 區域及特殊族群別 Locality & Ethnos | D4: 總計 Total | H4: (養)父母 Parents (Foster Parents) | J4: 手足 Siblings | M4: (外)祖父母 Grandparents | P4: 其他親屬 Other Relatives | S4: 同居人 Cohabitants | V4: 教師 Teacher | Y4: 同學 Schoolmate | AB4: 保母 Babysitter | AE4: 其他 Others | AH4: 不詳 Unknown
D5: 合計 SubTotal | E5: 男 Male | F5: 女 Female | G5: 不詳 Unknown | H5: 男 Male | I5: 女 Female | J5: 男 Male | K5: 女 Female | L5: 不詳 Unknown | M5: 男 Male | N5: 女 Female | O5: 不詳 Unknown | P5: 男 Male | Q5: 女 Female | R5: 不詳 Unknown | S5: 男 Male | T5: 女 Female | U5: 不詳 Unknown | V5: 男 Male | W5: 女 Female | X5: 不詳 Unknown | Y5: 男 Male | Z5: 女 Female | AA5: 不詳 Unknown | AB5: 男 Male | AC5: 女 Female | AD5: 不詳 Unknown | AE5: 男 Male | AF5: 女 Female | AG5: 不詳 Unknown | AH5: 男 Male | AI5: 女 Female | AJ5: 不詳 Unknown
A7: 總計 | B7: 計 | C7: Total | D7: 10794 | E7: 7117 | F7: 3606 | G7: 71 | H7: 3473 | I7: 2748 | J7: 235 | K7: 59 | L7: 0 | M7: 145 | N7: 191 | O7: 0 | P7: 308 | Q7: 93 | R7: 0 | S7: 307 | T7: 66 | U7: 1 | V7: 110 | W7: 5 | X7: 0 | Y7: 256 | Z7: 52 | AA7: 0 | AB7: 1 | AC7: 13 | AD7: 0 | AE7: 1696 | AF7: 248 | AG7: 5 | AH7: 586 | AI7: 131 | AJ7: 65
A8: Total | B8: 一般 | C8: General | D8: 10124 | E8: 6684 | F8: 3370 | G8: 70 | H8: 3275 | I8: 2572 | J8: 214 | K8: 53 | L8: 0 | M8: 133 | N8: 176 | O8: 0 | P8: 257 | Q8: 84 | R8: 0 | S8: 287 | T8: 57 | U8: 1 | V8: 107 | W8: 5 | X8: 0 | Y8: 248 | Z8: 52 | AA8: 0 | AB8: 1 | AC8: 13 | AD8: 0 | AE8: 1621 | AF8: 232 | AG8: 5 | AH8: 541 | AI8: 126 | AJ8: 64
B9: 原住民 | C9: Indigenous | D9: 670 | E9: 433 | F9: 236 | G9: 1 | H9: 198 | I9: 176 | J9: 21 | K9: 6 | L9: 0 | M9: 12 | N9: 15 | O9: 0 | P9: 51 | Q9: 9 | R9: 0 | S9: 20 | T9: 9 | U9: 0 | V9: 3 | W9: 0 | X9: 0 | Y9: 8 | Z9: 0 | AA9: 0 | AB9: 0 | AC9: 0 | AD9: 0 | AE9: 75 | AF9: 16 | AG9: 0 | AH9: 45 | AI9: 5 | AJ9: 1
A10: 新北市 | B10: 計 | C10: Total | D10: 2225 | E10: 1575 | F10: 638 | G10: 12 | H10: 760 | I10: 513 | J10: 50 | K10: 12 | L10: 0 | M10: 30 | N10: 33 | O10: 0 | P10: 48 | Q10: 17 | R10: 0 | S10: 67 | T10: 12 | U10: 0 | V10: 37 | W10: 1 | X10: 0 | Y10: 47 | Z10: 8 | AA10: 0 | AB10: 0 | AC10: 2 | AD10: 0 | AE10: 423 | AF10: 26 | AG10: 1 | AH10: 113 | AI10: 14 | AJ10: 11
A11: New Taipei City | B11: 一般 | C11: General | D11: 2151 | E11: 1529 | F11: 610 | G11: 12 | H11: 739 | I11: 490 | J11: 50 | K11: 12 | L11: 0 | M11: 28 | N11: 33 | O11: 0 | P11: 40 | Q11: 15 | R11: 0 | S11: 63 | T11: 9 | U11: 0 | V11: 37 | W11: 1 | X11: 0 | Y11: 46 | Z11: 8 | AA11: 0 | AB11: 0 | AC11: 2 | AD11: 0 | AE11: 419 | AF11: 26 | AG11: 1 | AH11: 107 | AI11: 14 | AJ11: 11
B12: 原住民 | C12: Indigenous | D12: 74 | E12: 46 | F12: 28 | G12: 0 | H12: 21 | I12: 23 | J12: 0 | K12: 0 | L12: 0 | M12: 2 | N12: 0 | O12: 0 | P12: 8 | Q12: 2 | R12: 0 | S12: 4 | T12: 3 | U12: 0 | V12: 0 | W12: 0 | X12: 0 | Y12: 1 | Z12: 0 | AA12: 0 | AB12: 0 | AC12: 0 | AD12: 0 | AE12: 4 | AF12: 0 | AG12: 0 | AH12: 6 | AI12: 0 | AJ12: 0
A13: 臺北市 | B13: 計 | C13: Total | D13: 1074 | E13: 657 | F13: 412 | G13: 5 | H13: 368 | I13: 315 | J13: 24 | K13: 8 | L13: 0 | M13: 8 | N13: 27 | O13: 0 | P13: 25 | Q13: 11 | R13: 0 | S13: 21 | T13: 7 | U13: 0 | V13: 25 | W13: 0 | X13: 0 | Y13: 55 | Z13: 12 | AA13: 0 | AB13: 0 | AC13: 1 | AD13: 0 | AE13: 98 | AF13: 18 | AG13: 0 | AH13: 33 | AI13: 13 | AJ13: 5
A14: Taipei City | B14: 一般 | C14: General | D14: 1059 | E14: 650 | F14: 404 | G14: 5 | H14: 362 | I14: 309 | J14: 23 | K14: 8 | L14: 0 | M14: 8 | N14: 26 | O14: 0 | P14: 25 | Q14: 11 | R14: 0 | S14: 21 | T14: 7 | U14: 0 | V14: 25 | W14: 0 | X14: 0 | Y14: 55 | Z14: 12 | AA14: 0 | AB14: 0 | AC14: 1 | AD14: 0 | AE14: 98 | AF14: 17 | AG14: 0 | AH14: 33 | AI14: 13 | AJ14: 5
B15: 原住民 | C15: Indigenous | D15: 15 | E15: 7 | F15: 8 | G15: 0 | H15: 6 | I15: 6 | J15: 1 | K15: 0 | L15: 0 | M15: 0 | N15: 1 | O15: 0 | P15: 0 | Q15: 0 | R15: 0 | S15: 0 | T15: 0 | U15: 0 | V15: 0 | W15: 0 | X15: 0 | Y15: 0 | Z15: 0 | AA15: 0 | AB15: 0 | AC15: 0 | AD15: 0 | AE15: 0 | AF15: 1 | AG15: 0 | AH15: 0 | AI15: 0 | AJ15: 0
A16: 桃園市 | B16: 計 | C16: Total | D16: 1039 | E16: 691 | F16: 339 | G16: 9 | H16: 313 | I16: 223 | J16: 18 | K16: 6 | L16: 0 | M16: 10 | N16: 10 | O16: 0 | P16: 36 | Q16: 15 | R16: 0 | S16: 27 | T16: 7 | U16: 0 | V16: 2 | W16: 0 | X16: 0 | Y16: 29 | Z16: 11 | AA16: 0 | AB16: 0 | AC16: 1 | AD16: 0 | AE16: 167 | AF16: 45 | AG16: 2 | AH16: 89 | AI16: 21 | AJ16: 7
A17: Taoyuan City | B17: 一般 | C17: General | D17: 946 | E17: 632 | F17: 305 | G17: 9 | H17: 282 | I17: 205 | J17: 15 | K17: 5 | L17: 0 | M17: 8 | N17: 9 | O17: 0 | P17: 25 | Q17: 13 | R17: 0 | S17: 24 | T17: 5 | U17: 0 | V17: 2 | W17: 0 | X17: 0 | Y17: 29 | Z17: 11 | AA17: 0 | AB17: 0 | AC17: 1 | AD17: 0 | AE17: 163 | AF17: 35 | AG17: 2 | AH17: 84 | AI17: 21 | AJ17: 7
B18: 原住民 | C18: Indigenous | D18: 93 | E18: 59 | F18: 34 | G18: 0 | H18: 31 | I18: 18 | J18: 3 | K18: 1 | L18: 0 | M18: 2 | N18: 1 | O18: 0 | P18: 11 | Q18: 2 | R18: 0 | S18: 3 | T18: 2 | U18: 0 | V18: 0 | W18: 0 | X18: 0 | Y18: 0 | Z18: 0 | AA18: 0 | AB18: 0 | AC18: 0 | AD18: 0 | AE18: 4 | AF18: 10 | AG18: 0 | AH18: 5 | AI18: 0 | AJ18: 0
A19: 臺中市 | B19: 計 | C19: Total | D19: 1320 | E19: 896 | F19: 412 | G19: 12 | H19: 510 | I19: 345 | J19: 25 | K19: 3 | L19: 0 | M19: 23 | N19: 19 | O19: 0 | P19: 36 | Q19: 8 | R19: 0 | S19: 35 | T19: 5 | U19: 0 | V19: 7 | W19: 0 | X19: 0 | Y19: 27 | Z19: 0 | AA19: 0 | AB19: 0 | AC19: 2 | AD19: 0 | AE19: 179 | AF19: 21 | AG19: 0 | AH19: 54 | AI19: 9 | AJ19: 12
A20: Taichung City | B20: 一般 | C20: General | D20: 1256 | E20: 844 | F20: 400 | G20: 12 | H20: 494 | I20: 333 | J20: 19 | K20: 3 | L20: 0 | M20: 23 | N20: 19 | O20: 0 | P20: 33 | Q20: 8 | R20: 0 | S20: 35 | T20: 5 | U20: 0 | V20: 7 | W20: 0 | X20: 0 | Y20: 27 | Z20: 0 | AA20: 0 | AB20: 0 | AC20: 2 | AD20: 0 | AE20: 154 | AF20: 21 | AG20: 0 | AH20: 52 | AI20: 9 | AJ20: 12
B21: 原住民 | C21: Indigenous | D21: 64 | E21: 52 | F21: 12 | G21: 0 | H21: 16 | I21: 12 | J21: 6 | K21: 0 | L21: 0 | M21: 0 | N21: 0 | O21: 0 | P21: 3 | Q21: 0 | R21: 0 | S21: 0 | T21: 0 | U21: 0 | V21: 0 | W21: 0 | X21: 0 | Y21: 0 | Z21: 0 | AA21: 0 | AB21: 0 | AC21: 0 | AD21: 0 | AE21: 25 | AF21: 0 | AG21: 0 | AH21: 2 | AI21: 0 | AJ21: 0
A22: 臺南市 | B22: 計 | C22: Total | D22: 600 | E22: 358 | F22: 241 | G22: 1 | H22: 194 | I22: 201 | J22: 5 | K22: 2 | L22: 0 | M22: 4 | N22: 16 | O22: 0 | P22: 13 | Q22: 4 | R22: 0 | S22: 27 | T22: 9 | U22: 1 | V22: 8 | W22: 0 | X22: 0 | Y22: 7 | Z22: 1 | AA22: 0 | AB22: 1 | AC22: 1 | AD22: 0 | AE22: 90 | AF22: 4 | AG22: 0 | AH22: 9 | AI22: 3 | AJ22: 0
A23: Tainan City | B23: 一般 | C23: General | D23: 577 | E23: 338 | F23: 238 | G23: 1 | H23: 182 | I23: 198 | J23: 5 | K23: 2 | L23: 0 | M23: 3 | N23: 16 | O23: 0 | P23: 10 | Q23: 4 | R23: 0 | S23: 26 | T23: 9 | U23: 1 | V23: 8 | W23: 0 | X23: 0 | Y23: 7 | Z23: 1 | AA23: 0 | AB23: 1 | AC23: 1 | AD23: 0 | AE23: 87 | AF23: 4 | AG23: 0 | AH23: 9 | AI23: 3 | AJ23: 0
B24: 原住民 | C24: Indigenous | D24: 23 | E24: 20 | F24: 3 | G24: 0 | H24: 12 | I24: 3 | J24: 0 | K24: 0 | L24: 0 | M24: 1 | N24: 0 | O24: 0 | P24: 3 | Q24: 0 | R24: 0 | S24: 1 | T24: 0 | U24: 0 | V24: 0 | W24: 0 | X24: 0 | Y24: 0 | Z24: 0 | AA24: 0 | AB24: 0 | AC24: 0 | AD24: 0 | AE24: 3 | AF24: 0 | AG24: 0 | AH24: 0 | AI24: 0 | AJ24: 0
A25: 高雄市 | B25: 計 | C25: Total | D25: 1175 | E25: 728 | F25: 432 | G25: 15 | H25: 364 | I25: 335 | J25: 27 | K25: 7 | L25: 0 | M25: 15 | N25: 22 | O25: 0 | P25: 35 | Q25: 10 | R25: 0 | S25: 35 | T25: 9 | U25: 0 | V25: 10 | W25: 1 | X25: 0 | Y25: 14 | Z25: 6 | AA25: 0 | AB25: 0 | AC25: 5 | AD25: 0 | AE25: 156 | AF25: 27 | AG25: 1 | AH25: 72 | AI25: 10 | AJ25: 14
A26: Kaohsiung City | B26: 一般 | C26: General | D26: 1134 | E26: 702 | F26: 417 | G26: 15 | H26: 354 | I26: 323 | J26: 26 | K26: 6 | L26: 0 | M26: 14 | N26: 22 | O26: 0 | P26: 33 | Q26: 10 | R26: 0 | S26: 35 | T26: 8 | U26: 0 | V26: 7 | W26: 1 | X26: 0 | Y26: 14 | Z26: 6 | AA26: 0 | AB26: 0 | AC26: 5 | AD26: 0 | AE26: 153 | AF26: 26 | AG26: 1 | AH26: 66 | AI26: 10 | AJ26: 14
B27: 原住民 | C27: Indigenous | D27: 41 | E27: 26 | F27: 15 | G27: 0 | H27: 10 | I27: 12 | J27: 1 | K27: 1 | L27: 0 | M27: 1 | N27: 0 | O27: 0 | P27: 2 | Q27: 0 | R27: 0 | S27: 0 | T27: 1 | U27: 0 | V27: 3 | W27: 0 | X27: 0 | Y27: 0 | Z27: 0 | AA27: 0 | AB27: 0 | AC27: 0 | AD27: 0 | AE27: 3 | AF27: 1 | AG27: 0 | AH27: 6 | AI27: 0 | AJ27: 0
A28: 宜蘭縣 | B28: 計 | C28: Total | D28: 141 | E28: 101 | F28: 40 | G28: 0 | H28: 35 | I28: 26 | J28: 4 | K28: 1 | L28: 0 | M28: 3 | N28: 4 | O28: 0 | P28: 6 | Q28: 1 | R28: 0 | S28: 7 | T28: 0 | U28: 0 | V28: 2 | W28: 0 | X28: 0 | Y28: 1 | Z28: 0 | AA28: 0 | AB28: 0 | AC28: 0 | AD28: 0 | AE28: 36 | AF28: 7 | AG28: 0 | AH28: 7 | AI28: 1 | AJ28: 0
A29: Yilan County | B29: 一般 | C29: General | D29: 137 | E29: 99 | F29: 38 | G29: 0 | H29: 35 | I29: 25 | J29: 4 | K29: 1 | L29: 0 | M29: 3 | N29: 4 | O29: 0 | P29: 5 | Q29: 1 | R29: 0 | S29: 7 | T29: 0 | U29: 0 | V29: 2 | W29: 0 | X29: 0 | Y29: 1 | Z29: 0 | AA29: 0 | AB29: 0 | AC29: 0 | AD29: 0 | AE29: 35 | AF29: 6 | AG29: 0 | AH29: 7 | AI29: 1 | AJ29: 0
B30: 原住民 | C30: Indigenous | D30: 4 | E30: 2 | F30: 2 | G30: 0 | H30: 0 | I30: 1 | J30: 0 | K30: 0 | L30: 0 | M30: 0 | N30: 0 | O30: 0 | P30: 1 | Q30: 0 | R30: 0 | S30: 0 | T30: 0 | U30: 0 | V30: 0 | W30: 0 | X30: 0 | Y30: 0 | Z30: 0 | AA30: 0 | AB30: 0 | AC30: 0 | AD30: 0 | AE30: 1 | AF30: 1 | AG30: 0 | AH30: 0 | AI30: 0 | AJ30: 0
A31: 新竹縣 | B31: 計 | C31: Total | D31: 372 | E31: 233 | F31: 136 | G31: 3 | H31: 113 | I31: 109 | J31: 11 | K31: 3 | L31: 0 | M31: 9 | N31: 9 | O31: 0 | P31: 11 | Q31: 4 | R31: 0 | S31: 15 | T31: 0 | U31: 0 | V31: 1 | W31: 1 | X31: 0 | Y31: 10 | Z31: 2 | AA31: 0 | AB31: 0 | AC31: 1 | AD31: 0 | AE31: 30 | AF31: 2 | AG31: 0 | AH31: 33 | AI31: 5 | AJ31: 3
A32: Hsinchu County | B32: 一般 | C32: General | D32: 325 | E32: 206 | F32: 116 | G32: 3 | H32: 103 | I32: 91 | J32: 9 | K32: 3 | L32: 0 | M32: 6 | N32: 8 | O32: 0 | P32: 10 | Q32: 4 | R32: 0 | S32: 8 | T32: 0 | U32: 0 | V32: 1 | W32: 1 | X32: 0 | Y32: 9 | Z32: 2 | AA32: 0 | AB32: 0 | AC32: 1 | AD32: 0 | AE32: 29 | AF32: 1 | AG32: 0 | AH32: 31 | AI32: 5 | AJ32: 3
B33: 原住民 | C33: Indigenous | D33: 47 | E33: 27 | F33: 20 | G33: 0 | H33: 10 | I33: 18 | J33: 2 | K33: 0 | L33: 0 | M33: 3 | N33: 1 | O33: 0 | P33: 1 | Q33: 0 | R33: 0 | S33: 7 | T33: 0 | U33: 0 | V33: 0 | W33: 0 | X33: 0 | Y33: 1 | Z33: 0 | AA33: 0 | AB33: 0 | AC33: 0 | AD33: 0 | AE33: 1 | AF33: 1 | AG33: 0 | AH33: 2 | AI33: 0 | AJ33: 0
A34: 苗栗縣 | B34: 計 | C34: Total | D34: 159 | E34: 125 | F34: 34 | G34: 0 | H34: 45 | I34: 28 | J34: 6 | K34: 0 | L34: 0 | M34: 2 | N34: 3 | O34: 0 | P34: 8 | Q34: 1 | R34: 0 | S34: 7 | T34: 0 | U34: 0 | V34: 2 | W34: 0 | X34: 0 | Y34: 7 | Z34: 0 | AA34: 0 | AB34: 0 | AC34: 0 | AD34: 0 | AE34: 47 | AF34: 2 | AG34: 0 | AH34: 1 | AI34: 0 | AJ34: 0
A35: Miaoli County | B35: 一般 | C35: General | D35: 153 | E35: 120 | F35: 33 | G35: 0 | H35: 42 | I35: 27 | J35: 6 | K35: 0 | L35: 0 | M35: 2 | N35: 3 | O35: 0 | P35: 8 | Q35: 1 | R35: 0 | S35: 7 | T35: 0 | U35: 0 | V35: 2 | W35: 0 | X35: 0 | Y35: 7 | Z35: 0 | AA35: 0 | AB35: 0 | AC35: 0 | AD35: 0 | AE35: 45 | AF35: 2 | AG35: 0 | AH35: 1 | AI35: 0 | AJ35: 0
B36: 原住民 | C36: Indigenous | D36: 6 | E36: 5 | F36: 1 | G36: 0 | H36: 3 | I36: 1 | J36: 0 | K36: 0 | L36: 0 | M36: 0 | N36: 0 | O36: 0 | P36: 0 | Q36: 0 | R36: 0 | S36: 0 | T36: 0 | U36: 0 | V36: 0 | W36: 0 | X36: 0 | Y36: 0 | Z36: 0 | AA36: 0 | AB36: 0 | AC36: 0 | AD36: 0 | AE36: 2 | AF36: 0 | AG36: 0 | AH36: 0 | AI36: 0 | AJ36: 0
A37: 彰化縣 | B37: 計 | C37: Total | D37: 559 | E37: 330 | F37: 226 | G37: 3 | H37: 153 | I37: 154 | J37: 22 | K37: 6 | L37: 0 | M37: 10 | N37: 10 | O37: 0 | P37: 16 | Q37: 4 | R37: 0 | S37: 12 | T37: 3 | U37: 0 | V37: 2 | W37: 0 | X37: 0 | Y37: 8 | Z37: 2 | AA37: 0 | AB37: 0 | AC37: 0 | AD37: 0 | AE37: 94 | AF37: 31 | AG37: 0 | AH37: 13 | AI37: 16 | AJ37: 3
A38: Changhua County | B38: 一般 | C38: General | D38: 535 | E38: 322 | F38: 210 | G38: 3 | H38: 148 | I38: 140 | J38: 21 | K38: 6 | L38: 0 | M38: 9 | N38: 9 | O38: 0 | P38: 15 | Q38: 3 | R38: 0 | S38: 12 | T38: 3 | U38: 0 | V38: 2 | W38: 0 | X38: 0 | Y38: 8 | Z38: 2 | AA38: 0 | AB38: 0 | AC38: 0 | AD38: 0 | AE38: 94 | AF38: 31 | AG38: 0 | AH38: 13 | AI38: 16 | AJ38: 3
B39: 原住民 | C39: Indigenous | D39: 24 | E39: 8 | F39: 16 | G39: 0 | H39: 5 | I39: 14 | J39: 1 | K39: 0 | L39: 0 | M39: 1 | N39: 1 | O39: 0 | P39: 1 | Q39: 1 | R39: 0 | S39: 0 | T39: 0 | U39: 0 | V39: 0 | W39: 0 | X39: 0 | Y39: 0 | Z39: 0 | AA39: 0 | AB39: 0 | AC39: 0 | AD39: 0 | AE39: 0 | AF39: 0 | AG39: 0 | AH39: 0 | AI39: 0 | AJ39: 0
A40: 南投縣 | B40: 計 | C40: Total | D40: 212 | E40: 148 | F40: 63 | G40: 1 | H40: 65 | I40: 55 | J40: 3 | K40: 0 | L40: 0 | M40: 2 | N40: 3 | O40: 0 | P40: 5 | Q40: 1 | R40: 0 | S40: 4 | T40: 2 | U40: 0 | V40: 1 | W40: 0 | X40: 0 | Y40: 0 | Z40: 0 | AA40: 0 | AB40: 0 | AC40: 0 | AD40: 0 | AE40: 23 | AF40: 1 | AG40: 1 | AH40: 45 | AI40: 1 | AJ40: 0
A41: Nantou County | B41: 一般 | C41: General | D41: 185 | E41: 128 | F41: 56 | G41: 1 | H41: 60 | I41: 48 | J41: 3 | K41: 0 | L41: 0 | M41: 2 | N41: 3 | O41: 0 | P41: 4 | Q41: 1 | R41: 0 | S41: 4 | T41: 2 | U41: 0 | V41: 1 | W41: 0 | X41: 0 | Y41: 0 | Z41: 0 | AA41: 0 | AB41: 0 | AC41: 0 | AD41: 0 | AE41: 20 | AF41: 1 | AG41: 1 | AH41: 34 | AI41: 1 | AJ41: 0
B42: 原住民 | C42: Indigenous | D42: 27 | E42: 20 | F42: 7 | G42: 0 | H42: 5 | I42: 7 | J42: 0 | K42: 0 | L42: 0 | M42: 0 | N42: 0 | O42: 0 | P42: 1 | Q42: 0 | R42: 0 | S42: 0 | T42: 0 | U42: 0 | V42: 0 | W42: 0 | X42: 0 | Y42: 0 | Z42: 0 | AA42: 0 | AB42: 0 | AC42: 0 | AD42: 0 | AE42: 3 | AF42: 0 | AG42: 0 | AH42: 11 | AI42: 0 | AJ42: 0
A43: 雲林縣 | B43: 計 | C43: Total | D43: 296 | E43: 216 | F43: 80 | G43: 0 | H43: 94 | I43: 54 | J43: 3 | K43: 1 | L43: 0 | M43: 2 | N43: 4 | O43: 0 | P43: 13 | Q43: 2 | R43: 0 | S43: 5 | T43: 1 | U43: 0 | V43: 1 | W43: 0 | X43: 0 | Y43: 19 | Z43: 4 | AA43: 0 | AB43: 0 | AC43: 0 | AD43: 0 | AE43: 68 | AF43: 11 | AG43: 0 | AH43: 11 | AI43: 3 | AJ43: 0
A44: Yunlin County | B44: 一般 | C44: General | D44: 291 | E44: 215 | F44: 76 | G44: 0 | H44: 94 | I44: 50 | J44: 2 | K44: 1 | L44: 0 | M44: 2 | N44: 4 | O44: 0 | P44: 13 | Q44: 2 | R44: 0 | S44: 5 | T44: 1 | U44: 0 | V44: 1 | W44: 0 | X44: 0 | Y44: 19 | Z44: 4 | AA44: 0 | AB44: 0 | AC44: 0 | AD44: 0 | AE44: 68 | AF44: 11 | AG44: 0 | AH44: 11 | AI44: 3 | AJ44: 0
B45: 原住民 | C45: Indigenous | D45: 5 | E45: 1 | F45: 4 | G45: 0 | H45: 0 | I45: 4 | J45: 1 | K45: 0 | L45: 0 | M45: 0 | N45: 0 | O45: 0 | P45: 0 | Q45: 0 | R45: 0 | S45: 0 | T45: 0 | U45: 0 | V45: 0 | W45: 0 | X45: 0 | Y45: 0 | Z45: 0 | AA45: 0 | AB45: 0 | AC45: 0 | AD45: 0 | AE45: 0 | AF45: 0 | AG45: 0 | AH45: 0 | AI45: 0 | AJ45: 0
A46: 嘉義縣 | B46: 計 | C46: Total | D46: 199 | E46: 120 | F46: 79 | G46: 0 | H46: 65 | I46: 49 | J46: 3 | K46: 1 | L46: 0 | M46: 3 | N46: 9 | O46: 0 | P46: 3 | Q46: 5 | R46: 0 | S46: 7 | T46: 4 | U46: 0 | V46: 4 | W46: 0 | X46: 0 | Y46: 5 | Z46: 4 | AA46: 0 | AB46: 0 | AC46: 0 | AD46: 0 | AE46: 30 | AF46: 7 | AG46: 0 | AH46: 0 | AI46: 0 | AJ46: 0
A47: Chiayi County | B47: 一般 | C47: General | D47: 189 | E47: 118 | F47: 71 | G47: 0 | H47: 64 | I47: 46 | J47: 3 | K47: 1 | L47: 0 | M47: 3 | N47: 6 | O47: 0 | P47: 3 | Q47: 3 | R47: 0 | S47: 7 | T47: 4 | U47: 0 | V47: 4 | W47: 0 | X47: 0 | Y47: 4 | Z47: 4 | AA47: 0 | AB47: 0 | AC47: 0 | AD47: 0 | AE47: 30 | AF47: 7 | AG47: 0 | AH47: 0 | AI47: 0 | AJ47: 0
B48: 原住民 | C48: Indigenous | D48: 10 | E48: 2 | F48: 8 | G48: 0 | H48: 1 | I48: 3 | J48: 0 | K48: 0 | L48: 0 | M48: 0 | N48: 3 | O48: 0 | P48: 0 | Q48: 2 | R48: 0 | S48: 0 | T48: 0 | U48: 0 | V48: 0 | W48: 0 | X48: 0 | Y48: 1 | Z48: 0 | AA48: 0 | AB48: 0 | AC48: 0 | AD48: 0 | AE48: 0 | AF48: 0 | AG48: 0 | AH48: 0 | AI48: 0 | AJ48: 0
A49: 屏東縣 | B49: 計 | C49: Total | D49: 370 | E49: 263 | F49: 106 | G49: 1 | H49: 134 | I49: 88 | J49: 14 | K49: 3 | L49: 0 | M49: 5 | N49: 5 | O49: 0 | P49: 13 | Q49: 3 | R49: 0 | S49: 9 | T49: 4 | U49: 0 | V49: 4 | W49: 0 | X49: 0 | Y49: 1 | Z49: 0 | AA49: 0 | AB49: 0 | AC49: 0 | AD49: 0 | AE49: 54 | AF49: 2 | AG49: 0 | AH49: 29 | AI49: 1 | AJ49: 1
A50: Pingtung County | B50: 一般 | C50: General | D50: 328 | E50: 232 | F50: 95 | G50: 1 | H50: 115 | I50: 80 | J50: 14 | K50: 3 | L50: 0 | M50: 5 | N50: 5 | O50: 0 | P50: 9 | Q50: 2 | R50: 0 | S50: 7 | T50: 2 | U50: 0 | V50: 4 | W50: 0 | X50: 0 | Y50: 1 | Z50: 0 | AA50: 0 | AB50: 0 | AC50: 0 | AD50: 0 | AE50: 51 | AF50: 2 | AG50: 0 | AH50: 26 | AI50: 1 | AJ50: 1
B51: 原住民 | C51: Indigenous | D51: 42 | E51: 31 | F51: 11 | G51: 0 | H51: 19 | I51: 8 | J51: 0 | K51: 0 | L51: 0 | M51: 0 | N51: 0 | O51: 0 | P51: 4 | Q51: 1 | R51: 0 | S51: 2 | T51: 2 | U51: 0 | V51: 0 | W51: 0 | X51: 0 | Y51: 0 | Z51: 0 | AA51: 0 | AB51: 0 | AC51: 0 | AD51: 0 | AE51: 3 | AF51: 0 | AG51: 0 | AH51: 3 | AI51: 0 | AJ51: 0
A52: 臺東縣 | B52: 計 | C52: Total | D52: 102 | E52: 72 | F52: 29 | G52: 1 | H52: 22 | I52: 18 | J52: 5 | K52: 3 | L52: 0 | M52: 1 | N52: 1 | O52: 0 | P52: 4 | Q52: 1 | R52: 0 | S52: 1 | T52: 0 | U52: 0 | V52: 2 | W52: 0 | X52: 0 | Y52: 2 | Z52: 0 | AA52: 0 | AB52: 0 | AC52: 0 | AD52: 0 | AE52: 16 | AF52: 1 | AG52: 0 | AH52: 19 | AI52: 5 | AJ52: 1
A53: Taitung County | B53: 一般 | C53: General | D53: 56 | E53: 46 | F53: 10 | G53: 0 | H53: 15 | I53: 8 | J53: 3 | K53: 0 | L53: 0 | M53: 0 | N53: 0 | O53: 0 | P53: 3 | Q53: 1 | R53: 0 | S53: 1 | T53: 0 | U53: 0 | V53: 2 | W53: 0 | X53: 0 | Y53: 0 | Z53: 0 | AA53: 0 | AB53: 0 | AC53: 0 | AD53: 0 | AE53: 11 | AF53: 1 | AG53: 0 | AH53: 11 | AI53: 0 | AJ53: 0
B54: 原住民 | C54: Indigenous | D54: 46 | E54: 26 | F54: 19 | G54: 1 | H54: 7 | I54: 10 | J54: 2 | K54: 3 | L54: 0 | M54: 1 | N54: 1 | O54: 0 | P54: 1 | Q54: 0 | R54: 0 | S54: 0 | T54: 0 | U54: 0 | V54: 0 | W54: 0 | X54: 0 | Y54: 2 | Z54: 0 | AA54: 0 | AB54: 0 | AC54: 0 | AD54: 0 | AE54: 5 | AF54: 0 | AG54: 0 | AH54: 8 | AI54: 5 | AJ54: 1
A55: 花蓮縣 | B55: 計 | C55: Total | D55: 301 | E55: 213 | F55: 88 | G55: 0 | H55: 91 | I55: 69 | J55: 5 | K55: 1 | L55: 0 | M55: 3 | N55: 8 | O55: 0 | P55: 18 | Q55: 1 | R55: 0 | S55: 13 | T55: 3 | U55: 0 | V55: 0 | W55: 0 | X55: 0 | Y55: 6 | Z55: 0 | AA55: 0 | AB55: 0 | AC55: 0 | AD55: 0 | AE55: 77 | AF55: 6 | AG55: 0 | AH55: 0 | AI55: 0 | AJ55: 0
A56: Hualien County | B56: 一般 | C56: General | D56: 165 | E56: 123 | F56: 42 | G56: 0 | H56: 43 | I56: 34 | J56: 1 | K56: 0 | L56: 0 | M56: 2 | N56: 1 | O56: 0 | P56: 6 | Q56: 0 | R56: 0 | S56: 10 | T56: 2 | U56: 0 | V56: 0 | W56: 0 | X56: 0 | Y56: 3 | Z56: 0 | AA56: 0 | AB56: 0 | AC56: 0 | AD56: 0 | AE56: 58 | AF56: 5 | AG56: 0 | AH56: 0 | AI56: 0 | AJ56: 0
B57: 原住民 | C57: Indigenous | D57: 136 | E57: 90 | F57: 46 | G57: 0 | H57: 48 | I57: 35 | J57: 4 | K57: 1 | L57: 0 | M57: 1 | N57: 7 | O57: 0 | P57: 12 | Q57: 1 | R57: 0 | S57: 3 | T57: 1 | U57: 0 | V57: 0 | W57: 0 | X57: 0 | Y57: 3 | Z57: 0 | AA57: 0 | AB57: 0 | AC57: 0 | AD57: 0 | AE57: 19 | AF57: 1 | AG57: 0 | AH57: 0 | AI57: 0 | AJ57: 0
A58: 澎湖縣 | B58: 計 | C58: Total | D58: 31 | E58: 27 | F58: 3 | G58: 1 | H58: 5 | I58: 2 | J58: 3 | K58: 0 | L58: 0 | M58: 1 | N58: 1 | O58: 0 | P58: 1 | Q58: 0 | R58: 0 | S58: 2 | T58: 0 | U58: 0 | V58: 0 | W58: 0 | X58: 0 | Y58: 3 | Z58: 0 | AA58: 0 | AB58: 0 | AC58: 0 | AD58: 0 | AE58: 9 | AF58: 0 | AG58: 0 | AH58: 3 | AI58: 0 | AJ58: 1
A59: Penghu County | B59: 一般 | C59: General | D59: 31 | E59: 27 | F59: 3 | G59: 1 | H59: 5 | I59: 2 | J59: 3 | K59: 0 | L59: 0 | M59: 1 | N59: 1 | O59: 0 | P59: 1 | Q59: 0 | R59: 0 | S59: 2 | T59: 0 | U59: 0 | V59: 0 | W59: 0 | X59: 0 | Y59: 3 | Z59: 0 | AA59: 0 | AB59: 0 | AC59: 0 | AD59: 0 | AE59: 9 | AF59: 0 | AG59: 0 | AH59: 3 | AI59: 0 | AJ59: 1
B60: 原住民 | C60: Indigenous | D60: 0 | E60: 0 | F60: 0 | G60: 0 | H60: 0 | I60: 0 | J60: 0 | K60: 0 | L60: 0 | M60: 0 | N60: 0 | O60: 0 | P60: 0 | Q60: 0 | R60: 0 | S60: 0 | T60: 0 | U60: 0 | V60: 0 | W60: 0 | X60: 0 | Y60: 0 | Z60: 0 | AA60: 0 | AB60: 0 | AC60: 0 | AD60: 0 | AE60: 0 | AF60: 0 | AG60: 0 | AH60: 0 | AI60: 0 | AJ60: 0
A61: 基隆市 | B61: 計 | C61: Total | D61: 149 | E61: 105 | F61: 44 | G61: 0 | H61: 44 | I61: 33 | J61: 1 | K61: 1 | L61: 0 | M61: 5 | N61: 3 | O61: 0 | P61: 8 | Q61: 2 | R61: 0 | S61: 1 | T61: 0 | U61: 0 | V61: 1 | W61: 0 | X61: 0 | Y61: 8 | Z61: 0 | AA61: 0 | AB61: 0 | AC61: 0 | AD61: 0 | AE61: 31 | AF61: 3 | AG61: 0 | AH61: 6 | AI61: 2 | AJ61: 0
A62: Keelung City | B62: 一般 | C62: General | D62: 141 | E62: 98 | F62: 43 | G62: 0 | H62: 41 | I62: 32 | J62: 1 | K62: 1 | L62: 0 | M62: 5 | N62: 3 | O62: 0 | P62: 6 | Q62: 2 | R62: 0 | S62: 1 | T62: 0 | U62: 0 | V62: 1 | W62: 0 | X62: 0 | Y62: 8 | Z62: 0 | AA62: 0 | AB62: 0 | AC62: 0 | AD62: 0 | AE62: 29 | AF62: 3 | AG62: 0 | AH62: 6 | AI62: 2 | AJ62: 0
B63: 原住民 | C63: Indigenous | D63: 8 | E63: 7 | F63: 1 | G63: 0 | H63: 3 | I63: 1 | J63: 0 | K63: 0 | L63: 0 | M63: 0 | N63: 0 | O63: 0 | P63: 2 | Q63: 0 | R63: 0 | S63: 0 | T63: 0 | U63: 0 | V63: 0 | W63: 0 | X63: 0 | Y63: 0 | Z63: 0 | AA63: 0 | AB63: 0 | AC63: 0 | AD63: 0 | AE63: 2 | AF63: 0 | AG63: 0 | AH63: 0 | AI63: 0 | AJ63: 0
A64: 新竹市 | B64: 計 | C64: Total | D64: 224 | E64: 124 | F64: 96 | G64: 4 | H64: 58 | I64: 70 | J64: 4 | K64: 1 | L64: 0 | M64: 4 | N64: 3 | O64: 0 | P64: 4 | Q64: 3 | R64: 0 | S64: 6 | T64: 0 | U64: 0 | V64: 0 | W64: 0 | X64: 0 | Y64: 2 | Z64: 2 | AA64: 0 | AB64: 0 | AC64: 0 | AD64: 0 | AE64: 20 | AF64: 8 | AG64: 0 | AH64: 26 | AI64: 9 | AJ64: 4
A65: Hsinchu City | B65: 一般 | C65: General | D65: 221 | E65: 122 | F65: 95 | G65: 4 | H65: 58 | I65: 70 | J65: 4 | K65: 1 | L65: 0 | M65: 4 | N65: 3 | O65: 0 | P65: 3 | Q65: 3 | R65: 0 | S65: 6 | T65: 0 | U65: 0 | V65: 0 | W65: 0 | X65: 0 | Y65: 2 | Z65: 2 | AA65: 0 | AB65: 0 | AC65: 0 | AD65: 0 | AE65: 20 | AF65: 7 | AG65: 0 | AH65: 25 | AI65: 9 | AJ65: 4
B66: 原住民 | C66: Indigenous | D66: 3 | E66: 2 | F66: 1 | G66: 0 | H66: 0 | I66: 0 | J66: 0 | K66: 0 | L66: 0 | M66: 0 | N66: 0 | O66: 0 | P66: 1 | Q66: 0 | R66: 0 | S66: 0 | T66: 0 | U66: 0 | V66: 0 | W66: 0 | X66: 0 | Y66: 0 | Z66: 0 | AA66: 0 | AB66: 0 | AC66: 0 | AD66: 0 | AE66: 0 | AF66: 1 | AG66: 0 | AH66: 1 | AI66: 0 | AJ66: 0
A67: 嘉義市 | B67: 計 | C67: Total | D67: 183 | E67: 104 | F67: 77 | G67: 2 | H67: 22 | I67: 35 | J67: 1 | K67: 0 | L67: 0 | M67: 3 | N67: 1 | O67: 0 | P67: 5 | Q67: 0 | R67: 0 | S67: 6 | T67: 0 | U67: 0 | V67: 1 | W67: 0 | X67: 0 | Y67: 3 | Z67: 0 | AA67: 0 | AB67: 0 | AC67: 0 | AD67: 0 | AE67: 47 | AF67: 24 | AG67: 0 | AH67: 16 | AI67: 17 | AJ67: 2
A68: Chiayi City | B68: 一般 | C68: General | D68: 183 | E68: 104 | F68: 77 | G68: 2 | H68: 22 | I68: 35 | J68: 1 | K68: 0 | L68: 0 | M68: 3 | N68: 1 | O68: 0 | P68: 5 | Q68: 0 | R68: 0 | S68: 6 | T68: 0 | U68: 0 | V68: 1 | W68: 0 | X68: 0 | Y68: 3 | Z68: 0 | AA68: 0 | AB68: 0 | AC68: 0 | AD68: 0 | AE68: 47 | AF68: 24 | AG68: 0 | AH68: 16 | AI68: 17 | AJ68: 2
B69: 原住民 | C69: Indigenous | D69: 0 | E69: 0 | F69: 0 | G69: 0 | H69: 0 | I69: 0 | J69: 0 | K69: 0 | L69: 0 | M69: 0 | N69: 0 | O69: 0 | P69: 0 | Q69: 0 | R69: 0 | S69: 0 | T69: 0 | U69: 0 | V69: 0 | W69: 0 | X69: 0 | Y69: 0 | Z69: 0 | AA69: 0 | AB69: 0 | AC69: 0 | AD69: 0 | AE69: 0 | AF69: 0 | AG69: 0 | AH69: 0 | AI69: 0 | AJ69: 0
A70: 金門縣 | B70: 計 | C70: Total | D70: 50 | E70: 24 | F70: 25 | G70: 1 | H70: 13 | I70: 20 | J70: 1 | K70: 0 | L70: 0 | M70: 2 | N70: 0 | O70: 0 | P70: 0 | Q70: 0 | R70: 0 | S70: 0 | T70: 0 | U70: 0 | V70: 0 | W70: 2 | X70: 0 | Y70: 2 | Z70: 0 | AA70: 0 | AB70: 0 | AC70: 0 | AD70: 0 | AE70: 1 | AF70: 2 | AG70: 0 | AH70: 5 | AI70: 1 | AJ70: 1
A71: Kinmen County | B71: 一般 | C71: General | D71: 49 | E71: 23 | F71: 25 | G71: 1 | H71: 13 | I71: 20 | J71: 1 | K71: 0 | L71: 0 | M71: 2 | N71: 0 | O71: 0 | P71: 0 | Q71: 0 | R71: 0 | S71: 0 | T71: 0 | U71: 0 | V71: 0 | W71: 2 | X71: 0 | Y71: 2 | Z71: 0 | AA71: 0 | AB71: 0 | AC71: 0 | AD71: 0 | AE71: 1 | AF71: 2 | AG71: 0 | AH71: 4 | AI71: 1 | AJ71: 1
B72: 原住民 | C72: Indigenous | D72: 1 | E72: 1 | F72: 0 | G72: 0 | H72: 0 | I72: 0 | J72: 0 | K72: 0 | L72: 0 | M72: 0 | N72: 0 | O72: 0 | P72: 0 | Q72: 0 | R72: 0 | S72: 0 | T72: 0 | U72: 0 | V72: 0 | W72: 0 | X72: 0 | Y72: 0 | Z72: 0 | AA72: 0 | AB72: 0 | AC72: 0 | AD72: 0 | AE72: 0 | AF72: 0 | AG72: 0 | AH72: 1 | AI72: 0 | AJ72: 0
A73: 連江縣 | B73: 計 | C73: Total | D73: 13 | E73: 7 | F73: 6 | G73: 0 | H73: 5 | I73: 6 | J73: 0 | K73: 0 | L73: 0 | M73: 0 | N73: 0 | O73: 0 | P73: 0 | Q73: 0 | R73: 0 | S73: 0 | T73: 0 | U73: 0 | V73: 0 | W73: 0 | X73: 0 | Y73: 0 | Z73: 0 | AA73: 0 | AB73: 0 | AC73: 0 | AD73: 0 | AE73: 0 | AF73: 0 | AG73: 0 | AH73: 2 | AI73: 0 | AJ73: 0
A74: Lienchiang County | B74: 一般 | C74: General | D74: 12 | E74: 6 | F74: 6 | G74: 0 | H74: 4 | I74: 6 | J74: 0 | K74: 0 | L74: 0 | M74: 0 | N74: 0 | O74: 0 | P74: 0 | Q74: 0 | R74: 0 | S74: 0 | T74: 0 | U74: 0 | V74: 0 | W74: 0 | X74: 0 | Y74: 0 | Z74: 0 | AA74: 0 | AB74: 0 | AC74: 0 | AD74: 0 | AE74: 0 | AF74: 0 | AG74: 0 | AH74: 2 | AI74: 0 | AJ74: 0
B75: 原住民 | C75: Indigenous | D75: 1 | E75: 1 | F75: 0 | G75: 0 | H75: 1 | I75: 0 | J75: 0 | K75: 0 | L75: 0 | M75: 0 | N75: 0 | O75: 0 | P75: 0 | Q75: 0 | R75: 0 | S75: 0 | T75: 0 | U75: 0 | V75: 0 | W75: 0 | X75: 0 | Y75: 0 | Z75: 0 | AA75: 0 | AB75: 0 | AC75: 0 | AD75: 0 | AE75: 0 | AF75: 0 | AG75: 0 | AH75: 0 | AI75: 0 | AJ75: 0
A76: 資料來源：各直轄市、縣市政府。
A77: Source: County and Government.
A79: 更新日期：2025/03/31

Sheet July-Dec., 2024
A1: 兒童及少年保護-施虐者身分別分Number of Persons Who Abuse Child and Youth by Identity
A2: 單位：人 Unit : Persons
A3: 民國113年7-12月, July-Dec., 2024 | D3: =IF(D8=SUM(D11,D14,D17,D20,D23,D26,D29,D32,D35,D38,D41,D44,D47,D50,D53,D56,D59,D62,D65,D68,D71,D74,),"","*") | E3: =IF(E8=SUM(E11,E14,E17,E20,E23,E26,E29,E32,E35,E38,E41,E44,E47,E50,E53,E56,E59,E62,E65,E68,E71,E74,),"","*") | F3: =IF(F8=SUM(F11,F14,F17,F20,F23,F26,F29,F32,F35,F38,F41,F44,F47,F50,F53,F56,F59,F62,F65,F68,F71,F74,),"","*") | G3: =IF(G8=SUM(G11,G14,G17,G20,G23,G26,G29,G32,G35,G38,G41,G44,G47,G50,G53,G56,G59,G62,G65,G68,G71,G74,),"","*") | H3: =IF(H8=SUM(H11,H14,H17,H20,H23,H26,H29,H32,H35,H38,H41,H44,H47,H50,H53,H56,H59,H62,H65,H68,H71,H74,),"","*") | I3: =IF(I8=SUM(I11,I14,I17,I20,I23,I26,I29,I32,I35,I38,I41,I44,I47,I50,I53,I56,I59,I62,I65,I68,I71,I74,),"","*") | J3: =IF(J8=SUM(J11,J14,J17,J20,J23,J26,J29,J32,J35,J38,J41,J44,J47,J50,J53,J56,J59,J62,J65,J68,J71,J74,),"","*") | K3: =IF(K8=SUM(K11,K14,K17,K20,K23,K26,K29,K32,K35,K38,K41,K44,K47,K50,K53,K56,K59,K62,K65,K68,K71,K74,),"","*") | ... AJ3: =IF(AJ8=SUM(AJ11,AJ14,AJ17,AJ20,AJ23,AJ26,AJ29,AJ32,AJ35,AJ38,AJ41,AJ44,AJ47,AJ50,AJ53,AJ56,AJ59,AJ62,AJ65,AJ68,AJ71,AJ74,),"","*")
A4: 區域及特殊族群別 Locality & Ethnos | D4: 總計 Total | H4: (養)父母 Parents (Foster Parents) | J4: 手足 Siblings | M4: (外)祖父母 Grandparents | P4: 其他親屬 Other Relatives | S4: 同居人 Cohabitants | V4: 教師 Teacher | Y4: 同學 Schoolmate | AB4: 保母 Babysitter | AE4: 其他 Others | AH4: 不詳 Unknown
D5: 合計 SubTotal | E5: 男 Male | F5: 女 Female | G5: 不詳 Unknown | H5: 男 Male | I5: 女 Female | J5: 男 Male | K5: 女 Female | L5: 不詳 Unknown | M5: 男 Male | N5: 女 Female | O5: 不詳 Unknown | P5: 男 Male | Q5: 女 Female | R5: 不詳 Unknown | S5: 男 Male | T5: 女 Female | U5: 不詳 Unknown | V5: 男 Male | W5: 女 Female | X5: 不詳 Unknown | Y5: 男 Male | Z5: 女 Female | AA5: 不詳 Unknown | AB5: 男 Male | AC5: 女 Female | AD5: 不詳 Unknown | AE5: 男 Male | AF5: 女 Female | AG5: 不詳 Unknown | AH5: 男 Male | AI5: 女 Female | AJ5: 不詳 Unknown
A7: 總計 | B7: 計 | C7: Total | D7: 5063 | E7: 3221 | F7: 1802 | G7: 40 | H7: 1605 | I7: 1383 | J7: 110 | K7: 27 | L7: 0 | M7: 64 | N7: 92 | O7: 0 | P7: 135 | Q7: 44 | R7: 0 | S7: 130 | T7: 30 | U7: 1 | V7: 62 | W7: 1 | X7: 0 | Y7: 114 | Z7: 20 | AA7: 0 | AB7: 1 | AC7: 4 | AD7: 0 | AE7: 727 | AF7: 111 | AG7: 2 | AH7: 273 | AI7: 90 | AJ7: 37
A8: Total | B8: 一般 | C8: General | D8: 4721 | E8: 3011 | F8: 1670 | G8: 40 | H8: 1506 | I8: 1286 | J8: 98 | K8: 23 | L8: 0 | M8: 58 | N8: 80 | O8: 0 | P8: 114 | Q8: 39 | R8: 0 | S8: 123 | T8: 26 | U8: 1 | V8: 62 | W8: 1 | X8: 0 | Y8: 111 | Z8: 20 | AA8: 0 | AB8: 1 | AC8: 4 | AD8: 0 | AE8: 684 | AF8: 101 | AG8: 2 | AH8: 254 | AI8: 90 | AJ8: 37
B9: 原住民 | C9: Indigenous | D9: 342 | E9: 210 | F9: 132 | G9: 0 | H9: 99 | I9: 97 | J9: 12 | K9: 4 | L9: 0 | M9: 6 | N9: 12 | O9: 0 | P9: 21 | Q9: 5 | R9: 0 | S9: 7 | T9: 4 | U9: 0 | V9: 0 | W9: 0 | X9: 0 | Y9: 3 | Z9: 0 | AA9: 0 | AB9: 0 | AC9: 0 | AD9: 0 | AE9: 43 | AF9: 10 | AG9: 0 | AH9: 19 | AI9: 0 | AJ9: 0
A10: 新北市 | B10: 計 | C10: Total | D10: 1032 | E10: 724 | F10: 306 | G10: 2 | H10: 362 | I10: 258 | J10: 25 | K10: 2 | L10: 0 | M10: 14 | N10: 15 | O10: 0 | P10: 21 | Q10: 9 | R10: 0 | S10: 22 | T10: 6 | U10: 0 | V10: 24 | W10: 1 | X10: 0 | Y10: 23 | Z10: 4 | AA10: 0 | AB10: 0 | AC10: 1 | AD10: 0 | AE10: 179 | AF10: 8 | AG10: 0 | AH10: 54 | AI10: 2 | AJ10: 2
A11: New Taipei City | B11: 一般 | C11: General | D11: 1008 | E11: 709 | F11: 297 | G11: 2 | H11: 353 | I11: 251 | J11: 25 | K11: 2 | L11: 0 | M11: 13 | N11: 15 | O11: 0 | P11: 18 | Q11: 9 | R11: 0 | S11: 22 | T11: 4 | U11: 0 | V11: 24 | W11: 1 | X11: 0 | Y11: 23 | Z11: 4 | AA11: 0 | AB11: 0 | AC11: 1 | AD11: 0 | AE11: 177 | AF11: 8 | AG11: 0 | AH11: 54 | AI11: 2 | AJ11: 2
B12: 原住民 | C12: Indigenous | D12: 24 | E12: 15 | F12: 9 | G12: 0 | H12: 9 | I12: 7 | J12: 0 | K12: 0 | L12: 0 | M12: 1 | N12: 0 | O12: 0 | P12: 3 | Q12: 0 | R12: 0 | S12: 0 | T12: 2 | U12: 0 | V12: 0 | W12: 0 | X12: 0 | Y12: 0 | Z12: 0 | AA12: 0 | AB12: 0 | AC12: 0 | AD12: 0 | AE12: 2 | AF12: 0 | AG12: 0 | AH12: 0 | AI12: 0 | AJ12: 0
A13: 臺北市 | B13: 計 | C13: Total | D13: 509 | E13: 298 | F13: 207 | G13: 4 | H13: 166 | I13: 158 | J13: 8 | K13: 5 | L13: 0 | M13: 4 | N13: 16 | O13: 0 | P13: 11 | Q13: 5 | R13: 0 | S13: 11 | T13: 4 | U13: 0 | V13: 15 | W13: 0 | X13: 0 | Y13: 30 | Z13: 5 | AA13: 0 | AB13: 0 | AC13: 0 | AD13: 0 | AE13: 44 | AF13: 5 | AG13: 0 | AH13: 9 | AI13: 9 | AJ13: 4
A14: Taipei City | B14: 一般 | C14: General | D14: 506 | E14: 298 | F14: 204 | G14: 4 | H14: 166 | I14: 155 | J14: 8 | K14: 5 | L14: 0 | M14: 4 | N14: 16 | O14: 0 | P14: 11 | Q14: 5 | R14: 0 | S14: 11 | T14: 4 | U14: 0 | V14: 15 | W14: 0 | X14: 0 | Y14: 30 | Z14: 5 | AA14: 0 | AB14: 0 | AC14: 0 | AD14: 0 | AE14: 44 | AF14: 5 | AG14: 0 | AH14: 9 | AI14: 9 | AJ14: 4
B15: 原住民 | C15: Indigenous | D15: 3 | E15: 0 | F15: 3 | G15: 0 | H15: 0 | I15: 3 | J15: 0 | K15: 0 | L15: 0 | M15: 0 | N15: 0 | O15: 0 | P15: 0 | Q15: 0 | R15: 0 | S15: 0 | T15: 0 | U15: 0 | V15: 0 | W15: 0 | X15: 0 | Y15: 0 | Z15: 0 | AA15: 0 | AB15: 0 | AC15: 0 | AD15: 0 | AE15: 0 | AF15: 0 | AG15: 0 | AH15: 0 | AI15: 0 | AJ15: 0
A16: 桃園市 | B16: 計 | C16: Total | D16: 555 | E16: 362 | F16: 188 | G16: 5 | H16: 162 | I16: 114 | J16: 12 | K16: 5 | L16: 0 | M16: 5 | N16: 5 | O16: 0 | P16: 18 | Q16: 8 | R16: 0 | S16: 10 | T16: 2 | U16: 0 | V16: 0 | W16: 0 | X16: 0 | Y16: 13 | Z16: 4 | AA16: 0 | AB16: 0 | AC16: 1 | AD16: 0 | AE16: 90 | AF16: 29 | AG16: 1 | AH16: 52 | AI16: 20 | AJ16: 4
A17: Taoyuan City | B17: 一般 | C17: General | D17: 504 | E17: 329 | F17: 170 | G17: 5 | H17: 142 | I17: 106 | J17: 10 | K17: 4 | L17: 0 | M17: 4 | N17: 5 | O17: 0 | P17: 14 | Q17: 7 | R17: 0 | S17: 10 | T17: 2 | U17: 0 | V17: 0 | W17: 0 | X17: 0 | Y17: 13 | Z17: 4 | AA17: 0 | AB17: 0 | AC17: 1 | AD17: 0 | AE17: 88 | AF17: 21 | AG17: 1 | AH17: 48 | AI17: 20 | AJ17: 4
B18: 原住民 | C18: Indigenous | D18: 51 | E18: 33 | F18: 18 | G18: 0 | H18: 20 | I18: 8 | J18: 2 | K18: 1 | L18: 0 | M18: 1 | N18: 0 | O18: 0 | P18: 4 | Q18: 1 | R18: 0 | S18: 0 | T18: 0 | U18: 0 | V18: 0 | W18: 0 | X18: 0 | Y18: 0 | Z18: 0 | AA18: 0 | AB18: 0 | AC18: 0 | AD18: 0 | AE18: 2 | AF18: 8 | AG18: 0 | AH18: 4 | AI18: 0 | AJ18: 0
A19: 臺中市 | B19: 計 | C19: Total | D19: 615 | E19: 412 | F19: 192 | G19: 11 | H19: 228 | I19: 157 | J19: 11 | K19: 2 | L19: 0 | M19: 14 | N19: 10 | O19: 0 | P19: 19 | Q19: 3 | R19: 0 | S19: 13 | T19: 3 | U19: 0 | V19: 6 | W19: 0 | X19: 0 | Y19: 8 | Z19: 0 | AA19: 0 | AB19: 0 | AC19: 0 | AD19: 0 | AE19: 84 | AF19: 8 | AG19: 0 | AH19: 29 | AI19: 9 | AJ19: 11
A20: Taichung City | B20: 一般 | C20: General | D20: 577 | E20: 381 | F20: 185 | G20: 11 | H20: 222 | I20: 150 | J20: 10 | K20: 2 | L20: 0 | M20: 14 | N20: 10 | O20: 0 | P20: 19 | Q20: 3 | R20: 0 | S20: 13 | T20: 3 | U20: 0 | V20: 6 | W20: 0 | X20: 0 | Y20: 8 | Z20: 0 | AA20: 0 | AB20: 0 | AC20: 0 | AD20: 0 | AE20: 60 | AF20: 8 | AG20: 0 | AH20: 29 | AI20: 9 | AJ20: 11
B21: 原住民 | C21: Indigenous | D21: 38 | E21: 31 | F21: 7 | G21: 0 | H21: 6 | I21: 7 | J21: 1 | K21: 0 | L21: 0 | M21: 0 | N21: 0 | O21: 0 | P21: 0 | Q21: 0 | R21: 0 | S21: 0 | T21: 0 | U21: 0 | V21: 0 | W21: 0 | X21: 0 | Y21: 0 | Z21: 0 | AA21: 0 | AB21: 0 | AC21: 0 | AD21: 0 | AE21: 24 | AF21: 0 | AG21: 0 | AH21: 0 | AI21: 0 | AJ21: 0
A22: 臺南市 | B22: 計 | C22: Total | D22: 273 | E22: 159 | F22: 113 | G22: 1 | H22: 81 | I22: 92 | J22: 1 | K22: 1 | L22: 0 | M22: 1 | N22: 6 | O22: 0 | P22: 5 | Q22: 3 | R22: 0 | S22: 13 | T22: 6 | U22: 1 | V22: 3 | W22: 0 | X22: 0 | Y22: 3 | Z22: 0 | AA22: 0 | AB22: 1 | AC22: 1 | AD22: 0 | AE22: 46 | AF22: 1 | AG22: 0 | AH22: 5 | AI22: 3 | AJ22: 0
A23: Tainan City | B23: 一般 | C23: General | D23: 258 | E23: 146 | F23: 111 | G23: 1 | H23: 71 | I23: 90 | J23: 1 | K23: 1 | L23: 0 | M23: 1 | N23: 6 | O23: 0 | P23: 3 | Q23: 3 | R23: 0 | S23: 12 | T23: 6 | U23: 1 | V23: 3 | W23: 0 | X23: 0 | Y23: 3 | Z23: 0 | AA23: 0 | AB23: 1 | AC23: 1 | AD23: 0 | AE23: 46 | AF23: 1 | AG23: 0 | AH23: 5 | AI23: 3 | AJ23: 0
B24: 原住民 | C24: Indigenous | D24: 15 | E24: 13 | F24: 2 | G24: 0 | H24: 10 | I24: 2 | J24: 0 | K24: 0 | L24: 0 | M24: 0 | N24: 0 | O24: 0 | P24: 2 | Q24: 0 | R24: 0 | S24: 1 | T24: 0 | U24: 0 | V24: 0 | W24: 0 | X24: 0 | Y24: 0 | Z24: 0 | AA24: 0 | AB24: 0 | AC24: 0 | AD24: 0 | AE24: 0 | AF24: 0 | AG24: 0 | AH24: 0 | AI24: 0 | AJ24: 0
A25: 高雄市 | B25: 計 | C25: Total | D25: 579 | E25: 366 | F25: 202 | G25: 11 | H25: 181 | I25: 162 | J25: 11 | K25: 1 | L25: 0 | M25: 7 | N25: 9 | O25: 0 | P25: 16 | Q25: 4 | R25: 0 | S25: 20 | T25: 4 | U25: 0 | V25: 3 | W25: 0 | X25: 0 | Y25: 5 | Z25: 3 | AA25: 0 | AB25: 0 | AC25: 1 | AD25: 0 | AE25: 75 | AF25: 14 | AG25: 0 | AH25: 48 | AI25: 4 | AJ25: 11
A26: Kaohsiung City | B26: 一般 | C26: General | D26: 559 | E26: 354 | F26: 194 | G26: 11 | H26: 177 | I26: 155 | J26: 10 | K26: 0 | L26: 0 | M26: 7 | N26: 9 | O26: 0 | P26: 14 | Q26: 4 | R26: 0 | S26: 20 | T26: 4 | U26: 0 | V26: 3 | W26: 0 | X26: 0 | Y26: 5 | Z26: 3 | AA26: 0 | AB26: 0 | AC26: 1 | AD26: 0 | AE26: 74 | AF26: 14 | AG26: 0 | AH26: 44 | AI26: 4 | AJ26: 11
B27: 原住民 | C27: Indigenous | D27: 20 | E27: 12 | F27: 8 | G27: 0 | H27: 4 | I27: 7 | J27: 1 | K27: 1 | L27: 0 | M27: 0 | N27: 0 | O27: 0 | P27: 2 | Q27: 0 | R27: 0 | S27: 0 | T27: 0 | U27: 0 | V27: 0 | W27: 0 | X27: 0 | Y27: 0 | Z27: 0 | AA27: 0 | AB27: 0 | AC27: 0 | AD27: 0 | AE27: 1 | AF27: 0 | AG27: 0 | AH27: 4 | AI27: 0 | AJ27: 0
A28: 宜蘭縣 | B28: 計 | C28: Total | D28: 47 | E28: 30 | F28: 17 | G28: 0 | H28: 7 | I28: 12 | J28: 2 | K28: 0 | L28: 0 | M28: 0 | N28: 0 | O28: 0 | P28: 0 | Q28: 1 | R28: 0 | S28: 4 | T28: 0 | U28: 0 | V28: 0 | W28: 0 | X28: 0 | Y28: 0 | Z28: 0 | AA28: 0 | AB28: 0 | AC28: 0 | AD28: 0 | AE28: 15 | AF28: 4 | AG28: 0 | AH28: 2 | AI28: 0 | AJ28: 0
A29: Yilan County | B29: 一般 | C29: General | D29: 46 | E29: 29 | F29: 17 | G29: 0 | H29: 7 | I29: 12 | J29: 2 | K29: 0 | L29: 0 | M29: 0 | N29: 0 | O29: 0 | P29: 0 | Q29: 1 | R29: 0 | S29: 4 | T29: 0 | U29: 0 | V29: 0 | W29: 0 | X29: 0 | Y29: 0 | Z29: 0 | AA29: 0 | AB29: 0 | AC29: 0 | AD29: 0 | AE29: 14 | AF29: 4 | AG29: 0 | AH29: 2 | AI29: 0 | AJ29: 0
B30: 原住民 | C30: Indigenous | D30: 1 | E30: 1 | F30: 0 | G30: 0 | H30: 0 | I30: 0 | J30: 0 | K30: 0 | L30: 0 | M30: 0 | N30: 0 | O30: 0 | P30: 0 | Q30: 0 | R30: 0 | S30: 0 | T30: 0 | U30: 0 | V30: 0 | W30: 0 | X30: 0 | Y30: 0 | Z30: 0 | AA30: 0 | AB30: 0 | AC30: 0 | AD30: 0 | AE30: 1 | AF30: 0 | AG30: 0 | AH30: 0 | AI30: 0 | AJ30: 0
A31: 新竹縣 | B31: 計 | C31: Total | D31: 195 | E31: 113 | F31: 81 | G31: 1 | H31: 60 | I31: 70 | J31: 7 | K31: 3 | L31: 0 | M31: 3 | N31: 5 | O31: 0 | P31: 3 | Q31: 2 | R31: 0 | S31: 9 | T31: 0 | U31: 0 | V31: 1 | W31: 0 | X31: 0 | Y31: 6 | Z31: 0 | AA31: 0 | AB31: 0 | AC31: 0 | AD31: 0 | AE31: 16 | AF31: 1 | AG31: 0 | AH31: 8 | AI31: 0 | AJ31: 1
A32: Hsinchu County | B32: 一般 | C32: General | D32: 166 | E32: 98 | F32: 67 | G32: 1 | H32: 56 | I32: 58 | J32: 6 | K32: 3 | L32: 0 | M32: 1 | N32: 4 | O32: 0 | P32: 2 | Q32: 2 | R32: 0 | S32: 3 | T32: 0 | U32: 0 | V32: 1 | W32: 0 | X32: 0 | Y32: 5 | Z32: 0 | AA32: 0 | AB32: 0 | AC32: 0 | AD32: 0 | AE32: 16 | AF32: 0 | AG32: 0 | AH32: 8 | AI32: 0 | AJ32: 1
B33: 原住民 | C33: Indigenous | D33: 29 | E33: 15 | F33: 14 | G33: 0 | H33: 4 | I33: 12 | J33: 1 | K33: 0 | L33: 0 | M33: 2 | N33: 1 | O33: 0 | P33: 1 | Q33: 0 | R33: 0 | S33: 6 | T33: 0 | U33: 0 | V33: 0 | W33: 0 | X33: 0 | Y33: 1 | Z33: 0 | AA33: 0 | AB33: 0 | AC33: 0 | AD33: 0 | AE33: 0 | AF33: 1 | AG33: 0 | AH33: 0 | AI33: 0 | AJ33: 0
A34: 苗栗縣 | B34: 計 | C34: Total | D34: 81 | E34: 67 | F34: 14 | G34: 0 | H34: 29 | I34: 11 | J34: 3 | K34: 0 | L34: 0 | M34: 0 | N34: 0 | O34: 0 | P34: 7 | Q34: 1 | R34: 0 | S34: 5 | T34: 0 | U34: 0 | V34: 1 | W34: 0 | X34: 0 | Y34: 3 | Z34: 0 | AA34: 0 | AB34: 0 | AC34: 0 | AD34: 0 | AE34: 19 | AF34: 2 | AG34: 0 | AH34: 0 | AI34: 0 | AJ34: 0
A35: Miaoli County | B35: 一般 | C35: General | D35: 79 | E35: 65 | F35: 14 | G35: 0 | H35: 27 | I35: 11 | J35: 3 | K35: 0 | L35: 0 | M35: 0 | N35: 0 | O35: 0 | P35: 7 | Q35: 1 | R35: 0 | S35: 5 | T35: 0 | U35: 0 | V35: 1 | W35: 0 | X35: 0 | Y35: 3 | Z35: 0 | AA35: 0 | AB35: 0 | AC35: 0 | AD35: 0 | AE35: 19 | AF35: 2 | AG35: 0 | AH35: 0 | AI35: 0 | AJ35: 0
B36: 原住民 | C36: Indigenous | D36: 2 | E36: 2 | F36: 0 | G36: 0 | H36: 2 | I36: 0 | J36: 0 | K36: 0 | L36: 0 | M36: 0 | N36: 0 | O36: 0 | P36: 0 | Q36: 0 | R36: 0 | S36: 0 | T36: 0 | U36: 0 | V36: 0 | W36: 0 | X36: 0 | Y36: 0 | Z36: 0 | AA36: 0 | AB36: 0 | AC36: 0 | AD36: 0 | AE36: 0 | AF36: 0 | AG36: 0 | AH36: 0 | AI36: 0 | AJ36: 0
A37: 彰化縣 | B37: 計 | C37: Total | D37: 260 | E37: 107 | F37: 153 | G37: 0 | H37: 59 | I37: 99 | J37: 11 | K37: 5 | L37: 0 | M37: 5 | N37: 5 | O37: 0 | P37: 4 | Q37: 2 | R37: 0 | S37: 6 | T37: 2 | U37: 0 | V37: 0 | W37: 0 | X37: 0 | Y37: 3 | Z37: 0 | AA37: 0 | AB37: 0 | AC37: 0 | AD37: 0 | AE37: 19 | AF37: 27 | AG37: 0 | AH37: 0 | AI37: 13 | AJ37: 0
A38: Changhua County | B38: 一般 | C38: General | D38: 242 | E38: 103 | F38: 139 | G38: 0 | H38: 57 | I38: 87 | J38: 11 | K38: 5 | L38: 0 | M38: 4 | N38: 4 | O38: 0 | P38: 3 | Q38: 1 | R38: 0 | S38: 6 | T38: 2 | U38: 0 | V38: 0 | W38: 0 | X38: 0 | Y38: 3 | Z38: 0 | AA38: 0 | AB38: 0 | AC38: 0 | AD38: 0 | AE38: 19 | AF38: 27 | AG38: 0 | AH38: 0 | AI38: 13 | AJ38: 0
B39: 原住民 | C39: Indigenous | D39: 18 | E39: 4 | F39: 14 | G39: 0 | H39: 2 | I39: 12 | J39: 0 | K39: 0 | L39: 0 | M39: 1 | N39: 1 | O39: 0 | P39: 1 | Q39: 1 | R39: 0 | S39: 0 | T39: 0 | U39: 0 | V39: 0 | W39: 0 | X39: 0 | Y39: 0 | Z39: 0 | AA39: 0 | AB39: 0 | AC39: 0 | AD39: 0 | AE39: 0 | AF39: 0 | AG39: 0 | AH39: 0 | AI39: 0 | AJ39: 0
A40: 南投縣 | B40: 計 | C40: Total | D40: 100 | E40: 67 | F40: 32 | G40: 1 | H40: 32 | I40: 29 | J40: 1 | K40: 0 | L40: 0 | M40: 1 | N40: 1 | O40: 0 | P40: 4 | Q40: 0 | R40: 0 | S40: 0 | T40: 0 | U40: 0 | V40: 0 | W40: 0 | X40: 0 | Y40: 0 | Z40: 0 | AA40: 0 | AB40: 0 | AC40: 0 | AD40: 0 | AE40: 12 | AF40: 1 | AG40: 1 | AH40: 17 | AI40: 1 | AJ40: 0
A41: Nantou County | B41: 一般 | C41: General | D41: 89 | E41: 58 | F41: 30 | G41: 1 | H41: 30 | I41: 27 | J41: 1 | K41: 0 | L41: 0 | M41: 1 | N41: 1 | O41: 0 | P41: 3 | Q41: 0 | R41: 0 | S41: 0 | T41: 0 | U41: 0 | V41: 0 | W41: 0 | X41: 0 | Y41: 0 | Z41: 0 | AA41: 0 | AB41: 0 | AC41: 0 | AD41: 0 | AE41: 11 | AF41: 1 | AG41: 1 | AH41: 12 | AI41: 1 | AJ41: 0
B42: 原住民 | C42: Indigenous | D42: 11 | E42: 9 | F42: 2 | G42: 0 | H42: 2 | I42: 2 | J42: 0 | K42: 0 | L42: 0 | M42: 0 | N42: 0 | O42: 0 | P42: 1 | Q42: 0 | R42: 0 | S42: 0 | T42: 0 | U42: 0 | V42: 0 | W42: 0 | X42: 0 | Y42: 0 | Z42: 0 | AA42: 0 | AB42: 0 | AC42: 0 | AD42: 0 | AE42: 1 | AF42: 0 | AG42: 0 | AH42: 5 | AI42: 0 | AJ42: 0
A43: 雲林縣 | B43: 計 | C43: Total | D43: 128 | E43: 84 | F43: 44 | G43: 0 | H43: 34 | I43: 32 | J43: 3 | K43: 0 | L43: 0 | M43: 1 | N43: 3 | O43: 0 | P43: 7 | Q43: 1 | R43: 0 | S43: 2 | T43: 0 | U43: 0 | V43: 1 | W43: 0 | X43: 0 | Y43: 8 | Z43: 2 | AA43: 0 | AB43: 0 | AC43: 0 | AD43: 0 | AE43: 25 | AF43: 4 | AG43: 0 | AH43: 3 | AI43: 2 | AJ43: 0
A44: Yunlin County | B44: 一般 | C44: General | D44: 123 | E44: 83 | F44: 40 | G44: 0 | H44: 34 | I44: 28 | J44: 2 | K44: 0 | L44: 0 | M44: 1 | N44: 3 | O44: 0 | P44: 7 | Q44: 1 | R44: 0 | S44: 2 | T44: 0 | U44: 0 | V44: 1 | W44: 0 | X44: 0 | Y44: 8 | Z44: 2 | AA44: 0 | AB44: 0 | AC44: 0 | AD44: 0 | AE44: 25 | AF44: 4 | AG44: 0 | AH44: 3 | AI44: 2 | AJ44: 0
B45: 原住民 | C45: Indigenous | D45: 5 | E45: 1 | F45: 4 | G45: 0 | H45: 0 | I45: 4 | J45: 1 | K45: 0 | L45: 0 | M45: 0 | N45: 0 | O45: 0 | P45: 0 | Q45: 0 | R45: 0 | S45: 0 | T45: 0 | U45: 0 | V45: 0 | W45: 0 | X45: 0 | Y45: 0 | Z45: 0 | AA45: 0 | AB45: 0 | AC45: 0 | AD45: 0 | AE45: 0 | AF45: 0 | AG45: 0 | AH45: 0 | AI45: 0 | AJ45: 0
A46: 嘉義縣 | B46: 計 | C46: Total | D46: 82 | E46: 50 | F46: 32 | G46: 0 | H46: 24 | I46: 21 | J46: 0 | K46: 0 | L46: 0 | M46: 1 | N46: 5 | O46: 0 | P46: 1 | Q46: 3 | R46: 0 | S46: 0 | T46: 0 | U46: 0 | V46: 4 | W46: 0 | X46: 0 | Y46: 3 | Z46: 1 | AA46: 0 | AB46: 0 | AC46: 0 | AD46: 0 | AE46: 17 | AF46: 2 | AG46: 0 | AH46: 0 | AI46: 0 | AJ46: 0
A47: Chiayi County | B47: 一般 | C47: General | D47: 74 | E47: 49 | F47: 25 | G47: 0 | H47: 24 | I47: 19 | J47: 0 | K47: 0 | L47: 0 | M47: 1 | N47: 2 | O47: 0 | P47: 1 | Q47: 1 | R47: 0 | S47: 0 | T47: 0 | U47: 0 | V47: 4 | W47: 0 | X47: 0 | Y47: 2 | Z47: 1 | AA47: 0 | AB47: 0 | AC47: 0 | AD47: 0 | AE47: 17 | AF47: 2 | AG47: 0 | AH47: 0 | AI47: 0 | AJ47: 0
B48: 原住民 | C48: Indigenous | D48: 8 | E48: 1 | F48: 7 | G48: 0 | H48: 0 | I48: 2 | J48: 0 | K48: 0 | L48: 0 | M48: 0 | N48: 3 | O48: 0 | P48: 0 | Q48: 2 | R48: 0 | S48: 0 | T48: 0 | U48: 0 | V48: 0 | W48: 0 | X48: 0 | Y48: 1 | Z48: 0 | AA48: 0 | AB48: 0 | AC48: 0 | AD48: 0 | AE48: 0 | AF48: 0 | AG48: 0 | AH48: 0 | AI48: 0 | AJ48: 0
A49: 屏東縣 | B49: 計 | C49: Total | D49: 161 | E49: 109 | F49: 51 | G49: 1 | H49: 63 | I49: 46 | J49: 5 | K49: 0 | L49: 0 | M49: 3 | N49: 2 | O49: 0 | P49: 6 | Q49: 1 | R49: 0 | S49: 4 | T49: 1 | U49: 0 | V49: 1 | W49: 0 | X49: 0 | Y49: 0 | Z49: 0 | AA49: 0 | AB49: 0 | AC49: 0 | AD49: 0 | AE49: 19 | AF49: 1 | AG49: 0 | AH49: 8 | AI49: 0 | AJ49: 1
A50: Pingtung County | B50: 一般 | C50: General | D50: 146 | E50: 101 | F50: 44 | G50: 1 | H50: 58 | I50: 41 | J50: 5 | K50: 0 | L50: 0 | M50: 3 | N50: 2 | O50: 0 | P50: 4 | Q50: 0 | R50: 0 | S50: 4 | T50: 0 | U50: 0 | V50: 1 | W50: 0 | X50: 0 | Y50: 0 | Z50: 0 | AA50: 0 | AB50: 0 | AC50: 0 | AD50: 0 | AE50: 19 | AF50: 1 | AG50: 0 | AH50: 7 | AI50: 0 | AJ50: 1
B51: 原住民 | C51: Indigenous | D51: 15 | E51: 8 | F51: 7 | G51: 0 | H51: 5 | I51: 5 | J51: 0 | K51: 0 | L51: 0 | M51: 0 | N51: 0 | O51: 0 | P51: 2 | Q51: 1 | R51: 0 | S51: 0 | T51: 1 | U51: 0 | V51: 0 | W51: 0 | X51: 0 | Y51: 0 | Z51: 0 | AA51: 0 | AB51: 0 | AC51: 0 | AD51: 0 | AE51: 0 | AF51: 0 | AG51: 0 | AH51: 1 | AI51: 0 | AJ51: 0
A52: 臺東縣 | B52: 計 | C52: Total | D52: 39 | E52: 29 | F52: 10 | G52: 0 | H52: 7 | I52: 9 | J52: 4 | K52: 1 | L52: 0 | M52: 1 | N52: 0 | O52: 0 | P52: 1 | Q52: 0 | R52: 0 | S52: 0 | T52: 0 | U52: 0 | V52: 1 | W52: 0 | X52: 0 | Y52: 1 | Z52: 0 | AA52: 0 | AB52: 0 | AC52: 0 | AD52: 0 | AE52: 7 | AF52: 0 | AG52: 0 | AH52: 7 | AI52: 0 | AJ52: 0
A53: Taitung County | B53: 一般 | C53: General | D53: 18 | E53: 15 | F53: 3 | G53: 0 | H53: 3 | I53: 3 | J53: 2 | K53: 0 | L53: 0 | M53: 0 | N53: 0 | O53: 0 | P53: 0 | Q53: 0 | R53: 0 | S53: 0 | T53: 0 | U53: 0 | V53: 1 | W53: 0 | X53: 0 | Y53: 0 | Z53: 0 | AA53: 0 | AB53: 0 | AC53: 0 | AD53: 0 | AE53: 5 | AF53: 0 | AG53: 0 | AH53: 4 | AI53: 0 | AJ53: 0
B54: 原住民 | C54: Indigenous | D54: 21 | E54: 14 | F54: 7 | G54: 0 | H54: 4 | I54: 6 | J54: 2 | K54: 1 | L54: 0 | M54: 1 | N54: 0 | O54: 0 | P54: 1 | Q54: 0 | R54: 0 | S54: 0 | T54: 0 | U54: 0 | V54: 0 | W54: 0 | X54: 0 | Y54: 1 | Z54: 0 | AA54: 0 | AB54: 0 | AC54: 0 | AD54: 0 | AE54: 2 | AF54: 0 | AG54: 0 | AH54: 3 | AI54: 0 | AJ54: 0
A55: 花蓮縣 | B55: 計 | C55: Total | D55: 136 | E55: 92 | F55: 44 | G55: 0 | H55: 45 | I55: 33 | J55: 4 | K55: 1 | L55: 0 | M55: 0 | N55: 7 | O55: 0 | P55: 5 | Q55: 0 | R55: 0 | S55: 6 | T55: 2 | U55: 0 | V55: 0 | W55: 0 | X55: 0 | Y55: 1 | Z55: 0 | AA55: 0 | AB55: 0 | AC55: 0 | AD55: 0 | AE55: 31 | AF55: 1 | AG55: 0 | AH55: 0 | AI55: 0 | AJ55: 0
A56: Hualien County | B56: 一般 | C56: General | D56: 63 | E56: 48 | F56: 15 | G56: 0 | H56: 17 | I56: 14 | J56: 0 | K56: 0 | L56: 0 | M56: 0 | N56: 0 | O56: 0 | P56: 2 | Q56: 0 | R56: 0 | S56: 6 | T56: 1 | U56: 0 | V56: 0 | W56: 0 | X56: 0 | Y56: 1 | Z56: 0 | AA56: 0 | AB56: 0 | AC56: 0 | AD56: 0 | AE56: 22 | AF56: 0 | AG56: 0 | AH56: 0 | AI56: 0 | AJ56: 0
B57: 原住民 | C57: Indigenous | D57: 73 | E57: 44 | F57: 29 | G57: 0 | H57: 28 | I57: 19 | J57: 4 | K57: 1 | L57: 0 | M57: 0 | N57: 7 | O57: 0 | P57: 3 | Q57: 0 | R57: 0 | S57: 0 | T57: 1 | U57: 0 | V57: 0 | W57: 0 | X57: 0 | Y57: 0 | Z57: 0 | AA57: 0 | AB57: 0 | AC57: 0 | AD57: 0 | AE57: 9 | AF57: 1 | AG57: 0 | AH57: 0 | AI57: 0 | AJ57: 0
A58: 澎湖縣 | B58: 計 | C58: Total | D58: 6 | E58: 4 | F58: 2 | G58: 0 | H58: 0 | I58: 2 | J58: 0 | K58: 0 | L58: 0 | M58: 0 | N58: 0 | O58: 0 | P58: 0 | Q58: 0 | R58: 0 | S58: 0 | T58: 0 | U58: 0 | V58: 0 | W58: 0 | X58: 0 | Y58: 1 | Z58: 0 | AA58: 0 | AB58: 0 | AC58: 0 | AD58: 0 | AE58: 3 | AF58: 0 | AG58: 0 | AH58: 0 | AI58: 0 | AJ58: 0
A59: Penghu County | B59: 一般 | C59: General | D59: 6 | E59: 4 | F59: 2 | G59: 0 | H59: 0 | I59: 2 | J59: 0 | K59: 0 | L59: 0 | M59: 0 | N59: 0 | O59: 0 | P59: 0 | Q59: 0 | R59: 0 | S59: 0 | T59: 0 | U59: 0 | V59: 0 | W59: 0 | X59: 0 | Y59: 1 | Z59: 0 | AA59: 0 | AB59: 0 | AC59: 0 | AD59: 0 | AE59: 3 | AF59: 0 | AG59: 0 | AH59: 0 | AI59: 0 | AJ59: 0
B60: 原住民 | C60: Indigenous | D60: 0 | E60: 0 | F60: 0 | G60: 0 | H60: 0 | I60: 0 | J60: 0 | K60: 0 | L60: 0 | M60: 0 | N60: 0 | O60: 0 | P60: 0 | Q60: 0 | R60: 0 | S60: 0 | T60: 0 | U60: 0 | V60: 0 | W60: 0 | X60: 0 | Y60: 0 | Z60: 0 | AA60: 0 | AB60: 0 | AC60: 0 | AD60: 0 | AE60: 0 | AF60: 0 | AG60: 0 | AH60: 0 | AI60: 0 | AJ60: 0
A61: 基隆市 | B61: 計 | C61: Total | D61: 62 | E61: 41 | F61: 21 | G61: 0 | H61: 19 | I61: 17 | J61: 0 | K61: 0 | L61: 0 | M61: 1 | N61: 2 | O61: 0 | P61: 4 | Q61: 1 | R61: 0 | S61: 1 | T61: 0 | U61: 0 | V61: 1 | W61: 0 | X61: 0 | Y61: 3 | Z61: 0 | AA61: 0 | AB61: 0 | AC61: 0 | AD61: 0 | AE61: 10 | AF61: 0 | AG61: 0 | AH61: 2 | AI61: 1 | AJ61: 0
A62: Keelung City | B62: 一般 | C62: General | D62: 57 | E62: 37 | F62: 20 | G62: 0 | H62: 17 | I62: 16 | J62: 0 | K62: 0 | L62: 0 | M62: 1 | N62: 2 | O62: 0 | P62: 3 | Q62: 1 | R62: 0 | S62: 1 | T62: 0 | U62: 0 | V62: 1 | W62: 0 | X62: 0 | Y62: 3 | Z62: 0 | AA62: 0 | AB62: 0 | AC62: 0 | AD62: 0 | AE62: 9 | AF62: 0 | AG62: 0 | AH62: 2 | AI62: 1 | AJ62: 0
B63: 原住民 | C63: Indigenous | D63: 5 | E63: 4 | F63: 1 | G63: 0 | H63: 2 | I63: 1 | J63: 0 | K63: 0 | L63: 0 | M63: 0 | N63: 0 | O63: 0 | P63: 1 | Q63: 0 | R63: 0 | S63: 0 | T63: 0 | U63: 0 | V63: 0 | W63: 0 | X63: 0 | Y63: 0 | Z63: 0 | AA63: 0 | AB63: 0 | AC63: 0 | AD63: 0 | AE63: 1 | AF63: 0 | AG63: 0 | AH63: 0 | AI63: 0 | AJ63: 0
A64: 新竹市 | B64: 計 | C64: Total | D64: 103 | E64: 55 | F64: 46 | G64: 2 | H64: 29 | I64: 32 | J64: 1 | K64: 1 | L64: 0 | M64: 0 | N64: 1 | O64: 0 | P64: 0 | Q64: 0 | R64: 0 | S64: 2 | T64: 0 | U64: 0 | V64: 0 | W64: 0 | X64: 0 | Y64: 1 | Z64: 1 | AA64: 0 | AB64: 0 | AC64: 0 | AD64: 0 | AE64: 12 | AF64: 2 | AG64: 0 | AH64: 10 | AI64: 9 | AJ64: 2
A65: Hsinchu City | B65: 一般 | C65: General | D65: 102 | E65: 54 | F65: 46 | G65: 2 | H65: 29 | I65: 32 | J65: 1 | K65: 1 | L65: 0 | M65: 0 | N65: 1 | O65: 0 | P65: 0 | Q65: 0 | R65: 0 | S65: 2 | T65: 0 | U65: 0 | V65: 0 | W65: 0 | X65: 0 | Y65: 1 | Z65: 1 | AA65: 0 | AB65: 0 | AC65: 0 | AD65: 0 | AE65: 12 | AF65: 2 | AG65: 0 | AH65: 9 | AI65: 9 | AJ65: 2
B66: 原住民 | C66: Indigenous | D66: 1 | E66: 1 | F66: 0 | G66: 0 | H66: 0 | I66: 0 | J66: 0 | K66: 0 | L66: 0 | M66: 0 | N66: 0 | O66: 0 | P66: 0 | Q66: 0 | R66: 0 | S66: 0 | T66: 0 | U66: 0 | V66: 0 | W66: 0 | X66: 0 | Y66: 0 | Z66: 0 | AA66: 0 | AB66: 0 | AC66: 0 | AD66: 0 | AE66: 0 | AF66: 0 | AG66: 0 | AH66: 1 | AI66: 0 | AJ66: 0
A67: 嘉義市 | B67: 計 | C67: Total | D67: 68 | E67: 35 | F67: 32 | G67: 1 | H67: 9 | I67: 14 | J67: 0 | K67: 0 | L67: 0 | M67: 2 | N67: 0 | O67: 0 | P67: 3 | Q67: 0 | R67: 0 | S67: 2 | T67: 0 | U67: 0 | V67: 1 | W67: 0 | X67: 0 | Y67: 0 | Z67: 0 | AA67: 0 | AB67: 0 | AC67: 0 | AD67: 0 | AE67: 4 | AF67: 1 | AG67: 0 | AH67: 14 | AI67: 17 | AJ67: 1
A68: Chiayi City | B68: 一般 | C68: General | D68: 68 | E68: 35 | F68: 32 | G68: 1 | H68: 9 | I68: 14 | J68: 0 | K68: 0 | L68: 0 | M68: 2 | N68: 0 | O68: 0 | P68: 3 | Q68: 0 | R68: 0 | S68: 2 | T68: 0 | U68: 0 | V68: 1 | W68: 0 | X68: 0 | Y68: 0 | Z68: 0 | AA68: 0 | AB68: 0 | AC68: 0 | AD68: 0 | AE68: 4 | AF68: 1 | AG68: 0 | AH68: 14 | AI68: 17 | AJ68: 1
B69: 原住民 | C69: Indigenous | D69: 0 | E69: 0 | F69: 0 | G69: 0 | H69: 0 | I69: 0 | J69: 0 | K69: 0 | L69: 0 | M69: 0 | N69: 0 | O69: 0 | P69: 0 | Q69: 0 | R69: 0 | S69: 0 | T69: 0 | U69: 0 | V69: 0 | W69: 0 | X69: 0 | Y69: 0 | Z69: 0 | AA69: 0 | AB69: 0 | AC69: 0 | AD69: 0 | AE69: 0 | AF69: 0 | AG69: 0 | AH69: 0 | AI69: 0 | AJ69: 0
A70: 金門縣 | B70: 計 | C70: Total | D70: 26 | E70: 14 | F70: 12 | G70: 0 | H70: 5 | I70: 12 | J70: 1 | K70: 0 | L70: 0 | M70: 1 | N70: 0 | O70: 0 | P70: 0 | Q70: 0 | R70: 0 | S70: 0 | T70: 0 | U70: 0 | V70: 0 | W70: 0 | X70: 0 | Y70: 2 | Z70: 0 | AA70: 0 | AB70: 0 | AC70: 0 | AD70: 0 | AE70: 0 | AF70: 0 | AG70: 0 | AH70: 5 | AI70: 0 | AJ70: 0
A71: Kinmen County | B71: 一般 | C71: General | D71: 25 | E71: 13 | F71: 12 | G71: 0 | H71: 5 | I71: 12 | J71: 1 | K71: 0 | L71: 0 | M71: 1 | N71: 0 | O71: 0 | P71: 0 | Q71: 0 | R71: 0 | S71: 0 | T71: 0 | U71: 0 | V71: 0 | W71: 0 | X71: 0 | Y71: 2 | Z71: 0 | AA71: 0 | AB71: 0 | AC71: 0 | AD71: 0 | AE71: 0 | AF71: 0 | AG71: 0 | AH71: 4 | AI71: 0 | AJ71: 0
B72: 原住民 | C72: Indigenous | D72: 1 | E72: 1 | F72: 0 | G72: 0 | H72: 0 | I72: 0 | J72: 0 | K72: 0 | L72: 0 | M72: 0 | N72: 0 | O72: 0 | P72: 0 | Q72: 0 | R72: 0 | S72: 0 | T72: 0 | U72: 0 | V72: 0 | W72: 0 | X72: 0 | Y72: 0 | Z72: 0 | AA72: 0 | AB72: 0 | AC72: 0 | AD72: 0 | AE72: 0 | AF72: 0 | AG72: 0 | AH72: 1 | AI72: 0 | AJ72: 0
A73: 連江縣 | B73: 計 | C73: Total | D73: 6 | E73: 3 | F73: 3 | G73: 0 | H73: 3 | I73: 3 | J73: 0 | K73: 0 | L73: 0 | M73: 0 | N73: 0 | O73: 0 | P73: 0 | Q73: 0 | R73: 0 | S73: 0 | T73: 0 | U73: 0 | V73: 0 | W73: 0 | X73: 0 | Y73: 0 | Z73: 0 | AA73: 0 | AB73: 0 | AC73: 0 | AD73: 0 | AE73: 0 | AF73: 0 | AG73: 0 | AH73: 0 | AI73: 0 | AJ73: 0
A74: Lienchiang County | B74: 一般 | C74: General | D74: 5 | E74: 2 | F74: 3 | G74: 0 | H74: 2 | I74: 3 | J74: 0 | K74: 0 | L74: 0 | M74: 0 | N74: 0 | O74: 0 | P74: 0 | Q74: 0 | R74: 0 | S74: 0 | T74: 0 | U74: 0 | V74: 0 | W74: 0 | X74: 0 | Y74: 0 | Z74: 0 | AA74: 0 | AB74: 0 | AC74: 0 | AD74: 0 | AE74: 0 | AF74: 0 | AG74: 0 | AH74: 0 | AI74: 0 | AJ74: 0
B75: 原住民 | C75: Indigenous | D75: 1 | E75: 1 | F75: 0 | G75: 0 | H75: 1 | I75: 0 | J75: 0 | K75: 0 | L75: 0 | M75: 0 | N75: 0 | O75: 0 | P75: 0 | Q75: 0 | R75: 0 | S75: 0 | T75: 0 | U75: 0 | V75: 0 | W75: 0 | X75: 0 | Y75: 0 | Z75: 0 | AA75: 0 | AB75: 0 | AC75: 0 | AD75: 0 | AE75: 0 | AF75: 0 | AG75: 0 | AH75: 0 | AI75: 0 | AJ75: 0
A76: 資料來源：各直轄市、縣市政府。
A77: Source: County and Government.
A79: 更新日期：2025/03/31

Sheet Jan.-June, 2024
A1: 兒童及少年保護-施虐者身分別分Number of Persons Who Abuse Child and Youth by Identity
A2: 單位：人 Unit : Persons
A3: 民國113年1-6月,Jan.-June, 2024 | D3: =IF(D8=SUM(D11,D14,D17,D20,D23,D26,D29,D32,D35,D38,D41,D44,D47,D50,D53,D56,D59,D62,D65,D68,D71,D74,),"","*") | E3: =IF(E8=SUM(E11,E14,E17,E20,E23,E26,E29,E32,E35,E38,E41,E44,E47,E50,E53,E56,E59,E62,E65,E68,E71,E74,),"","*") | F3: =IF(F8=SUM(F11,F14,F17,F20,F23,F26,F29,F32,F35,F38,F41,F44,F47,F50,F53,F56,F59,F62,F65,F68,F71,F74,),"","*") | G3: =IF(G8=SUM(G11,G14,G17,G20,G23,G26,G29,G32,G35,G38,G41,G44,G47,G50,G53,G56,G59,G62,G65,G68,G71,G74,),"","*") | H3: =IF(H8=SUM(H11,H14,H17,H20,H23,H26,H29,H32,H35,H38,H41,H44,H47,H50,H53,H56,H59,H62,H65,H68,H71,H74,),"","*") | I3: =IF(I8=SUM(I11,I14,I17,I20,I23,I26,I29,I32,I35,I38,I41,I44,I47,I50,I53,I56,I59,I62,I65,I68,I71,I74,),"","*") | J3: =IF(J8=SUM(J11,J14,J17,J20,J23,J26,J29,J32,J35,J38,J41,J44,J47,J50,J53,J56,J59,J62,J65,J68,J71,J74,),"","*") | K3: =IF(K8=SUM(K11,K14,K17,K20,K23,K26,K29,K32,K35,K38,K41,K44,K47,K50,K53,K56,K59,K62,K65,K68,K71,K74,),"","*") | ... AJ3: =IF(AJ8=SUM(AJ11,AJ14,AJ17,AJ20,AJ23,AJ26,AJ29,AJ32,AJ35,AJ38,AJ41,AJ44,AJ47,AJ50,AJ53,AJ56,AJ59,AJ62,AJ65,AJ68,AJ71,AJ74,),"","*")
A4: 區域及特殊族群別 Locality & Ethnos | D4: 總計 Total | H4: (養)父母 Parents (Foster Parents) | J4: 手足 Siblings | M4: (外)祖父母 Grandparents | P4: 其他親屬 Other Relatives | S4: 同居人 Cohabitants | V4: 教師 Teacher | Y4: 同學 Schoolmate | AB4: 保母 Babysitter | AE4: 其他 Others | AH4: 不詳 Unknown
D5: 合計 SubTotal | E5: 男 Male | F5: 女 Female | G5: 不詳 Unknown | H5: 男 Male | I5: 女 Female | J5: 男 Male | K5: 女 Female | L5: 不詳 Unknown | M5: 男 Male | N5: 女 Female | O5: 不詳 Unknown | P5: 男 Male | Q5: 女 Female | R5: 不詳 Unknown | S5: 男 Male | T5: 女 Female | U5: 不詳 Unknown | V5: 男 Male | W5: 女 Female | X5: 不詳 Unknown | Y5: 男 Male | Z5: 女 Female | AA5: 不詳 Unknown | AB5: 男 Male | AC5: 女 Female | AD5: 不詳 Unknown | AE5: 男 Male | AF5: 女 Female | AG5: 不詳 Unknown | AH5: 男 Male | AI5: 女 Female | AJ5: 不詳 Unknown
A7: 總計 | B7: 計 | C7: Total | D7: 5731 | E7: 3896 | F7: 1804 | G7: 31 | H7: 1868 | I7: 1365 | J7: 125 | K7: 32 | L7: 0 | M7: 81 | N7: 99 | O7: 0 | P7: 173 | Q7: 49 | R7: 0 | S7: 177 | T7: 36 | U7: 0 | V7: 48 | W7: 4 | X7: 0 | Y7: 142 | Z7: 32 | AA7: 0 | AB7: 0 | AC7: 9 | AD7: 0 | AE7: 969 | AF7: 137 | AG7: 3 | AH7: 313 | AI7: 41 | AJ7: 28
A8: Total | B8: 一般 | C8: General | D8: 5403 | E8: 3673 | F8: 1700 | G8: 30 | H8: 1769 | I8: 1286 | J8: 116 | K8: 30 | L8: 0 | M8: 75 | N8: 96 | O8: 0 | P8: 143 | Q8: 45 | R8: 0 | S8: 164 | T8: 31 | U8: 0 | V8: 45 | W8: 4 | X8: 0 | Y8: 137 | Z8: 32 | AA8: 0 | AB8: 0 | AC8: 9 | AD8: 0 | AE8: 937 | AF8: 131 | AG8: 3 | AH8: 287 | AI8: 36 | AJ8: 27
B9: 原住民 | C9: Indigenous | D9: 328 | E9: 223 | F9: 104 | G9: 1 | H9: 99 | I9: 79 | J9: 9 | K9: 2 | L9: 0 | M9: 6 | N9: 3 | O9: 0 | P9: 30 | Q9: 4 | R9: 0 | S9: 13 | T9: 5 | U9: 0 | V9: 3 | W9: 0 | X9: 0 | Y9: 5 | Z9: 0 | AA9: 0 | AB9: 0 | AC9: 0 | AD9: 0 | AE9: 32 | AF9: 6 | AG9: 0 | AH9: 26 | AI9: 5 | AJ9: 1
A10: 新北市 | B10: 計 | C10: Total | D10: 1193 | E10: 851 | F10: 332 | G10: 10 | H10: 398 | I10: 255 | J10: 25 | K10: 10 | L10: 0 | M10: 16 | N10: 18 | O10: 0 | P10: 27 | Q10: 8 | R10: 0 | S10: 45 | T10: 6 | U10: 0 | V10: 13 | W10: 0 | X10: 0 | Y10: 24 | Z10: 4 | AA10: 0 | AB10: 0 | AC10: 1 | AD10: 0 | AE10: 244 | AF10: 18 | AG10: 1 | AH10: 59 | AI10: 12 | AJ10: 9
A11: New Taipei City | B11: 一般 | C11: General | D11: 1143 | E11: 820 | F11: 313 | G11: 10 | H11: 386 | I11: 239 | J11: 25 | K11: 10 | L11: 0 | M11: 15 | N11: 18 | O11: 0 | P11: 22 | Q11: 6 | R11: 0 | S11: 41 | T11: 5 | U11: 0 | V11: 13 | W11: 0 | X11: 0 | Y11: 23 | Z11: 4 | AA11: 0 | AB11: 0 | AC11: 1 | AD11: 0 | AE11: 242 | AF11: 18 | AG11: 1 | AH11: 53 | AI11: 12 | AJ11: 9
B12: 原住民 | C12: Indigenous | D12: 50 | E12: 31 | F12: 19 | G12: 0 | H12: 12 | I12: 16 | J12: 0 | K12: 0 | L12: 0 | M12: 1 | N12: 0 | O12: 0 | P12: 5 | Q12: 2 | R12: 0 | S12: 4 | T12: 1 | U12: 0 | V12: 0 | W12: 0 | X12: 0 | Y12: 1 | Z12: 0 | AA12: 0 | AB12: 0 | AC12: 0 | AD12: 0 | AE12: 2 | AF12: 0 | AG12: 0 | AH12: 6 | AI12: 0 | AJ12: 0
A13: 臺北市 | B13: 計 | C13: Total | D13: 565 | E13: 359 | F13: 205 | G13: 1 | H13: 202 | I13: 157 | J13: 16 | K13: 3 | L13: 0 | M13: 4 | N13: 11 | O13: 0 | P13: 14 | Q13: 6 | R13: 0 | S13: 10 | T13: 3 | U13: 0 | V13: 10 | W13: 0 | X13: 0 | Y13: 25 | Z13: 7 | AA13: 0 | AB13: 0 | AC13: 1 | AD13: 0 | AE13: 54 | AF13: 13 | AG13: 0 | AH13: 24 | AI13: 4 | AJ13: 1
A14: Taipei City | B14: 一般 | C14: General | D14: 553 | E14: 352 | F14: 200 | G14: 1 | H14: 196 | I14: 154 | J14: 15 | K14: 3 | L14: 0 | M14: 4 | N14: 10 | O14: 0 | P14: 14 | Q14: 6 | R14: 0 | S14: 10 | T14: 3 | U14: 0 | V14: 10 | W14: 0 | X14: 0 | Y14: 25 | Z14: 7 | AA14: 0 | AB14: 0 | AC14: 1 | AD14: 0 | AE14: 54 | AF14: 12 | AG14: 0 | AH14: 24 | AI14: 4 | AJ14: 1
B15: 原住民 | C15: Indigenous | D15: 12 | E15: 7 | F15: 5 | G15: 0 | H15: 6 | I15: 3 | J15: 1 | K15: 0 | L15: 0 | M15: 0 | N15: 1 | O15: 0 | P15: 0 | Q15: 0 | R15: 0 | S15: 0 | T15: 0 | U15: 0 | V15: 0 | W15: 0 | X15: 0 | Y15: 0 | Z15: 0 | AA15: 0 | AB15: 0 | AC15: 0 | AD15: 0 | AE15: 0 | AF15: 1 | AG15: 0 | AH15: 0 | AI15: 0 | AJ15: 0
A16: 桃園市 | B16: 計 | C16: Total | D16: 484 | E16: 329 | F16: 151 | G16: 4 | H16: 151 | I16: 109 | J16: 6 | K16: 1 | L16: 0 | M16: 5 | N16: 5 | O16: 0 | P16: 18 | Q16: 7 | R16: 0 | S16: 17 | T16: 5 | U16: 0 | V16: 2 | W16: 0 | X16: 0 | Y16: 16 | Z16: 7 | AA16: 0 | AB16: 0 | AC16: 0 | AD16: 0 | AE16: 77 | AF16: 16 | AG16: 1 | AH16: 37 | AI16: 1 | AJ16: 3
A17: Taoyuan City | B17: 一般 | C17: General | D17: 442 | E17: 303 | F17: 135 | G17: 4 | H17: 140 | I17: 99 | J17: 5 | K17: 1 | L17: 0 | M17: 4 | N17: 4 | O17: 0 | P17: 11 | Q17: 6 | R17: 0 | S17: 14 | T17: 3 | U17: 0 | V17: 2 | W17: 0 | X17: 0 | Y17: 16 | Z17: 7 | AA17: 0 | AB17: 0 | AC17: 0 | AD17: 0 | AE17: 75 | AF17: 14 | AG17: 1 | AH17: 36 | AI17: 1 | AJ17: 3
B18: 原住民 | C18: Indigenous | D18: 42 | E18: 26 | F18: 16 | G18: 0 | H18: 11 | I18: 10 | J18: 1 | K18: 0 | L18: 0 | M18: 1 | N18: 1 | O18: 0 | P18: 7 | Q18: 1 | R18: 0 | S18: 3 | T18: 2 | U18: 0 | V18: 0 | W18: 0 | X18: 0 | Y18: 0 | Z18: 0 | AA18: 0 | AB18: 0 | AC18: 0 | AD18: 0 | AE18: 2 | AF18: 2 | AG18: 0 | AH18: 1 | AI18: 0 | AJ18: 0
